2025-01-01,气温(℃),16.4,16.2,15.4,14.8,14.2,14.0,13.7,13.5,14.2,16.0,16.3,17.2,18.1,18.3,18.6,19.7,19.7,18.9,17.7,17.6,17.3,17.5,17.1,16.9
2025-01-01,降水量(mm),0.0,0.0,0.0,0.0,0.0,0.0,0.0,0.0,0.0,0.0,0.0,0.0,0.0,0.0,0.0,0.0,0.0,0.0,0.0,0.0,0.0,0.0,0.0,0.0
2025-01-01,风速(km/h),4.8,6.7,7.4,6.6,5.8,6.1,6.2,5.1,6.3,5.6,5.4,6.2,6.1,6.0,5.4,6.0,6.3,6.5,4.5,4.5,5.0,5.1,5.4,5.9
2025-01-01,风向(°),20.0,38.0,41.0,41.0,30.0,28.0,33.0,32.0,13.0,4.0,30.0,38.0,43.0,37.0,50.0,65.0,85.0,95.0,83.0,76.0,116.0,157.0,140.0,125.0
2025-01-01,云量(%),59.0,11.0,2.0,15.0,44.0,43.0,46.0,53.0,46.0,100.0,100.0,100.0,100.0,100.0,45.0,24.0,24.0,100.0,100.0,100.0,100.0,100.0,100.0,80.0
2025-01-01,太阳总辐射(MJ/m²),0.0,0.0,0.0,0.0,0.0,0.0,0.0,0.0,0.115,0.306,0.263,0.655,0.846,0.846,1.03,1.818,1.339,0.691,0.09,0.0,0.0,0.0,0.0,0.0
2025-01-02,气温(℃),16.5,15.7,15.7,15.0,15.2,15.0,14.7,13.7,14.1,16.0,17.7,19.0,19.8,20.9,22.0,22.7,22.5,21.6,19.2,18.5,17.6,17.8,17.1,16.1
2025-01-02,降水量(mm),0.0,0.0,0.0,0.0,0.0,0.0,0.0,0.0,0.0,0.0,0.0,0.0,0.0,0.0,0.0,0.0,0.0,0.0,0.0,0.0,0.0,0.0,0.0,0.0
2025-01-02,风速(km/h),5.1,3.6,4.2,5.6,5.8,6.5,6.3,6.3,5.7,5.4,7.5,9.6,8.8,9.6,9.8,10.7,10.2,7.6,6.4,8.8,6.6,5.5,6.5,6.6
2025-01-02,风向(°),117.0,96.0,59.0,48.0,30.0,23.0,15.0,5.0,351.0,352.0,21.0,33.0,26.0,21.0,30.0,37.0,44.0,45.0,45.0,44.0,41.0,19.0,357.0,9.0
2025-01-02,云量(%),55.0,56.0,47.0,100.0,96.0,61.0,34.0,34.0,22.0,100.0,100.0,100.0,100.0,84.0,11.0,1.0,0.0,0.0,0.0,3.0,1.0,4.0,0.0,12.0
2025-01-02,太阳总辐射(MJ/m²),0.0,0.0,0.0,0.0,0.0,0.0,0.0,0.0,0.126,0.169,0.626,0.904,0.976,1.346,1.768,1.93,1.454,0.77,0.155,0.0,0.0,0.0,0.0,0.0
2025-01-03,气温(℃),15.9,15.6,14.6,13.4,12.6,12.0,11.4,10.9,11.7,15.4,17.6,19.0,20.2,21.0,21.4,21.6,21.3,20.4,18.0,16.9,15.8,14.8,14.0,13.0
2025-01-03,降水量(mm),0.0,0.0,0.0,0.0,0.0,0.0,0.0,0.0,0.0,0.0,0.0,0.0,0.0,0.0,0.0,0.0,0.0,0.0,0.0,0.0,0.0,0.0,0.0,0.0
2025-01-03,风速(km/h),8.8,10.9,10.7,8.5,7.9,7.6,7.7,7.6,9.2,10.9,12.5,16.2,16.7,16.5,15.5,14.2,13.4,11.8,9.8,8.7,6.2,5.5,6.0,5.0
2025-01-03,风向(°),33.0,27.0,14.0,6.0,13.0,8.0,3.0,1.0,1.0,7.0,18.0,15.0,16.0,20.0,26.0,32.0,41.0,50.0,59.0,53.0,44.0,11.0,9.0,44.0
2025-01-03,云量(%),3.0,1.0,1.0,49.0,35.0,1.0,0.0,0.0,1.0,0.0,0.0,0.0,0.0,0.0,0.0,32.0,0.0,0.0,11.0,0.0,0.0,0.0,0.0,0.0
2025-01-03,太阳总辐射(MJ/m²),0.0,0.0,0.0,0.0,0.0,0.0,0.0,0.0,0.148,0.781,1.487,2.063,2.441,2.578,2.459,2.088,1.516,0.81,0.169,0.0,0.0,0.0,0.0,0.0
2025-01-04,气温(℃),13.0,12.7,11.8,11.4,11.1,10.8,9.9,9.4,10.2,13.8,16.1,17.8,19.0,19.9,20.5,20.8,20.5,19.9,18.2,18.3,17.9,18.1,17.7,16.8
2025-01-04,降水量(mm),0.0,0.0,0.0,0.0,0.0,0.0,0.0,0.0,0.0,0.0,0.0,0.0,0.0,0.0,0.0,0.0,0.0,0.0,0.0,0.0,0.0,0.0,0.0,0.0
2025-01-04,风速(km/h),5.8,6.4,5.6,6.0,6.0,7.6,7.4,6.7,7.8,6.7,10.6,11.3,11.1,10.7,10.6,10.5,9.6,6.9,1.2,1.1,2.8,3.6,3.4,6.5
2025-01-04,风向(°),34.0,18.0,27.0,33.0,29.0,3.0,359.0,2.0,7.0,24.0,46.0,54.0,61.0,63.0,66.0,74.0,84.0,96.0,141.0,189.0,135.0,160.0,137.0,118.0
2025-01-04,云量(%),0.0,0.0,0.0,0.0,0.0,0.0,0.0,0.0,0.0,0.0,0.0,0.0,0.0,0.0,0.0,0.0,1.0,1.0,89.0,99.0,100.0,100.0,100.0,100.0
2025-01-04,太阳总辐射(MJ/m²),0.0,0.0,0.0,0.0,0.0,0.0,0.0,0.0,0.144,0.752,1.454,2.045,2.423,2.56,2.448,2.088,1.523,0.817,0.169,0.0,0.0,0.0,0.0,0.0
2025-01-05,气温(℃),16.1,15.8,15.8,15.6,15.4,15.3,15.2,14.6,14.4,17.3,19.1,20.5,21.6,22.4,22.9,23.0,22.8,21.9,19.8,18.6,17.7,16.7,15.4,14.2
2025-01-05,降水量(mm),0.1,0.2,0.0,0.0,0.0,0.0,0.0,0.0,0.0,0.0,0.0,0.0,0.0,0.0,0.0,0.0,0.0,0.0,0.0,0.0,0.0,0.0,0.0,0.0
2025-01-05,风速(km/h),7.9,7.3,4.0,2.7,5.6,6.0,3.4,4.6,7.3,7.9,12.5,11.9,10.6,9.3,8.6,8.3,9.0,9.3,6.5,10.2,10.8,7.8,5.5,5.4
2025-01-05,风向(°),117.0,101.0,93.0,42.0,358.0,350.0,32.0,349.0,349.0,339.0,354.0,4.0,15.0,24.0,23.0,24.0,16.0,9.0,358.0,350.0,360.0,7.0,23.0,356.0
2025-01-05,云量(%),100.0,100.0,100.0,100.0,100.0,100.0,100.0,1.0,2.0,17.0,29.0,16.0,3.0,0.0,2.0,4.0,5.0,0.0,0.0,0.0,0.0,0.0,0.0,0.0
2025-01-05,太阳总辐射(MJ/m²),0.0,0.0,0.0,0.0,0.0,0.0,0.0,0.0,0.137,0.734,1.35,1.872,2.254,2.513,2.405,2.041,1.48,0.788,0.169,0.0,0.0,0.0,0.0,0.0
2025-01-06,气温(℃),13.7,13.1,13.3,12.9,12.4,11.9,11.3,11.0,11.7,14.0,16.3,18.4,20.1,21.3,21.9,22.1,21.8,21.0,18.6,17.3,15.7,15.4,14.0,13.5
2025-01-06,降水量(mm),0.0,0.0,0.0,0.0,0.0,0.0,0.0,0.0,0.0,0.0,0.0,0.0,0.0,0.0,0.0,0.0,0.0,0.0,0.0,0.0,0.0,0.0,0.0,0.0
2025-01-06,风速(km/h),5.5,5.7,7.9,8.9,9.2,8.9,8.2,8.2,8.9,7.4,9.0,8.9,8.1,7.8,7.9,7.3,7.5,7.1,4.2,2.8,3.7,4.7,4.2,1.9
2025-01-06,风向(°),349.0,11.0,30.0,25.0,20.0,21.0,19.0,14.0,6.0,357.0,23.0,32.0,31.0,42.0,55.0,59.0,60.0,74.0,108.0,130.0,125.0,122.0,133.0,56.0
2025-01-06,云量(%),0.0,0.0,0.0,0.0,0.0,0.0,0.0,0.0,0.0,0.0,0.0,0.0,0.0,0.0,0.0,0.0,0.0,0.0,0.0,0.0,0.0,0.0,0.0,0.0
2025-01-06,太阳总辐射(MJ/m²),0.0,0.0,0.0,0.0,0.0,0.0,0.0,0.0,0.144,0.767,1.476,2.066,2.455,2.596,2.48,2.113,1.541,0.832,0.18,0.0,0.0,0.0,0.0,0.0
2025-01-07,气温(℃),13.5,13.3,13.2,13.5,13.3,13.0,12.5,12.0,12.3,14.3,16.7,19.1,20.6,21.5,21.9,21.9,21.6,20.9,18.5,16.7,16.1,16.0,15.3,14.9
2025-01-07,降水量(mm),0.0,0.0,0.0,0.0,0.0,0.0,0.0,0.0,0.0,0.0,0.0,0.0,0.0,0.0,0.0,0.0,0.0,0.0,0.0,0.0,0.0,0.0,0.0,0.0
2025-01-07,风速(km/h),6.9,7.8,6.6,8.5,8.3,8.0,7.7,7.7,8.4,7.7,8.4,8.9,7.2,7.3,7.2,7.2,7.4,8.5,7.5,9.6,11.2,10.1,9.3,7.7
2025-01-07,风向(°),113.0,124.0,111.0,96.0,84.0,82.0,62.0,37.0,23.0,1.0,16.0,18.0,32.0,60.0,65.0,78.0,89.0,97.0,125.0,147.0,131.0,114.0,106.0,101.0
2025-01-07,云量(%),0.0,0.0,0.0,0.0,0.0,0.0,0.0,0.0,0.0,0.0,0.0,17.0,1.0,2.0,15.0,7.0,1.0,0.0,0.0,10.0,16.0,0.0,3.0,2.0
2025-01-07,太阳总辐射(MJ/m²),0.0,0.0,0.0,0.0,0.0,0.0,0.0,0.0,0.137,0.731,1.44,2.023,2.369,2.534,2.38,1.955,1.476,0.803,0.176,0.0,0.0,0.0,0.0,0.0
2025-01-08,气温(℃),14.6,13.8,14.2,13.8,13.2,12.8,12.4,11.9,12.7,16.0,18.4,20.0,21.2,22.1,22.6,22.8,22.6,21.8,19.9,18.7,17.9,16.1,15.7,15.3
2025-01-08,降水量(mm),0.0,0.0,0.0,0.0,0.0,0.0,0.0,0.0,0.0,0.0,0.0,0.0,0.0,0.0,0.0,0.0,0.0,0.0,0.0,0.0,0.0,0.0,0.0,0.0
2025-01-08,风速(km/h),6.0,4.7,7.2,6.1,8.4,7.8,6.6,5.6,8.0,6.0,7.2,7.6,7.9,8.1,7.9,8.4,9.1,8.7,6.7,7.0,8.5,4.7,5.8,5.9
2025-01-08,风向(°),99.0,83.0,51.0,45.0,37.0,40.0,41.0,33.0,23.0,25.0,39.0,45.0,49.0,43.0,45.0,45.0,49.0,60.0,88.0,61.0,58.0,94.0,86.0,72.0
2025-01-08,云量(%),8.0,16.0,35.0,3.0,0.0,0.0,0.0,0.0,0.0,0.0,0.0,0.0,1.0,21.0,1.0,0.0,0.0,0.0,0.0,0.0,0.0,0.0,0.0,0.0
2025-01-08,太阳总辐射(MJ/m²),0.0,0.0,0.0,0.0,0.0,0.0,0.0,0.0,0.137,0.742,1.433,2.005,2.387,2.531,2.419,2.07,1.516,0.828,0.187,0.0,0.0,0.0,0.0,0.0
2025-01-09,气温(℃),14.7,14.0,13.9,13.8,13.2,12.6,12.0,11.3,11.6,15.8,17.5,19.2,20.6,21.5,22.0,22.0,21.7,21.0,19.4,18.3,17.3,15.8,15.1,14.4
2025-01-09,降水量(mm),0.0,0.0,0.0,0.0,0.0,0.0,0.0,0.0,0.0,0.0,0.0,0.0,0.0,0.0,0.0,0.0,0.0,0.0,0.0,0.0,0.0,0.0,0.0,0.0
2025-01-09,风速(km/h),6.1,5.2,6.9,9.0,8.2,7.7,8.0,9.4,9.9,10.5,10.5,10.6,10.6,10.9,11.5,11.9,12.4,13.3,10.4,9.7,9.9,14.3,14.9,13.5
2025-01-09,风向(°),58.0,44.0,39.0,47.0,49.0,41.0,16.0,1.0,357.0,24.0,20.0,23.0,34.0,45.0,50.0,49.0,47.0,41.0,42.0,40.0,25.0,6.0,8.0,13.0
2025-01-09,云量(%),0.0,3.0,0.0,0.0,0.0,0.0,0.0,0.0,0.0,0.0,0.0,0.0,0.0,0.0,0.0,0.0,0.0,0.0,0.0,0.0,1.0,4.0,0.0,12.0
2025-01-09,太阳总辐射(MJ/m²),0.0,0.0,0.0,0.0,0.0,0.0,0.0,0.0,0.137,0.742,1.436,2.02,2.405,2.552,2.444,2.084,1.523,0.832,0.191,0.0,0.0,0.0,0.0,0.0
2025-01-10,气温(℃),13.7,12.8,11.8,10.9,9.9,9.2,8.5,8.0,8.3,10.9,12.3,13.9,15.2,16.3,16.9,17.2,17.2,16.6,15.3,14.2,13.5,12.4,11.8,11.5
2025-01-10,降水量(mm),0.0,0.0,0.0,0.0,0.0,0.0,0.0,0.0,0.0,0.0,0.0,0.0,0.0,0.0,0.0,0.0,0.0,0.0,0.0,0.0,0.0,0.0,0.0,0.0
2025-01-10,风速(km/h),13.1,12.3,13.3,14.0,13.9,13.7,13.2,12.4,11.7,15.9,15.6,15.0,15.1,14.8,14.2,13.3,12.9,12.5,8.6,8.7,10.5,8.8,10.1,11.7
2025-01-10,风向(°),12.0,10.0,1.0,1.0,2.0,358.0,357.0,359.0,359.0,6.0,11.0,11.0,12.0,14.0,18.0,21.0,23.0,25.0,33.0,47.0,41.0,351.0,5.0,21.0
2025-01-10,云量(%),3.0,0.0,1.0,0.0,0.0,0.0,0.0,0.0,0.0,0.0,0.0,0.0,0.0,0.0,0.0,0.0,0.0,0.0,0.0,0.0,0.0,0.0,0.0,0.0
2025-01-10,太阳总辐射(MJ/m²),0.0,0.0,0.0,0.0,0.0,0.0,0.0,0.0,0.133,0.734,1.433,2.02,2.412,2.563,2.455,2.102,1.537,0.846,0.198,0.0,0.0,0.0,0.0,0.0
2025-01-11,气温(℃),10.9,10.1,9.4,8.9,8.3,7.8,7.3,6.9,7.5,10.4,12.4,13.9,15.0,16.0,16.3,17.0,16.8,16.1,14.7,13.5,12.6,12.1,11.3,10.9
2025-01-11,降水量(mm),0.0,0.0,0.0,0.0,0.0,0.0,0.0,0.0,0.0,0.0,0.0,0.0,0.0,0.0,0.0,0.0,0.0,0.0,0.0,0.0,0.0,0.0,0.0,0.0
2025-01-11,风速(km/h),11.8,11.2,10.9,10.6,10.8,10.8,10.8,10.3,10.0,12.4,14.1,15.0,15.1,14.7,14.1,14.2,14.7,15.0,12.7,14.1,13.3,12.8,12.0,12.2
2025-01-11,风向(°),19.0,21.0,20.0,14.0,2.0,357.0,356.0,359.0,353.0,359.0,10.0,10.0,12.0,11.0,10.0,9.0,8.0,6.0,353.0,350.0,360.0,2.0,13.0,19.0
2025-01-11,云量(%),0.0,0.0,0.0,0.0,0.0,0.0,2.0,6.0,2.0,3.0,9.0,12.0,2.0,58.0,0.0,0.0,0.0,0.0,0.0,0.0,0.0,0.0,0.0,0.0
2025-01-11,太阳总辐射(MJ/m²),0.0,0.0,0.0,0.0,0.0,0.0,0.0,0.0,0.133,0.745,1.451,2.034,2.387,2.574,2.156,2.131,1.573,0.875,0.209,0.0,0.0,0.0,0.0,0.0
2025-01-12,气温(℃),10.5,9.7,9.0,8.4,7.7,7.1,6.5,6.1,7.0,9.5,12.2,14.4,16.1,17.3,18.0,18.4,18.3,17.7,15.6,14.4,13.4,12.6,12.2,11.4
2025-01-12,降水量(mm),0.0,0.0,0.0,0.0,0.0,0.0,0.0,0.0,0.0,0.0,0.0,0.0,0.0,0.0,0.0,0.0,0.0,0.0,0.0,0.0,0.0,0.0,0.0,0.0
2025-01-12,风速(km/h),10.7,9.1,8.2,8.4,8.9,8.0,7.2,7.6,8.8,7.4,11.3,13.1,12.5,11.8,11.2,10.6,10.7,10.4,6.6,8.7,6.4,5.1,5.2,6.4
2025-01-12,风向(°),22.0,27.0,19.0,11.0,8.0,9.0,6.0,360.0,358.0,4.0,22.0,29.0,33.0,46.0,52.0,51.0,45.0,44.0,45.0,53.0,52.0,94.0,70.0,50.0
2025-01-12,云量(%),0.0,0.0,0.0,0.0,0.0,0.0,0.0,0.0,0.0,0.0,0.0,0.0,0.0,0.0,80.0,77.0,14.0,3.0,0.0,0.0,0.0,0.0,0.0,0.0
2025-01-12,太阳总辐射(MJ/m²),0.0,0.0,0.0,0.0,0.0,0.0,0.0,0.0,0.144,0.792,1.534,2.153,2.57,2.736,2.628,2.257,1.663,0.936,0.23,0.0,0.0,0.0,0.0,0.0
2025-01-13,气温(℃),10.4,9.7,9.1,8.5,8.1,8.1,8.1,7.7,9.1,11.7,15.1,17.2,18.6,20.0,20.6,20.5,19.9,19.4,18.6,17.3,16.7,17.1,16.7,16.0
2025-01-13,降水量(mm),0.0,0.0,0.0,0.0,0.0,0.0,0.0,0.0,0.0,0.0,0.0,0.0,0.0,0.0,0.0,0.0,0.0,0.0,0.0,0.0,0.0,0.0,0.0,0.0
2025-01-13,风速(km/h),5.9,5.4,5.7,5.8,6.0,6.1,6.0,5.5,7.3,4.5,6.8,8.7,9.8,9.5,9.1,8.5,8.7,8.6,8.2,8.0,9.4,6.7,8.3,8.6
2025-01-13,风向(°),59.0,48.0,37.0,34.0,49.0,60.0,53.0,44.0,25.0,360.0,25.0,48.0,58.0,68.0,76.0,85.0,96.0,102.0,113.0,132.0,125.0,121.0,103.0,101.0
2025-01-13,云量(%),0.0,0.0,0.0,0.0,0.0,0.0,0.0,0.0,0.0,0.0,71.0,72.0,8.0,2.0,86.0,100.0,100.0,100.0,80.0,63.0,100.0,100.0,66.0,93.0
2025-01-13,太阳总辐射(MJ/m²),0.0,0.0,0.0,0.0,0.0,0.0,0.0,0.0,0.144,0.781,1.487,1.818,1.75,2.473,2.495,1.89,0.932,0.421,0.122,0.0,0.0,0.0,0.0,0.0
2025-01-14,气温(℃),16.1,15.9,15.8,15.4,14.7,14.8,15.2,15.2,15.4,16.9,18.4,19.9,21.1,21.6,22.4,22.8,22.0,21.6,20.9,20.4,19.4,19.9,19.3,19.1
2025-01-14,降水量(mm),0.0,0.0,0.0,0.0,0.0,0.0,0.0,0.0,0.0,0.0,0.0,0.0,0.0,0.0,0.0,0.0,0.0,0.0,0.0,0.0,0.0,0.0,0.0,0.0
2025-01-14,风速(km/h),9.9,10.3,10.8,9.9,10.5,9.7,12.1,12.3,9.3,9.4,10.0,11.4,11.1,10.7,11.9,12.4,9.5,7.6,9.5,8.5,4.7,3.2,2.5,3.6
2025-01-14,风向(°),93.0,94.0,86.0,75.0,61.0,63.0,67.0,69.0,68.0,66.0,69.0,74.0,68.0,59.0,59.0,56.0,63.0,75.0,65.0,66.0,94.0,63.0,94.0,33.0
2025-01-14,云量(%),100.0,100.0,46.0,30.0,74.0,100.0,100.0,100.0,100.0,77.0,71.0,68.0,59.0,75.0,70.0,100.0,100.0,100.0,100.0,100.0,100.0,100.0,100.0,100.0
2025-01-14,太阳总辐射(MJ/m²),0.0,0.0,0.0,0.0,0.0,0.0,0.0,0.0,0.036,0.32,0.749,1.336,1.868,1.685,1.739,1.224,0.356,0.191,0.054,0.0,0.0,0.0,0.0,0.0
2025-01-15,气温(℃),19.0,18.6,18.2,18.0,17.3,16.5,16.4,16.9,16.9,19.3,20.1,20.3,21.1,21.7,21.5,21.2,20.6,19.9,18.6,17.5,16.6,16.6,15.6,15.4
2025-01-15,降水量(mm),0.0,0.0,0.0,0.0,0.0,0.0,0.0,0.0,0.0,0.0,0.0,0.0,0.0,0.0,0.0,0.0,0.0,0.0,0.0,0.0,0.0,0.0,0.0,0.0
2025-01-15,风速(km/h),4.5,6.2,8.5,7.8,10.4,13.0,14.1,16.3,15.1,13.8,20.5,19.5,19.6,19.2,18.8,19.3,18.3,17.1,11.2,10.2,9.0,9.2,10.7,12.9
2025-01-15,风向(°),320.0,327.0,343.0,356.0,11.0,17.0,21.0,25.0,26.0,21.0,29.0,31.0,27.0,26.0,28.0,33.0,31.0,29.0,33.0,44.0,38.0,353.0,6.0,23.0
2025-01-15,云量(%),100.0,100.0,99.0,47.0,7.0,32.0,82.0,32.0,92.0,73.0,100.0,41.0,34.0,86.0,76.0,44.0,1.0,13.0,23.0,1.0,1.0,6.0,5.0,2.0
2025-01-15,太阳总辐射(MJ/m²),0.0,0.0,0.0,0.0,0.0,0.0,0.0,0.0,0.122,0.266,0.706,0.997,1.652,2.138,1.764,1.67,1.246,0.882,0.22,0.0,0.0,0.0,0.0,0.0
2025-01-16,气温(℃),14.5,13.7,12.8,12.1,11.4,10.7,10.0,9.4,9.8,12.7,14.7,16.5,18.0,19.2,19.8,20.1,20.0,19.4,17.6,16.5,15.9,14.5,14.1,13.9
2025-01-16,降水量(mm),0.0,0.0,0.0,0.0,0.0,0.0,0.0,0.0,0.0,0.0,0.0,0.0,0.0,0.0,0.0,0.0,0.0,0.0,0.0,0.0,0.0,0.0,0.0,0.0
2025-01-16,风速(km/h),12.4,11.8,11.1,11.0,10.4,9.9,9.2,8.4,8.7,11.2,12.6,12.1,11.5,11.7,11.9,11.4,11.1,10.8,7.0,10.3,12.0,6.3,8.2,12.2
2025-01-16,风向(°),31.0,28.0,22.0,18.0,10.0,2.0,356.0,350.0,342.0,357.0,14.0,21.0,25.0,29.0,30.0,25.0,25.0,33.0,61.0,71.0,57.0,53.0,49.0,46.0
2025-01-16,云量(%),0.0,0.0,0.0,0.0,0.0,0.0,0.0,0.0,0.0,0.0,0.0,0.0,0.0,0.0,0.0,0.0,0.0,0.0,0.0,0.0,0.0,0.0,0.0,0.0
2025-01-16,太阳总辐射(MJ/m²),0.0,0.0,0.0,0.0,0.0,0.0,0.0,0.0,0.137,0.756,1.476,2.081,2.484,2.646,2.549,2.2,1.638,0.932,0.245,0.0,0.0,0.0,0.0,0.0
2025-01-17,气温(℃),13.4,12.4,11.6,11.0,10.4,9.8,9.2,8.7,9.4,12.0,14.1,16.0,17.5,18.5,19.1,19.2,18.9,18.2,16.2,14.0,13.0,13.0,13.0,12.8
2025-01-17,降水量(mm),0.0,0.0,0.0,0.0,0.0,0.0,0.0,0.0,0.0,0.0,0.0,0.0,0.0,0.0,0.0,0.0,0.0,0.0,0.0,0.0,0.0,0.0,0.0,0.0
2025-01-17,风速(km/h),11.2,10.1,10.3,10.0,9.4,9.0,8.7,7.4,8.3,7.7,9.4,9.8,8.7,6.9,6.4,7.6,8.4,7.9,6.9,9.8,10.4,9.3,8.7,6.9
2025-01-17,风向(°),42.0,33.0,33.0,30.0,26.0,20.0,18.0,14.0,2.0,3.0,26.0,38.0,48.0,59.0,79.0,94.0,101.0,102.0,118.0,149.0,150.0,143.0,135.0,123.0
2025-01-17,云量(%),0.0,0.0,0.0,0.0,0.0,0.0,0.0,0.0,0.0,0.0,0.0,0.0,0.0,0.0,0.0,0.0,0.0,0.0,0.0,0.0,0.0,0.0,0.0,0.0
2025-01-17,太阳总辐射(MJ/m²),0.0,0.0,0.0,0.0,0.0,0.0,0.0,0.0,0.144,0.788,1.519,2.124,2.524,2.682,2.578,2.225,1.656,0.943,0.252,0.0,0.0,0.0,0.0,0.0
2025-01-18,气温(℃),12.4,11.5,11.0,10.8,10.4,9.7,9.2,9.0,9.6,12.4,15.3,17.6,19.2,20.4,21.2,21.6,21.5,21.0,18.6,16.8,15.2,15.4,13.4,11.9
2025-01-18,降水量(mm),0.0,0.0,0.0,0.0,0.0,0.0,0.0,0.0,0.0,0.0,0.0,0.0,0.0,0.0,0.0,0.0,0.0,0.0,0.0,0.0,0.0,0.0,0.0,0.0
2025-01-18,风速(km/h),6.6,4.9,4.8,5.5,5.7,5.0,4.8,5.0,6.1,4.7,7.5,8.5,8.1,7.3,7.1,7.4,8.0,6.1,2.7,2.3,2.4,0.8,1.9,3.1
2025-01-18,风向(°),106.0,80.0,59.0,44.0,13.0,30.0,42.0,21.0,360.0,2.0,11.0,29.0,25.0,16.0,9.0,13.0,8.0,5.0,48.0,86.0,126.0,117.0,197.0,201.0
2025-01-18,云量(%),0.0,0.0,4.0,1.0,17.0,3.0,0.0,0.0,0.0,0.0,0.0,0.0,0.0,0.0,0.0,0.0,0.0,0.0,0.0,0.0,0.0,7.0,0.0,0.0
2025-01-18,太阳总辐射(MJ/m²),0.0,0.0,0.0,0.0,0.0,0.0,0.0,0.0,0.133,0.742,1.458,2.063,2.473,2.639,2.549,2.21,1.652,0.947,0.256,0.0,0.0,0.0,0.0,0.0
2025-01-19,气温(℃),11.0,10.4,10.1,9.9,9.6,9.2,8.8,8.7,9.8,12.8,16.5,19.1,20.7,21.8,22.5,22.7,22.6,21.9,19.5,17.4,16.0,15.1,14.4,13.4
2025-01-19,降水量(mm),0.0,0.0,0.0,0.0,0.0,0.0,0.0,0.0,0.0,0.0,0.0,0.0,0.0,0.0,0.0,0.0,0.0,0.0,0.0,0.0,0.0,0.0,0.0,0.0
2025-01-19,风速(km/h),2.8,2.7,2.7,2.2,2.1,1.5,1.8,1.3,4.1,2.7,4.0,7.3,7.3,6.2,5.8,6.2,6.6,5.5,1.8,1.8,4.4,3.0,1.3,2.2
2025-01-19,风向(°),198.0,208.0,222.0,275.0,285.0,291.0,315.0,315.0,308.0,312.0,10.0,31.0,31.0,21.0,16.0,15.0,16.0,17.0,66.0,127.0,142.0,166.0,225.0,222.0
2025-01-19,云量(%),0.0,0.0,0.0,0.0,0.0,0.0,1.0,3.0,2.0,12.0,2.0,0.0,0.0,0.0,0.0,0.0,0.0,0.0,0.0,0.0,0.0,0.0,0.0,0.0
2025-01-19,太阳总辐射(MJ/m²),0.0,0.0,0.0,0.0,0.0,0.0,0.0,0.0,0.14,0.734,1.476,2.099,2.506,2.668,2.57,2.225,1.667,0.961,0.266,0.0,0.0,0.0,0.0,0.0
2025-01-20,气温(℃),12.6,12.4,12.4,12.2,11.4,10.8,10.4,10.2,11.6,14.9,17.7,19.5,20.8,21.7,22.3,22.5,22.3,21.6,19.0,16.8,15.3,14.7,13.7,12.7
2025-01-20,降水量(mm),0.0,0.0,0.0,0.0,0.0,0.0,0.0,0.0,0.0,0.0,0.0,0.0,0.0,0.0,0.0,0.0,0.0,0.0,0.0,0.0,0.0,0.0,0.0,0.0
2025-01-20,风速(km/h),1.4,0.9,1.1,0.7,0.9,1.2,1.9,3.5,5.5,3.3,4.6,5.8,5.4,6.4,7.2,6.8,6.4,6.0,6.6,6.5,5.9,6.3,5.2,3.6
2025-01-20,风向(°),203.0,180.0,162.0,194.0,281.0,333.0,68.0,75.0,79.0,29.0,48.0,56.0,48.0,47.0,58.0,65.0,74.0,83.0,123.0,152.0,166.0,173.0,178.0,213.0
2025-01-20,云量(%),0.0,0.0,0.0,0.0,0.0,0.0,0.0,0.0,1.0,0.0,0.0,0.0,0.0,0.0,0.0,0.0,0.0,0.0,0.0,0.0,0.0,0.0,0.0,0.0
2025-01-20,太阳总辐射(MJ/m²),0.0,0.0,0.0,0.0,0.0,0.0,0.0,0.0,0.144,0.774,1.494,2.099,2.502,2.66,2.567,2.2,1.627,0.961,0.27,0.0,0.0,0.0,0.0,0.0
2025-01-21,气温(℃),12.0,11.4,11.1,10.7,10.3,10.3,10.4,11.0,13.0,14.5,17.8,19.8,21.3,21.9,21.8,22.1,21.6,20.6,18.8,17.5,16.7,16.6,16.3,16.4
2025-01-21,降水量(mm),0.0,0.0,0.0,0.0,0.0,0.0,0.0,0.0,0.0,0.0,0.0,0.0,0.0,0.0,0.0,0.0,0.0,0.0,0.0,0.0,0.0,0.0,0.0,0.0
2025-01-21,风速(km/h),3.1,2.8,4.3,1.2,1.2,1.5,3.3,5.8,8.5,3.8,5.9,8.4,8.8,9.7,9.7,9.5,10.8,9.7,7.3,7.1,10.4,9.9,11.8,13.8
2025-01-21,风向(°),220.0,191.0,165.0,207.0,141.0,120.0,119.0,124.0,111.0,31.0,78.0,83.0,78.0,86.0,91.0,101.0,111.0,118.0,134.0,131.0,122.0,125.0,117.0,116.0
2025-01-21,云量(%),0.0,0.0,0.0,0.0,0.0,0.0,0.0,0.0,0.0,10.0,58.0,1.0,41.0,92.0,58.0,67.0,75.0,67.0,54.0,46.0,96.0,40.0,84.0,100.0
2025-01-21,太阳总辐射(MJ/m²),0.0,0.0,0.0,0.0,0.0,0.0,0.0,0.0,0.14,0.67,1.44,1.969,2.434,2.304,1.832,2.009,1.458,0.778,0.209,0.0,0.0,0.0,0.0,0.0
2025-01-22,气温(℃),16.7,16.0,15.5,15.4,14.5,14.2,14.2,14.5,15.2,17.1,18.9,20.7,21.4,21.3,21.3,21.2,21.0,19.7,18.4,17.6,17.1,17.7,17.6,17.3
2025-01-22,降水量(mm),0.0,0.1,0.1,0.5,0.8,1.1,0.4,0.0,0.0,0.0,0.0,0.0,0.0,0.0,0.0,0.0,0.0,0.0,0.0,0.4,0.0,1.0,0.5,0.2
2025-01-22,风速(km/h),13.6,12.7,11.5,11.2,10.3,11.3,12.6,10.8,9.9,8.7,11.4,9.8,9.7,8.9,8.0,8.2,9.1,8.5,7.8,9.5,7.6,4.5,3.2,4.3
2025-01-22,风向(°),116.0,108.0,100.0,93.0,92.0,92.0,91.0,89.0,87.0,83.0,85.0,73.0,79.0,96.0,106.0,105.0,111.0,122.0,132.0,119.0,126.0,113.0,63.0,90.0
2025-01-22,云量(%),100.0,100.0,100.0,100.0,100.0,100.0,100.0,100.0,100.0,39.0,19.0,58.0,100.0,100.0,100.0,100.0,100.0,100.0,100.0,100.0,100.0,100.0,100.0,100.0
2025-01-22,太阳总辐射(MJ/m²),0.0,0.0,0.0,0.0,0.0,0.0,0.0,0.0,0.068,0.641,1.328,2.016,2.092,1.541,1.314,1.156,1.022,0.356,0.04,0.0,0.0,0.0,0.0,0.0
2025-01-23,气温(℃),17.1,17.0,16.7,16.4,16.5,16.3,16.2,15.5,16.0,17.6,18.9,20.0,21.6,22.2,22.2,23.0,23.0,22.4,20.8,19.6,18.6,17.9,17.3,17.1
2025-01-23,降水量(mm),0.1,0.0,0.0,0.0,0.0,0.0,0.0,0.0,0.0,0.0,0.0,0.0,0.0,0.0,0.0,0.0,0.0,0.0,0.0,0.0,0.0,0.0,0.0,0.0
2025-01-23,风速(km/h),4.2,5.8,7.6,6.5,7.8,6.8,4.6,3.3,1.4,1.5,3.4,4.6,6.9,7.2,7.4,8.5,8.1,8.0,6.6,7.5,8.1,3.1,6.1,6.4
2025-01-23,风向(°),80.0,95.0,94.0,85.0,95.0,107.0,144.0,186.0,360.0,36.0,43.0,69.0,70.0,71.0,76.0,77.0,86.0,104.0,112.0,130.0,155.0,126.0,150.0,148.0
2025-01-23,云量(%),100.0,100.0,98.0,100.0,100.0,82.0,12.0,3.0,63.0,100.0,100.0,58.0,73.0,100.0,46.0,7.0,16.0,7.0,9.0,8.0,20.0,40.0,100.0,79.0
2025-01-23,太阳总辐射(MJ/m²),0.0,0.0,0.0,0.0,0.0,0.0,0.0,0.0,0.126,0.356,0.652,0.871,1.696,1.868,1.501,1.789,1.433,0.814,0.256,0.0,0.0,0.0,0.0,0.0
2025-01-24,气温(℃),16.9,16.9,16.7,16.0,15.6,15.5,15.7,15.9,16.6,17.6,18.2,19.6,21.4,22.8,23.2,23.1,22.6,21.5,19.6,18.0,17.2,17.2,16.6,16.2
2025-01-24,降水量(mm),0.0,0.0,0.0,0.0,0.0,0.0,0.0,0.0,0.0,0.0,0.0,0.0,0.0,0.0,0.0,0.0,0.0,0.0,0.0,0.0,0.0,0.0,0.0,0.0
2025-01-24,风速(km/h),4.3,5.1,8.6,9.8,9.8,10.2,11.3,10.9,10.8,7.4,8.8,9.3,10.4,12.3,13.0,12.1,11.4,10.3,7.5,6.8,7.9,10.1,9.6,9.8
2025-01-24,风向(°),135.0,98.0,90.0,96.0,103.0,107.0,107.0,106.0,108.0,97.0,102.0,112.0,118.0,122.0,123.0,123.0,127.0,134.0,138.0,151.0,147.0,130.0,118.0,120.0
2025-01-24,云量(%),77.0,91.0,15.0,11.0,17.0,64.0,100.0,100.0,100.0,79.0,87.0,100.0,32.0,28.0,7.0,7.0,1.0,0.0,0.0,0.0,0.0,10.0,2.0,2.0
2025-01-24,太阳总辐射(MJ/m²),0.0,0.0,0.0,0.0,0.0,0.0,0.0,0.0,0.072,0.205,0.317,0.742,1.541,2.2,2.444,2.189,1.613,0.961,0.284,0.0,0.0,0.0,0.0,0.0
2025-01-25,气温(℃),16.0,16.0,15.9,15.6,15.4,15.2,15.1,15.0,15.8,17.8,18.9,19.9,20.8,21.8,22.3,22.2,21.7,20.5,19.0,17.6,16.9,17.3,16.8,16.4
2025-01-25,降水量(mm),0.0,0.0,0.0,0.0,0.0,0.0,0.0,0.0,0.0,0.0,0.0,0.0,0.0,0.0,0.0,0.0,0.0,0.0,0.0,0.0,0.0,0.0,0.0,0.0
2025-01-25,风速(km/h),10.0,9.7,10.0,10.1,9.0,8.5,9.4,9.4,10.3,14.9,15.5,14.1,11.5,11.1,11.6,12.4,11.6,11.4,9.8,10.1,10.7,13.6,10.8,9.4
2025-01-25,风向(°),124.0,121.0,116.0,110.0,103.0,92.0,94.0,95.0,92.0,101.0,99.0,94.0,94.0,97.0,102.0,109.0,118.0,123.0,128.0,139.0,119.0,116.0,116.0,121.0
2025-01-25,云量(%),5.0,10.0,19.0,21.0,20.0,16.0,7.0,6.0,3.0,11.0,20.0,18.0,7.0,2.0,4.0,5.0,8.0,1.0,2.0,2.0,0.0,2.0,0.0,4.0
2025-01-25,太阳总辐射(MJ/m²),0.0,0.0,0.0,0.0,0.0,0.0,0.0,0.0,0.137,0.742,1.436,2.002,2.351,2.581,2.549,2.178,1.638,0.936,0.281,0.0,0.0,0.0,0.0,0.0
2025-01-26,气温(℃),16.3,16.1,15.8,15.5,15.1,15.7,15.3,13.5,12.2,11.6,11.1,10.8,10.7,10.5,10.4,10.8,10.8,10.5,10.3,9.9,9.9,9.7,9.5,9.5
2025-01-26,降水量(mm),0.0,0.0,0.0,0.0,0.0,0.0,0.1,0.1,0.2,1.1,0.7,0.3,0.5,0.3,0.0,0.0,0.0,0.0,0.0,0.0,0.0,0.0,0.0,0.0
2025-01-26,风速(km/h),10.5,10.0,8.3,7.4,9.2,7.5,16.7,13.0,16.7,17.3,18.1,17.6,18.7,19.7,21.9,20.8,21.0,20.8,19.9,17.6,18.2,18.5,18.7,18.1
2025-01-26,风向(°),125.0,103.0,88.0,56.0,17.0,27.0,7.0,357.0,353.0,348.0,347.0,345.0,344.0,344.0,355.0,355.0,354.0,356.0,353.0,354.0,357.0,344.0,346.0,347.0
2025-01-26,云量(%),2.0,6.0,19.0,10.0,96.0,100.0,100.0,100.0,100.0,100.0,100.0,100.0,100.0,100.0,100.0,100.0,100.0,100.0,69.0,77.0,67.0,100.0,100.0,100.0
2025-01-26,太阳总辐射(MJ/m²),0.0,0.0,0.0,0.0,0.0,0.0,0.0,0.0,0.022,0.068,0.151,0.223,0.5,0.497,0.374,0.655,0.551,0.331,0.112,0.0,0.0,0.0,0.0,0.0
2025-01-27,气温(℃),9.3,9.2,9.3,9.1,8.8,9.0,8.2,7.7,8.2,10.5,12.0,13.6,14.9,16.2,17.1,17.6,17.4,16.7,15.0,13.7,13.4,13.8,13.5,12.8
2025-01-27,降水量(mm),0.0,0.0,0.0,0.0,0.0,0.0,0.0,0.0,0.0,0.0,0.0,0.0,0.0,0.0,0.0,0.0,0.0,0.0,0.0,0.0,0.0,0.0,0.0,0.0
2025-01-27,风速(km/h),15.4,13.4,14.5,15.9,14.9,14.6,12.8,13.4,12.7,15.4,16.9,16.6,15.9,15.6,15.1,15.7,15.8,14.3,9.4,10.7,13.1,11.9,11.1,10.4
2025-01-27,风向(°),346.0,355.0,354.0,348.0,351.0,1.0,5.0,8.0,7.0,10.0,22.0,23.0,23.0,24.0,25.0,28.0,36.0,44.0,50.0,54.0,52.0,51.0,36.0,23.0
2025-01-27,云量(%),100.0,98.0,40.0,86.0,99.0,37.0,0.0,1.0,2.0,1.0,0.0,0.0,0.0,0.0,0.0,0.0,0.0,3.0,12.0,1.0,4.0,100.0,99.0,100.0
2025-01-27,太阳总辐射(MJ/m²),0.0,0.0,0.0,0.0,0.0,0.0,0.0,0.0,0.155,0.817,1.562,2.21,2.657,2.844,2.754,2.405,1.825,1.087,0.338,0.004,0.0,0.0,0.0,0.0
2025-01-28,气温(℃),12.6,12.2,11.3,11.3,10.9,10.4,10.4,9.6,10.3,12.4,14.2,15.9,17.5,18.7,19.4,19.6,19.5,19.0,16.5,15.1,14.7,14.1,13.5,13.0
2025-01-28,降水量(mm),0.0,0.0,0.0,0.0,0.0,0.0,0.0,0.0,0.0,0.0,0.0,0.0,0.0,0.0,0.0,0.0,0.0,0.0,0.0,0.0,0.0,0.0,0.0,0.0
2025-01-28,风速(km/h),13.3,12.8,10.2,12.4,11.0,10.5,9.6,8.6,7.0,11.0,11.2,10.4,10.1,10.1,9.4,9.8,10.0,8.6,4.8,6.1,9.2,10.1,9.5,8.2
2025-01-28,风向(°),32.0,35.0,31.0,36.0,26.0,27.0,21.0,26.0,23.0,23.0,28.0,30.0,39.0,46.0,52.0,59.0,60.0,57.0,70.0,66.0,62.0,68.0,51.0,52.0
2025-01-28,云量(%),100.0,96.0,100.0,89.0,36.0,100.0,71.0,100.0,0.0,1.0,0.0,0.0,0.0,0.0,0.0,3.0,2.0,0.0,0.0,0.0,0.0,0.0,32.0,96.0
2025-01-28,太阳总辐射(MJ/m²),0.0,0.0,0.0,0.0,0.0,0.0,0.0,0.0,0.104,0.828,1.584,2.221,2.65,2.83,2.747,2.398,1.811,1.084,0.342,0.004,0.0,0.0,0.0,0.0
2025-01-29,气温(℃),13.6,13.0,12.3,12.7,12.2,12.0,11.0,10.7,11.6,13.6,15.1,16.9,18.2,19.4,20.1,20.1,19.6,18.7,16.8,14.6,13.7,13.2,13.2,13.0
2025-01-29,降水量(mm),0.0,0.0,0.0,0.0,0.0,0.0,0.0,0.0,0.0,0.0,0.0,0.0,0.0,0.0,0.0,0.0,0.0,0.0,0.0,0.0,0.0,0.0,0.0,0.0
2025-01-29,风速(km/h),8.0,8.0,7.3,7.5,8.2,7.8,7.8,7.3,7.8,7.4,7.8,7.1,6.7,6.6,7.1,8.6,9.6,8.4,6.9,8.4,9.8,9.1,10.9,9.3
2025-01-29,风向(°),46.0,48.0,42.0,40.0,52.0,44.0,38.0,33.0,40.0,32.0,44.0,41.0,56.0,73.0,81.0,101.0,107.0,113.0,135.0,155.0,154.0,158.0,134.0,118.0
2025-01-29,云量(%),97.0,77.0,100.0,97.0,92.0,17.0,38.0,28.0,100.0,99.0,85.0,83.0,1.0,0.0,1.0,1.0,0.0,0.0,0.0,0.0,0.0,0.0,1.0,0.0
2025-01-29,太阳总辐射(MJ/m²),0.0,0.0,0.0,0.0,0.0,0.0,0.0,0.0,0.115,0.396,0.95,1.53,2.124,2.621,2.678,2.326,1.775,1.066,0.338,0.004,0.0,0.0,0.0,0.0
2025-01-30,气温(℃),12.9,12.9,12.8,12.7,12.6,12.9,12.8,12.6,13.4,14.8,15.9,17.8,19.3,20.2,20.7,20.8,20.3,19.0,17.3,16.2,15.7,17.1,16.9,15.7
2025-01-30,降水量(mm),0.0,0.0,0.0,0.0,0.0,0.0,0.0,0.0,0.0,0.0,0.0,0.0,0.0,0.0,0.0,0.0,0.0,0.0,0.0,0.0,0.0,0.0,0.0,0.0
2025-01-30,风速(km/h),9.2,9.8,9.9,10.3,10.1,9.8,8.7,8.7,9.8,10.9,10.6,10.5,11.1,11.7,11.6,11.0,12.0,12.9,10.8,9.0,11.4,7.2,8.6,10.2
2025-01-30,风向(°),106.0,95.0,92.0,93.0,86.0,82.0,84.0,83.0,83.0,83.0,94.0,106.0,104.0,104.0,105.0,105.0,112.0,122.0,120.0,120.0,108.0,84.0,79.0,99.0
2025-01-30,云量(%),0.0,1.0,0.0,4.0,85.0,71.0,100.0,99.0,97.0,91.0,50.0,19.0,41.0,24.0,9.0,2.0,0.0,0.0,1.0,0.0,2.0,100.0,27.0,9.0
2025-01-30,太阳总辐射(MJ/m²),0.0,0.0,0.0,0.0,0.0,0.0,0.0,0.0,0.086,0.436,0.824,1.778,2.286,2.459,2.304,2.203,1.656,1.001,0.32,0.004,0.0,0.0,0.0,0.0
2025-01-31,气温(℃),15.3,15.2,14.8,14.6,14.8,14.7,14.8,15.6,16.5,18.3,20.4,22.3,23.3,24.0,24.6,24.0,23.2,21.6,19.6,18.8,18.8,18.2,17.6,16.9
2025-01-31,降水量(mm),0.0,0.0,0.0,0.0,0.0,0.0,0.0,0.0,0.0,0.0,0.0,0.0,0.0,0.0,0.0,0.0,0.0,0.0,0.0,0.0,0.0,0.1,0.1,0.0
2025-01-31,风速(km/h),11.2,11.4,11.1,11.7,12.7,12.0,10.9,11.6,12.3,9.4,9.2,11.5,11.8,11.9,13.2,13.6,13.1,13.0,10.7,9.0,7.1,7.4,5.6,4.0
2025-01-31,风向(°),101.0,106.0,107.0,105.0,102.0,99.0,103.0,103.0,95.0,103.0,102.0,117.0,118.0,124.0,133.0,132.0,131.0,131.0,132.0,127.0,117.0,119.0,96.0,95.0
2025-01-31,云量(%),56.0,2.0,1.0,2.0,6.0,5.0,100.0,100.0,100.0,5.0,2.0,35.0,34.0,14.0,27.0,81.0,89.0,100.0,100.0,100.0,98.0,72.0,69.0,99.0
2025-01-31,太阳总辐射(MJ/m²),0.0,0.0,0.0,0.0,0.0,0.0,0.0,0.0,0.058,0.752,1.462,2.084,2.293,2.365,2.34,1.865,1.559,0.853,0.234,0.004,0.0,0.0,0.0,0.0
2025-02-01,气温(℃),16.7,16.4,16.1,16.0,15.8,16.4,16.5,16.6,17.1,18.3,20.7,22.8,23.7,24.1,24.4,24.3,24.4,24.0,22.9,21.6,20.7,20.5,20.4,20.2
2025-02-01,降水量(mm),0.0,0.0,0.0,0.0,0.0,0.0,0.0,0.0,0.0,0.0,0.0,0.0,0.1,0.1,0.1,0.1,0.0,0.0,0.0,0.0,0.0,0.0,0.0,0.0
2025-02-01,风速(km/h),6.8,5.9,5.0,5.0,4.0,5.4,5.7,5.4,4.2,2.8,4.1,5.2,4.9,4.3,3.1,3.5,3.9,4.9,6.4,7.8,6.6,5.0,4.9,2.4
2025-02-01,风向(°),107.0,110.0,109.0,116.0,82.0,75.0,81.0,64.0,36.0,45.0,41.0,70.0,82.0,90.0,100.0,111.0,114.0,123.0,144.0,157.0,159.0,167.0,163.0,167.0
2025-02-01,云量(%),37.0,12.0,57.0,76.0,100.0,100.0,100.0,100.0,93.0,96.0,100.0,100.0,100.0,100.0,100.0,100.0,100.0,100.0,100.0,100.0,100.0,100.0,100.0,100.0
2025-02-01,太阳总辐射(MJ/m²),0.0,0.0,0.0,0.0,0.0,0.0,0.0,0.0,0.061,0.598,0.95,1.494,1.494,1.195,1.102,0.781,0.767,0.4,0.148,0.0,0.0,0.0,0.0,0.0
2025-02-02,气温(℃),20.0,19.4,18.5,18.0,17.6,17.6,17.4,17.5,17.8,19.8,20.4,21.8,22.8,22.5,22.0,21.7,21.1,20.8,20.4,19.7,18.9,16.8,15.9,15.2
2025-02-02,降水量(mm),0.0,0.0,0.0,0.0,0.0,0.0,0.0,0.0,0.0,0.0,0.2,0.0,0.2,0.3,0.3,0.2,0.1,0.0,0.0,0.0,0.0,0.1,0.6,0.6
2025-02-02,风速(km/h),1.1,3.9,4.3,5.2,4.9,5.6,5.9,6.7,6.7,8.7,8.1,7.8,3.9,3.6,4.9,6.8,8.6,8.0,7.1,8.7,8.7,8.6,12.1,12.7
2025-02-02,风向(°),81.0,53.0,68.0,61.0,82.0,90.0,78.0,81.0,90.0,107.0,108.0,113.0,118.0,330.0,336.0,2.0,23.0,42.0,45.0,24.0,22.0,1.0,342.0,352.0
2025-02-02,云量(%),95.0,100.0,100.0,99.0,94.0,40.0,64.0,28.0,100.0,100.0,82.0,53.0,72.0,100.0,94.0,100.0,100.0,100.0,100.0,100.0,100.0,100.0,100.0,100.0
2025-02-02,太阳总辐射(MJ/m²),0.0,0.0,0.0,0.0,0.0,0.0,0.0,0.0,0.112,0.443,0.634,1.278,1.66,1.408,1.202,1.037,0.655,0.382,0.137,0.004,0.0,0.0,0.0,0.0
2025-02-03,气温(℃),14.8,14.4,14.1,13.9,13.2,12.7,12.2,12.1,12.1,13.1,13.7,14.1,14.4,14.8,17.0,16.8,16.6,16.0,14.5,13.3,12.9,12.3,12.3,12.2
2025-02-03,降水量(mm),1.2,1.2,0.4,0.1,0.9,0.1,0.5,0.6,0.2,0.0,0.0,0.0,0.0,0.0,0.0,0.0,0.0,0.0,0.0,0.0,0.0,0.0,0.0,0.0
2025-02-03,风速(km/h),12.9,12.4,12.6,9.4,12.6,11.6,11.0,12.1,11.3,11.2,15.2,16.0,15.5,12.9,15.5,18.2,16.6,17.3,15.4,14.8,15.0,15.6,14.5,14.4
2025-02-03,风向(°),345.0,347.0,9.0,334.0,11.0,336.0,350.0,3.0,1.0,344.0,5.0,1.0,359.0,351.0,359.0,358.0,359.0,357.0,355.0,357.0,353.0,346.0,345.0,358.0
2025-02-03,云量(%),100.0,100.0,100.0,100.0,98.0,100.0,100.0,100.0,100.0,100.0,100.0,100.0,100.0,58.0,59.0,5.0,0.0,19.0,68.0,96.0,97.0,100.0,97.0,90.0
2025-02-03,太阳总辐射(MJ/m²),0.0,0.0,0.0,0.0,0.0,0.0,0.0,0.0,0.036,0.162,0.364,0.612,0.67,0.796,2.261,2.059,1.796,1.062,0.342,0.007,0.0,0.0,0.0,0.0
2025-02-04,气温(℃),11.4,10.3,9.8,9.3,8.9,8.7,8.5,8.2,8.8,10.5,11.3,12.5,14.4,16.5,17.4,17.8,17.6,17.1,15.6,14.2,13.5,13.4,13.0,12.2
2025-02-04,降水量(mm),0.0,0.0,0.0,0.0,0.0,0.0,0.0,0.0,0.0,0.0,0.0,0.0,0.0,0.0,0.0,0.0,0.0,0.0,0.0,0.0,0.0,0.0,0.0,0.0
2025-02-04,风速(km/h),14.4,13.8,13.3,12.8,13.0,11.9,11.3,10.8,9.7,12.5,12.6,11.8,10.9,10.2,9.0,8.5,8.2,7.3,4.0,4.5,5.5,3.8,3.7,2.8
2025-02-04,风向(°),10.0,13.0,13.0,14.0,14.0,15.0,13.0,10.0,359.0,8.0,11.0,13.0,24.0,36.0,44.0,55.0,57.0,59.0,82.0,92.0,77.0,85.0,23.0,40.0
2025-02-04,云量(%),58.0,83.0,34.0,17.0,19.0,25.0,4.0,6.0,10.0,100.0,100.0,100.0,15.0,9.0,85.0,86.0,89.0,81.0,77.0,84.0,78.0,93.0,88.0,92.0
2025-02-04,太阳总辐射(MJ/m²),0.0,0.0,0.0,0.0,0.0,0.0,0.0,0.0,0.166,0.482,0.659,0.868,1.523,2.567,2.689,2.387,1.728,1.094,0.367,0.007,0.0,0.0,0.0,0.0
2025-02-05,气温(℃),11.5,11.7,11.5,11.2,10.6,9.9,10.1,10.0,11.1,13.6,15.4,16.3,16.8,17.4,18.3,18.4,18.2,17.5,16.6,16.0,15.3,14.7,14.8,14.9
2025-02-05,降水量(mm),0.0,0.0,0.0,0.0,0.0,0.0,0.0,0.0,0.0,0.0,0.0,0.0,0.0,0.0,0.0,0.0,0.0,0.0,0.0,0.0,0.0,0.0,0.0,0.0
2025-02-05,风速(km/h),5.3,6.3,7.8,7.1,6.7,5.4,7.0,7.5,8.3,6.9,8.3,7.6,8.0,6.4,4.1,4.6,5.4,6.3,3.4,2.3,3.4,4.7,6.3,5.0
2025-02-05,风向(°),80.0,85.0,75.0,69.0,76.0,48.0,44.0,46.0,51.0,45.0,60.0,62.0,62.0,68.0,67.0,72.0,88.0,93.0,90.0,119.0,155.0,50.0,59.0,46.0
2025-02-05,云量(%),68.0,44.0,17.0,3.0,6.0,1.0,20.0,11.0,2.0,29.0,89.0,100.0,98.0,54.0,39.0,47.0,83.0,100.0,93.0,100.0,100.0,76.0,100.0,98.0
2025-02-05,太阳总辐射(MJ/m²),0.0,0.0,0.0,0.0,0.0,0.0,0.0,0.0,0.166,0.781,1.271,1.357,1.321,2.023,2.07,1.858,1.264,0.482,0.097,0.004,0.0,0.0,0.0,0.0
2025-02-06,气温(℃),14.3,14.2,13.9,13.8,13.8,13.7,13.5,13.0,13.0,15.0,16.4,17.5,17.7,19.2,20.4,20.6,20.6,20.2,19.4,18.9,18.5,17.0,16.6,16.3
2025-02-06,降水量(mm),0.0,0.0,0.0,0.0,0.0,0.0,0.0,0.1,0.0,0.0,0.0,0.0,0.0,0.0,0.0,0.0,0.0,0.0,0.0,0.0,0.0,0.0,0.0,0.0
2025-02-06,风速(km/h),5.0,5.7,4.8,4.6,3.8,5.1,6.8,7.4,7.1,7.6,9.3,9.7,8.7,7.9,7.6,7.0,7.2,6.3,3.5,4.8,8.1,9.0,9.8,9.5
2025-02-06,风向(°),2.0,9.0,13.0,13.0,17.0,10.0,12.0,26.0,34.0,36.0,50.0,62.0,60.0,70.0,76.0,80.0,77.0,66.0,51.0,25.0,29.0,22.0,18.0,22.0
2025-02-06,云量(%),100.0,100.0,100.0,100.0,100.0,100.0,100.0,100.0,100.0,76.0,64.0,94.0,67.0,28.0,68.0,53.0,54.0,100.0,100.0,100.0,100.0,100.0,100.0,100.0
2025-02-06,太阳总辐射(MJ/m²),0.0,0.0,0.0,0.0,0.0,0.0,0.0,0.0,0.047,0.328,1.112,1.256,1.336,2.387,2.603,2.034,1.458,0.997,0.216,0.004,0.0,0.0,0.0,0.0
2025-02-07,气温(℃),15.7,15.0,14.3,13.7,13.1,12.5,12.0,11.6,11.6,11.8,12.3,13.6,14.2,14.8,15.1,15.5,15.2,14.9,14.3,13.2,12.8,11.5,11.3,11.1
2025-02-07,降水量(mm),0.0,0.0,0.0,0.0,0.0,0.0,0.0,0.0,0.0,0.0,0.0,0.0,0.0,0.0,0.0,0.0,0.0,0.0,0.0,0.0,0.0,0.0,0.0,0.0
2025-02-07,风速(km/h),10.8,11.5,11.2,11.3,12.7,12.8,12.7,13.0,12.5,14.7,15.8,14.8,15.3,15.8,14.8,16.1,16.5,15.7,14.9,14.3,15.8,14.3,14.1,13.3
2025-02-07,风向(°),37.0,44.0,37.0,22.0,15.0,11.0,7.0,2.0,352.0,354.0,353.0,357.0,356.0,359.0,6.0,4.0,8.0,11.0,9.0,10.0,27.0,27.0,25.0,23.0
2025-02-07,云量(%),100.0,100.0,100.0,100.0,100.0,100.0,66.0,29.0,41.0,100.0,100.0,100.0,100.0,100.0,100.0,100.0,100.0,97.0,50.0,77.0,47.0,96.0,95.0,98.0
2025-02-07,太阳总辐射(MJ/m²),0.0,0.0,0.0,0.0,0.0,0.0,0.0,0.0,0.144,0.328,0.504,1.238,1.242,1.404,1.332,1.12,0.828,0.479,0.223,0.007,0.0,0.0,0.0,0.0
2025-02-08,气温(℃),10.8,10.3,9.8,9.4,9.0,8.6,8.3,8.2,8.9,11.0,11.7,12.5,13.8,14.9,15.7,16.3,16.3,15.9,14.4,12.8,12.1,11.0,10.3,10.0
2025-02-08,降水量(mm),0.0,0.0,0.0,0.0,0.0,0.0,0.0,0.0,0.0,0.0,0.0,0.0,0.0,0.0,0.0,0.0,0.0,0.0,0.0,0.0,0.0,0.0,0.0,0.0
2025-02-08,风速(km/h),15.1,15.0,14.7,14.8,15.2,14.3,14.2,13.9,12.2,17.3,17.6,16.9,16.2,15.2,13.9,13.1,13.5,12.3,8.6,9.4,8.6,7.9,8.5,8.4
2025-02-08,风向(°),27.0,24.0,19.0,13.0,10.0,12.0,13.0,19.0,19.0,27.0,27.0,24.0,17.0,24.0,29.0,29.0,25.0,27.0,37.0,47.0,39.0,343.0,360.0,15.0
2025-02-08,云量(%),29.0,9.0,11.0,13.0,46.0,50.0,93.0,62.0,48.0,90.0,94.0,52.0,3.0,3.0,0.0,3.0,0.0,0.0,0.0,60.0,87.0,42.0,57.0,67.0
2025-02-08,太阳总辐射(MJ/m²),0.0,0.0,0.0,0.0,0.0,0.0,0.0,0.0,0.166,0.655,1.048,1.501,2.218,2.844,2.776,2.452,1.894,1.166,0.41,0.011,0.0,0.0,0.0,0.0
2025-02-09,气温(℃),9.5,8.7,7.9,7.2,6.7,6.2,5.7,5.4,6.3,9.5,11.0,12.6,14.1,15.2,15.9,16.2,16.1,15.6,14.0,12.8,12.2,11.2,10.4,9.9
2025-02-09,降水量(mm),0.0,0.0,0.0,0.0,0.0,0.0,0.0,0.0,0.0,0.0,0.0,0.0,0.0,0.0,0.0,0.0,0.0,0.0,0.0,0.0,0.0,0.0,0.0,0.0
2025-02-09,风速(km/h),9.8,9.6,9.6,9.4,9.6,9.4,9.0,8.4,8.5,11.0,10.6,10.6,9.9,9.0,8.4,8.8,9.3,8.7,3.8,1.8,3.6,2.4,5.9,4.5
2025-02-09,风向(°),18.0,17.0,13.0,7.0,4.0,4.0,5.0,7.0,4.0,15.0,19.0,23.0,33.0,38.0,43.0,59.0,63.0,68.0,107.0,114.0,60.0,171.0,180.0,178.0
2025-02-09,云量(%),14.0,91.0,0.0,0.0,27.0,1.0,2.0,20.0,3.0,0.0,0.0,0.0,12.0,0.0,0.0,0.0,0.0,0.0,0.0,0.0,0.0,0.0,0.0,0.0
2025-02-09,太阳总辐射(MJ/m²),0.0,0.0,0.0,0.0,0.0,0.0,0.0,0.0,0.198,0.889,1.649,2.29,2.725,2.912,2.826,2.48,1.908,1.177,0.418,0.011,0.0,0.0,0.0,0.0
2025-02-10,气温(℃),10.0,10.5,10.3,10.5,10.6,10.3,9.9,9.5,10.4,13.1,14.9,16.7,18.2,19.3,20.0,20.3,20.2,19.6,17.8,15.3,14.3,14.5,14.3,14.1
2025-02-10,降水量(mm),0.0,0.0,0.0,0.0,0.0,0.0,0.0,0.0,0.0,0.0,0.0,0.0,0.0,0.0,0.0,0.0,0.0,0.0,0.0,0.0,0.0,0.0,0.0,0.0
2025-02-10,风速(km/h),5.5,7.0,5.8,7.4,8.7,8.5,7.9,7.4,7.8,7.8,7.9,7.8,7.7,7.2,6.6,6.9,6.9,6.9,5.9,9.6,10.6,9.6,9.6,7.8
2025-02-10,风向(°),113.0,103.0,86.0,76.0,84.0,84.0,77.0,68.0,50.0,34.0,43.0,52.0,62.0,65.0,73.0,83.0,95.0,104.0,113.0,140.0,156.0,146.0,147.0,132.0
2025-02-10,云量(%),0.0,0.0,0.0,0.0,1.0,31.0,0.0,0.0,0.0,0.0,0.0,0.0,0.0,0.0,0.0,0.0,0.0,0.0,0.0,0.0,0.0,7.0,2.0,15.0
2025-02-10,太阳总辐射(MJ/m²),0.0,0.0,0.0,0.0,0.0,0.0,0.0,0.0,0.191,0.868,1.62,2.25,2.682,2.873,2.79,2.452,1.886,1.163,0.414,0.014,0.0,0.0,0.0,0.0
2025-02-11,气温(℃),13.8,13.6,14.1,14.5,14.5,14.2,14.3,14.2,14.9,16.2,18.1,20.3,22.0,22.9,22.6,22.1,21.6,20.9,19.4,18.3,17.8,19.0,18.4,18.2
2025-02-11,降水量(mm),0.0,0.0,0.0,0.0,0.0,0.0,0.0,0.0,0.0,0.0,0.0,0.0,0.0,0.0,0.0,0.0,0.0,0.0,0.1,0.1,0.0,0.0,0.0,0.0
2025-02-11,风速(km/h),7.2,8.1,9.4,10.3,11.2,10.0,9.9,9.7,10.4,9.4,7.5,5.4,5.6,5.6,6.8,8.5,8.2,9.2,10.4,9.7,10.2,7.8,5.8,5.3
2025-02-11,风向(°),112.0,95.0,95.0,93.0,85.0,110.0,100.0,94.0,88.0,77.0,73.0,75.0,88.0,97.0,115.0,111.0,119.0,125.0,127.0,121.0,116.0,124.0,124.0,118.0
2025-02-11,云量(%),43.0,95.0,100.0,100.0,91.0,100.0,100.0,100.0,44.0,49.0,0.0,4.0,55.0,100.0,100.0,100.0,100.0,100.0,100.0,100.0,100.0,100.0,100.0,99.0
2025-02-11,太阳总辐射(MJ/m²),0.0,0.0,0.0,0.0,0.0,0.0,0.0,0.0,0.086,0.511,1.336,2.207,2.628,2.606,1.426,0.803,0.608,0.284,0.14,0.004,0.0,0.0,0.0,0.0
2025-02-12,气温(℃),17.8,17.4,17.2,17.1,17.0,16.8,16.8,16.9,17.2,17.5,18.9,20.1,19.9,20.3,20.9,21.0,21.6,22.0,21.2,19.5,19.0,19.3,19.0,17.9
2025-02-12,降水量(mm),0.0,0.1,0.0,0.0,0.1,0.2,0.2,0.1,0.1,0.1,0.0,0.0,0.2,0.4,0.4,0.1,0.0,0.0,0.0,0.0,0.0,0.0,0.0,0.0
2025-02-12,风速(km/h),4.0,3.1,3.8,4.9,5.5,6.6,6.6,5.9,6.1,6.1,5.4,5.7,5.5,5.6,2.7,2.7,6.3,7.0,2.9,3.7,6.9,4.9,2.5,3.3
2025-02-12,风向(°),90.0,66.0,41.0,39.0,46.0,41.0,53.0,43.0,32.0,14.0,20.0,18.0,9.0,22.0,360.0,113.0,129.0,113.0,79.0,137.0,141.0,123.0,94.0,13.0
2025-02-12,云量(%),100.0,100.0,100.0,100.0,100.0,100.0,100.0,100.0,100.0,100.0,100.0,100.0,100.0,100.0,100.0,100.0,100.0,20.0,1.0,15.0,5.0,56.0,4.0,18.0
2025-02-12,太阳总辐射(MJ/m²),0.0,0.0,0.0,0.0,0.0,0.0,0.0,0.0,0.068,0.158,0.551,0.659,0.302,0.418,0.572,0.58,0.724,0.475,0.371,0.014,0.0,0.0,0.0,0.0
2025-02-13,气温(℃),18.3,17.8,16.8,16.3,15.5,14.6,13.9,13.3,13.5,15.1,16.9,18.6,20.0,20.8,21.2,21.1,21.2,21.0,20.1,19.1,17.5,16.9,16.1,15.0
2025-02-13,降水量(mm),0.1,0.1,0.4,0.0,0.0,0.0,0.0,0.0,0.0,0.0,0.0,0.0,0.0,0.0,0.0,0.0,0.0,0.0,0.0,0.0,0.0,0.0,0.0,0.0
2025-02-13,风速(km/h),11.3,12.7,13.9,12.0,12.1,10.6,10.1,11.2,11.6,11.5,13.4,12.6,11.4,10.9,11.2,11.0,9.6,7.6,2.6,2.2,5.8,1.9,3.4,4.0
2025-02-13,风向(°),358.0,353.0,2.0,9.0,2.0,359.0,354.0,355.0,353.0,349.0,11.0,17.0,25.0,45.0,62.0,71.0,77.0,91.0,65.0,66.0,158.0,338.0,93.0,141.0
2025-02-13,云量(%),100.0,100.0,100.0,100.0,47.0,17.0,33.0,22.0,13.0,100.0,100.0,69.0,100.0,100.0,100.0,96.0,91.0,38.0,17.0,1.0,0.0,2.0,0.0,0.0
2025-02-13,太阳总辐射(MJ/m²),0.0,0.0,0.0,0.0,0.0,0.0,0.0,0.0,0.191,0.292,0.864,1.476,1.984,1.724,1.397,1.188,1.13,0.752,0.302,0.014,0.0,0.0,0.0,0.0
2025-02-14,气温(℃),14.3,14.1,13.9,14.0,14.3,15.1,15.5,15.4,16.1,17.6,19.4,20.3,20.6,21.2,22.3,22.8,22.2,20.8,19.2,17.7,17.1,17.1,17.0,16.6
2025-02-14,降水量(mm),0.0,0.0,0.0,0.0,0.0,0.0,0.0,0.0,0.0,0.0,0.0,0.0,0.0,0.0,0.0,0.0,0.0,0.0,0.0,0.0,0.0,0.0,0.0,0.0
2025-02-14,风速(km/h),3.8,4.1,4.6,5.6,4.5,7.1,7.1,5.2,6.1,7.8,8.3,7.3,6.8,6.2,7.3,8.2,10.3,9.8,10.9,11.2,10.7,9.6,9.9,8.3
2025-02-14,风向(°),161.0,151.0,126.0,117.0,95.0,97.0,97.0,76.0,90.0,86.0,79.0,62.0,58.0,83.0,106.0,122.0,119.0,125.0,146.0,154.0,144.0,140.0,132.0,136.0
2025-02-14,云量(%),8.0,14.0,1.0,23.0,99.0,100.0,100.0,100.0,99.0,75.0,94.0,99.0,93.0,84.0,15.0,31.0,37.0,98.0,100.0,100.0,67.0,100.0,88.0,99.0
2025-02-14,太阳总辐射(MJ/m²),0.0,0.0,0.0,0.0,0.0,0.0,0.0,0.0,0.094,0.49,1.22,1.339,1.411,1.667,2.261,2.21,1.552,0.9,0.248,0.011,0.0,0.0,0.0,0.0
2025-02-15,气温(℃),16.6,16.6,16.4,16.2,15.6,15.1,14.7,14.3,15.7,18.5,20.5,22.6,23.4,23.6,23.6,24.0,24.1,24.1,22.8,20.2,18.9,19.2,18.6,18.5
2025-02-15,降水量(mm),0.0,0.0,0.0,0.0,0.0,0.0,0.0,0.0,0.0,0.0,0.0,0.0,0.0,0.0,0.1,0.1,0.2,0.0,0.0,0.0,0.0,0.0,0.0,0.0
2025-02-15,风速(km/h),7.1,6.5,3.3,5.0,6.7,4.6,4.0,0.3,3.9,4.8,8.7,10.9,8.9,8.0,6.1,4.4,3.3,2.1,3.3,8.8,8.0,5.2,5.4,5.4
2025-02-15,风向(°),135.0,129.0,135.0,111.0,114.0,101.0,122.0,315.0,22.0,146.0,150.0,164.0,187.0,220.0,227.0,238.0,225.0,165.0,81.0,110.0,144.0,168.0,176.0,178.0
2025-02-15,云量(%),89.0,99.0,52.0,6.0,0.0,4.0,10.0,91.0,87.0,8.0,36.0,77.0,100.0,100.0,100.0,100.0,100.0,71.0,20.0,12.0,3.0,23.0,97.0,100.0
2025-02-15,太阳总辐射(MJ/m²),0.0,0.0,0.0,0.0,0.0,0.0,0.0,0.0,0.187,0.839,1.498,1.876,1.494,1.188,0.961,0.972,0.95,0.806,0.389,0.018,0.0,0.0,0.0,0.0
2025-02-16,气温(℃),18.6,18.6,18.2,17.7,17.1,16.6,16.7,17.2,18.2,20.2,22.0,23.7,24.6,24.8,25.4,26.4,26.7,26.4,24.8,23.0,21.8,19.9,18.9,18.1
2025-02-16,降水量(mm),0.0,0.0,0.0,0.0,0.0,0.0,0.0,0.0,0.0,0.0,0.0,0.0,0.1,0.0,0.0,0.0,0.0,0.0,0.0,0.0,0.0,0.0,0.0,0.0
2025-02-16,风速(km/h),4.3,2.1,1.3,1.8,1.4,2.3,4.9,6.5,7.4,6.6,7.0,6.9,8.9,10.8,9.1,6.8,5.3,7.7,11.9,12.3,12.6,11.5,11.2,9.9
2025-02-16,风向(°),185.0,232.0,326.0,24.0,310.0,309.0,309.0,328.0,342.0,339.0,337.0,323.0,332.0,342.0,345.0,342.0,325.0,332.0,340.0,348.0,359.0,358.0,357.0,355.0
2025-02-16,云量(%),98.0,96.0,91.0,9.0,11.0,39.0,78.0,84.0,72.0,28.0,28.0,95.0,100.0,100.0,97.0,67.0,29.0,96.0,52.0,5.0,2.0,8.0,12.0,6.0
2025-02-16,太阳总辐射(MJ/m²),0.0,0.0,0.0,0.0,0.0,0.0,0.0,0.0,0.144,0.727,1.512,2.16,2.002,1.678,1.861,2.153,1.494,0.907,0.245,0.018,0.0,0.0,0.0,0.0
2025-02-17,气温(℃),17.3,16.7,16.4,15.9,15.5,15.3,15.6,15.1,15.4,16.8,18.0,19.3,20.7,21.6,23.0,23.7,23.2,22.5,21.3,19.8,18.8,19.0,18.2,17.7
2025-02-17,降水量(mm),0.0,0.0,0.0,0.0,0.0,0.0,0.0,0.0,0.0,0.0,0.0,0.0,0.0,0.0,0.0,0.0,0.0,0.0,0.0,0.0,0.0,0.0,0.0,0.0
2025-02-17,风速(km/h),8.7,7.5,7.8,8.5,7.7,7.2,6.5,5.9,6.1,6.6,6.9,6.7,6.1,8.8,10.8,8.7,7.9,8.7,8.4,7.8,10.9,7.5,8.1,8.5
2025-02-17,风向(°),4.0,20.0,46.0,38.0,31.0,39.0,44.0,38.0,30.0,21.0,28.0,46.0,78.0,121.0,137.0,142.0,135.0,132.0,135.0,142.0,126.0,114.0,118.0,114.0
2025-02-17,云量(%),6.0,8.0,2.0,7.0,95.0,81.0,89.0,3.0,8.0,100.0,100.0,100.0,100.0,100.0,93.0,100.0,97.0,100.0,100.0,100.0,100.0,100.0,99.0,98.0
2025-02-17,太阳总辐射(MJ/m²),0.0,0.0,0.0,0.0,0.0,0.0,0.0,0.0,0.198,0.371,0.756,1.271,1.674,1.48,1.714,1.692,1.069,0.763,0.245,0.014,0.0,0.0,0.0,0.0
2025-02-18,气温(℃),16.9,16.2,15.9,15.8,15.7,16.0,16.2,16.1,16.6,18.1,19.5,21.1,22.4,22.6,22.4,23.3,23.3,22.5,20.4,18.5,17.6,17.4,17.3,16.9
2025-02-18,降水量(mm),0.0,0.0,0.0,0.0,0.0,0.0,0.0,0.0,0.0,0.0,0.0,0.0,0.0,0.0,0.0,0.0,0.0,0.0,0.0,0.0,0.0,0.0,0.0,0.0
2025-02-18,风速(km/h),8.2,6.0,5.6,5.3,5.4,6.4,6.0,6.1,6.6,6.8,7.9,8.0,7.0,7.2,7.0,5.1,5.2,4.1,7.5,10.1,9.8,6.2,8.5,9.7
2025-02-18,风向(°),116.0,127.0,123.0,108.0,88.0,80.0,63.0,43.0,49.0,32.0,41.0,52.0,50.0,25.0,23.0,32.0,27.0,90.0,136.0,151.0,145.0,123.0,102.0,100.0
2025-02-18,云量(%),6.0,20.0,24.0,36.0,100.0,100.0,100.0,100.0,100.0,39.0,0.0,6.0,98.0,100.0,100.0,100.0,100.0,100.0,100.0,100.0,100.0,100.0,100.0,100.0
2025-02-18,太阳总辐射(MJ/m²),0.0,0.0,0.0,0.0,0.0,0.0,0.0,0.0,0.104,0.439,1.451,2.308,2.509,1.717,1.343,1.854,0.922,0.472,0.22,0.014,0.0,0.0,0.0,0.0
2025-02-19,气温(℃),16.5,16.5,16.3,16.1,15.8,15.5,15.5,15.5,15.7,17.1,18.5,19.8,20.5,20.8,21.7,21.4,21.2,20.6,19.1,17.0,16.5,17.7,17.8,17.4
2025-02-19,降水量(mm),0.0,0.0,0.0,0.0,0.0,0.0,0.0,0.0,0.0,0.0,0.0,0.0,0.0,0.0,0.0,0.0,0.0,0.0,0.0,0.0,0.0,0.0,0.0,0.0
2025-02-19,风速(km/h),9.5,8.9,8.9,9.5,8.9,8.6,8.4,9.9,12.2,8.7,9.8,10.5,10.9,11.2,10.8,10.0,9.6,10.4,8.9,9.5,9.2,7.1,8.5,9.7
2025-02-19,风向(°),99.0,99.0,97.0,101.0,98.0,88.0,75.0,81.0,82.0,86.0,95.0,103.0,107.0,111.0,114.0,110.0,107.0,118.0,138.0,151.0,132.0,124.0,102.0,100.0
2025-02-19,云量(%),100.0,100.0,100.0,98.0,92.0,97.0,100.0,100.0,100.0,98.0,66.0,84.0,27.0,42.0,45.0,17.0,0.0,0.0,0.0,0.0,0.0,100.0,100.0,98.0
2025-02-19,太阳总辐射(MJ/m²),0.0,0.0,0.0,0.0,0.0,0.0,0.0,0.0,0.14,0.443,1.13,1.832,2.344,2.074,2.38,2.142,1.699,1.148,0.439,0.022,0.0,0.0,0.0,0.0
2025-02-20,气温(℃),17.2,17.1,17.0,16.9,16.6,16.6,16.4,16.2,16.9,18.2,19.0,20.9,22.5,24.1,24.9,24.5,23.2,22.2,20.5,18.8,17.9,17.5,17.2,16.8
2025-02-20,降水量(mm),0.0,0.0,0.0,0.0,0.0,0.0,0.0,0.0,0.0,0.0,0.0,0.0,0.0,0.0,0.0,0.0,0.0,0.0,0.0,0.0,0.0,0.0,0.0,0.0
2025-02-20,风速(km/h),10.4,10.5,11.7,11.6,10.3,10.0,9.7,8.9,7.3,6.4,7.1,7.7,8.8,8.8,10.8,11.2,12.6,13.0,11.5,10.7,10.1,10.5,10.2,10.7
2025-02-20,风向(°),101.0,97.0,95.0,98.0,103.0,107.0,112.0,108.0,100.0,82.0,83.0,91.0,95.0,110.0,126.0,125.0,128.0,129.0,132.0,144.0,133.0,127.0,118.0,120.0
2025-02-20,云量(%),100.0,100.0,100.0,93.0,41.0,54.0,97.0,99.0,100.0,100.0,98.0,45.0,10.0,4.0,33.0,36.0,2.0,10.0,16.0,1.0,3.0,10.0,8.0,11.0
2025-02-20,太阳总辐射(MJ/m²),0.0,0.0,0.0,0.0,0.0,0.0,0.0,0.0,0.14,0.436,0.67,1.408,1.908,2.581,2.455,1.789,1.094,1.015,0.45,0.022,0.0,0.0,0.0,0.0
2025-02-21,气温(℃),16.5,16.2,15.9,15.8,15.9,15.9,16.0,15.8,16.6,17.5,17.5,18.1,19.4,19.8,20.5,21.0,21.3,21.3,20.4,19.2,19.0,17.9,17.3,16.6
2025-02-21,降水量(mm),0.0,0.0,0.0,0.0,0.0,0.0,0.0,0.0,0.0,0.0,0.0,0.0,0.0,0.0,0.0,0.0,0.0,0.0,0.0,0.0,0.0,0.0,0.0,0.0
2025-02-21,风速(km/h),6.8,6.1,6.9,9.0,9.2,8.7,8.3,8.1,10.8,12.9,12.4,12.0,11.5,10.6,9.7,8.9,9.9,9.4,5.3,3.9,6.4,8.2,6.1,5.2
2025-02-21,风向(°),107.0,102.0,81.0,64.0,50.0,45.0,57.0,39.0,38.0,49.0,51.0,46.0,45.0,48.0,55.0,56.0,57.0,58.0,52.0,24.0,18.0,22.0,28.0,41.0
2025-02-21,云量(%),11.0,32.0,50.0,100.0,100.0,100.0,100.0,100.0,100.0,100.0,100.0,100.0,100.0,100.0,100.0,100.0,100.0,100.0,89.0,18.0,53.0,38.0,39.0,97.0
2025-02-21,太阳总辐射(MJ/m²),0.0,0.0,0.0,0.0,0.0,0.0,0.0,0.0,0.137,0.328,0.49,0.922,1.422,1.22,1.235,1.202,1.048,0.846,0.364,0.022,0.0,0.0,0.0,0.0
2025-02-22,气温(℃),16.5,16.3,16.3,16.1,16.2,16.0,15.8,15.6,15.7,15.9,16.0,17.4,18.1,18.8,19.8,20.5,19.6,19.3,19.0,18.8,18.5,17.9,16.8,16.7
2025-02-22,降水量(mm),0.0,0.0,0.0,0.0,0.0,0.0,0.0,0.0,0.0,0.0,0.1,0.0,0.0,0.0,0.0,0.0,0.1,0.1,0.0,0.0,0.0,0.1,0.0,0.0
2025-02-22,风速(km/h),5.9,6.5,6.3,7.2,8.3,7.6,7.3,7.5,8.3,7.2,8.1,8.7,7.0,9.4,7.8,6.3,5.7,4.5,1.5,1.1,0.7,8.4,7.0,8.6
2025-02-22,风向(°),78.0,95.0,92.0,84.0,88.0,78.0,62.0,46.0,42.0,35.0,31.0,47.0,40.0,72.0,86.0,83.0,58.0,43.0,45.0,99.0,166.0,65.0,23.0,8.0
2025-02-22,云量(%),96.0,100.0,100.0,100.0,100.0,100.0,100.0,100.0,100.0,100.0,90.0,100.0,100.0,97.0,98.0,100.0,100.0,100.0,100.0,100.0,99.0,4.0,45.0,98.0
2025-02-22,太阳总辐射(MJ/m²),0.0,0.0,0.0,0.0,0.0,0.0,0.0,0.0,0.104,0.274,0.439,1.066,1.055,0.878,1.613,1.228,0.436,0.425,0.122,0.007,0.0,0.0,0.0,0.0
2025-02-23,气温(℃),16.6,16.2,16.0,15.8,15.6,15.1,14.7,14.3,14.0,15.2,15.8,17.3,17.8,18.3,18.1,17.9,18.3,18.4,18.0,17.2,16.8,14.6,14.4,14.1
2025-02-23,降水量(mm),0.0,0.0,0.0,0.0,0.0,0.0,0.0,0.0,0.0,0.0,0.0,0.0,0.0,0.0,0.0,0.0,0.0,0.0,0.0,0.0,0.0,0.0,0.0,0.0
2025-02-23,风速(km/h),9.2,9.2,7.8,8.5,11.6,12.0,11.9,11.1,11.8,12.8,14.2,14.8,14.8,15.0,15.1,13.9,13.0,13.1,11.9,9.7,10.7,10.9,11.1,16.1
2025-02-23,风向(°),360.0,4.0,19.0,36.0,33.0,39.0,35.0,20.0,19.0,9.0,12.0,16.0,5.0,6.0,1.0,4.0,11.0,15.0,20.0,24.0,30.0,347.0,7.0,22.0
2025-02-23,云量(%),100.0,100.0,100.0,100.0,100.0,100.0,100.0,100.0,100.0,99.0,88.0,100.0,100.0,100.0,100.0,100.0,100.0,73.0,100.0,83.0,67.0,100.0,100.0,96.0
2025-02-23,太阳总辐射(MJ/m²),0.0,0.0,0.0,0.0,0.0,0.0,0.0,0.0,0.072,0.31,0.572,1.462,1.721,1.71,1.426,1.087,0.997,0.796,0.356,0.018,0.0,0.0,0.0,0.0
2025-02-24,气温(℃),12.7,11.9,11.1,10.5,10.2,9.7,9.2,8.8,9.5,11.6,13.3,15.1,16.8,17.9,18.7,18.9,19.1,18.6,17.6,16.5,15.2,15.2,14.4,14.0
2025-02-24,降水量(mm),0.0,0.0,0.0,0.0,0.0,0.0,0.0,0.0,0.0,0.0,0.0,0.0,0.0,0.0,0.0,0.0,0.0,0.0,0.0,0.0,0.0,0.0,0.0,0.0
2025-02-24,风速(km/h),17.0,16.0,14.9,14.9,14.2,14.0,12.1,11.8,12.3,13.1,13.4,13.7,12.7,11.4,11.3,10.5,8.9,6.8,2.5,0.8,8.3,3.8,3.7,8.4
2025-02-24,风向(°),22.0,19.0,22.0,21.0,15.0,12.0,7.0,6.0,7.0,16.0,24.0,32.0,40.0,53.0,63.0,63.0,82.0,79.0,45.0,207.0,175.0,85.0,157.0,127.0
2025-02-24,云量(%),100.0,100.0,84.0,77.0,66.0,11.0,6.0,1.0,1.0,12.0,19.0,40.0,85.0,20.0,9.0,4.0,4.0,1.0,14.0,13.0,17.0,24.0,18.0,4.0
2025-02-24,太阳总辐射(MJ/m²),0.0,0.0,0.0,0.0,0.0,0.0,0.0,0.0,0.263,0.954,1.688,2.308,2.732,2.722,2.786,2.47,1.94,1.217,0.464,0.029,0.0,0.0,0.0,0.0
2025-02-25,气温(℃),13.8,13.7,13.7,13.8,13.6,13.4,13.5,13.4,13.9,14.7,15.8,16.1,16.0,17.0,16.6,16.6,15.6,15.0,14.7,14.3,14.2,14.5,14.2,14.1
2025-02-25,降水量(mm),0.0,0.0,0.0,0.0,0.0,0.0,0.0,0.0,0.0,0.0,0.0,0.0,0.0,0.0,0.0,0.3,0.8,0.5,0.0,3.4,0.1,0.4,0.3,0.1
2025-02-25,风速(km/h),9.0,8.4,8.3,10.2,10.5,11.2,10.8,10.3,12.1,10.4,9.3,8.8,10.2,10.4,9.0,6.7,7.4,6.7,7.4,6.5,6.8,8.2,6.7,6.4
2025-02-25,风向(°),112.0,118.0,112.0,108.0,110.0,108.0,95.0,79.0,73.0,53.0,54.0,33.0,10.0,11.0,12.0,44.0,45.0,3.0,357.0,13.0,11.0,341.0,355.0,349.0
2025-02-25,云量(%),7.0,5.0,88.0,89.0,74.0,99.0,97.0,100.0,100.0,99.0,100.0,100.0,100.0,100.0,100.0,100.0,100.0,100.0,100.0,100.0,100.0,100.0,100.0,100.0
2025-02-25,太阳总辐射(MJ/m²),0.0,0.0,0.0,0.0,0.0,0.0,0.0,0.0,0.166,0.256,0.749,0.637,0.63,1.238,0.569,0.684,0.335,0.241,0.137,0.011,0.0,0.0,0.0,0.0
2025-02-26,气温(℃),13.9,13.7,13.4,13.2,13.1,13.0,13.1,13.2,13.4,14.9,15.6,16.4,16.7,16.6,16.8,17.2,17.3,16.8,16.5,15.8,15.6,15.3,14.9,14.7
2025-02-26,降水量(mm),0.5,0.6,0.6,0.9,1.3,0.6,0.2,0.4,0.3,0.0,0.0,0.1,0.2,0.2,0.1,0.1,0.1,0.1,0.0,0.0,0.0,0.0,0.0,0.0
2025-02-26,风速(km/h),5.8,8.3,7.6,7.2,5.5,5.3,5.6,7.4,8.6,10.4,9.4,7.3,6.9,6.1,3.9,4.9,4.7,3.1,2.3,3.1,5.1,1.4,3.9,2.8
2025-02-26,风向(°),355.0,342.0,342.0,332.0,351.0,10.0,358.0,347.0,1.0,9.0,20.0,30.0,25.0,3.0,43.0,88.0,72.0,69.0,129.0,144.0,138.0,180.0,106.0,101.0
2025-02-26,云量(%),100.0,100.0,100.0,100.0,100.0,100.0,100.0,100.0,100.0,100.0,100.0,100.0,100.0,100.0,100.0,100.0,100.0,100.0,100.0,100.0,100.0,98.0,96.0,100.0
2025-02-26,太阳总辐射(MJ/m²),0.0,0.0,0.0,0.0,0.0,0.0,0.0,0.0,0.068,0.378,0.389,0.673,0.68,0.619,0.716,0.742,0.601,0.27,0.166,0.014,0.0,0.0,0.0,0.0
2025-02-27,气温(℃),14.8,14.5,14.2,13.9,13.5,14.3,14.5,14.7,15.2,16.9,18.4,21.1,22.9,23.4,23.3,22.7,22.6,21.7,20.5,18.2,17.0,17.0,16.6,16.4
2025-02-27,降水量(mm),1.2,0.0,0.0,0.1,0.0,0.0,0.0,0.0,0.1,0.0,0.0,0.0,0.0,0.0,0.0,0.0,0.0,0.0,0.0,0.0,0.0,0.0,0.0,0.0
2025-02-27,风速(km/h),1.3,0.6,1.5,2.7,4.5,7.0,7.0,6.8,5.6,4.7,4.3,3.3,3.5,0.2,5.4,9.8,10.9,10.6,9.4,9.3,9.8,8.9,9.0,8.6
2025-02-27,风向(°),82.0,146.0,104.0,58.0,67.0,87.0,86.0,93.0,83.0,81.0,90.0,131.0,156.0,360.0,88.0,104.0,117.0,134.0,149.0,152.0,149.0,152.0,149.0,144.0
2025-02-27,云量(%),100.0,73.0,71.0,47.0,100.0,100.0,100.0,99.0,100.0,98.0,17.0,65.0,100.0,100.0,100.0,100.0,100.0,59.0,30.0,10.0,1.0,1.0,1.0,0.0
2025-02-27,太阳总辐射(MJ/m²),0.0,0.0,0.0,0.0,0.0,0.0,0.0,0.0,0.101,0.385,1.069,2.254,2.257,1.627,1.321,0.986,0.918,0.526,0.306,0.029,0.0,0.0,0.0,0.0
2025-02-28,气温(℃),16.2,16.0,15.8,15.4,14.9,14.3,13.9,14.6,15.7,18.1,20.5,22.7,24.7,26.0,26.6,25.8,24.5,23.7,22.2,20.4,19.5,19.6,19.2,19.0
2025-02-28,降水量(mm),0.0,0.0,0.0,0.0,0.0,0.0,0.0,0.0,0.0,0.0,0.0,0.0,0.0,0.0,0.0,0.0,0.0,0.0,0.0,0.0,0.0,0.0,0.0,0.0
2025-02-28,风速(km/h),7.8,6.9,6.2,4.6,4.1,2.1,3.8,4.5,5.9,6.7,7.3,5.3,6.5,7.7,8.8,14.7,15.4,14.4,13.5,11.9,11.1,7.7,8.3,9.6
2025-02-28,风向(°),146.0,149.0,142.0,132.0,113.0,52.0,71.0,83.0,88.0,87.0,110.0,102.0,141.0,159.0,154.0,132.0,137.0,148.0,151.0,150.0,144.0,149.0,141.0,140.0
2025-02-28,云量(%),0.0,0.0,2.0,3.0,20.0,100.0,100.0,100.0,100.0,100.0,44.0,5.0,43.0,44.0,97.0,52.0,21.0,2.0,4.0,1.0,0.0,0.0,0.0,5.0
2025-02-28,太阳总辐射(MJ/m²),0.0,0.0,0.0,0.0,0.0,0.0,0.0,0.0,0.184,0.518,1.08,2.236,2.786,2.621,2.009,1.937,1.3,1.055,0.497,0.032,0.0,0.0,0.0,0.0
2025-03-01,气温(℃),18.9,18.9,18.8,18.8,18.8,19.0,19.1,19.1,20.0,21.7,23.6,24.7,25.6,26.3,26.5,25.9,25.2,24.3,22.8,21.4,20.8,20.8,20.3,20.4
2025-03-01,降水量(mm),0.0,0.0,0.0,0.0,0.0,0.0,0.0,0.0,0.0,0.1,0.2,0.1,0.1,0.0,0.0,0.1,0.1,0.0,0.0,0.0,0.0,0.0,0.0,0.0
2025-03-01,风速(km/h),10.8,9.5,8.5,6.3,6.1,4.0,5.4,6.0,6.7,7.0,8.4,9.7,10.2,11.1,13.4,16.5,16.3,15.1,12.5,11.1,9.8,9.0,10.2,9.7
2025-03-01,风向(°),138.0,136.0,132.0,129.0,120.0,93.0,92.0,95.0,106.0,87.0,115.0,121.0,132.0,138.0,141.0,139.0,139.0,139.0,139.0,133.0,137.0,143.0,139.0,140.0
2025-03-01,云量(%),82.0,69.0,100.0,100.0,100.0,100.0,100.0,100.0,100.0,91.0,98.0,99.0,100.0,100.0,100.0,100.0,100.0,100.0,100.0,100.0,96.0,9.0,91.0,100.0
2025-03-01,太阳总辐射(MJ/m²),0.0,0.0,0.0,0.0,0.0,0.0,0.0,0.0,0.086,0.58,1.436,1.566,1.912,1.872,1.987,1.811,1.303,0.774,0.324,0.025,0.0,0.0,0.0,0.0
2025-03-02,气温(℃),20.9,20.9,20.8,20.8,20.8,20.9,21.1,21.1,21.5,22.7,24.6,26.3,27.8,28.7,29.0,28.8,27.9,26.6,24.7,22.7,21.5,21.5,20.9,20.5
2025-03-02,降水量(mm),0.0,0.0,0.0,0.0,0.0,0.0,0.0,0.0,0.0,0.0,0.0,0.0,0.0,0.0,0.0,0.0,0.0,0.0,0.0,0.0,0.0,0.0,0.0,0.0
2025-03-02,风速(km/h),8.7,8.9,7.7,7.1,9.2,11.2,9.7,8.6,8.8,10.4,13.7,14.0,14.3,12.8,11.9,12.4,12.9,12.7,11.1,9.4,9.1,10.1,8.7,10.2
2025-03-02,风向(°),140.0,135.0,141.0,139.0,141.0,145.0,151.0,149.0,145.0,171.0,181.0,187.0,184.0,186.0,194.0,202.0,195.0,187.0,172.0,157.0,150.0,149.0,142.0,144.0
2025-03-02,云量(%),100.0,100.0,100.0,100.0,100.0,100.0,100.0,100.0,100.0,57.0,61.0,64.0,16.0,7.0,6.0,5.0,8.0,3.0,3.0,19.0,67.0,30.0,77.0,100.0
2025-03-02,太阳总辐射(MJ/m²),0.0,0.0,0.0,0.0,0.0,0.0,0.0,0.0,0.104,0.418,1.339,2.016,2.401,2.887,2.812,2.462,1.886,1.199,0.493,0.036,0.0,0.0,0.0,0.0
2025-03-03,气温(℃),20.2,20.0,20.1,20.2,20.1,20.2,20.2,20.2,20.9,21.2,24.6,26.8,27.5,27.8,27.1,27.3,27.7,27.6,25.0,23.0,22.1,22.9,22.8,22.1
2025-03-03,降水量(mm),0.0,0.0,0.0,0.0,0.0,0.0,0.0,0.0,0.0,0.1,0.0,0.0,0.1,0.0,0.0,0.0,0.0,0.0,0.0,0.0,0.0,0.7,0.0,0.0
2025-03-03,风速(km/h),10.9,10.9,10.7,8.6,8.3,8.2,8.8,5.7,7.0,7.3,7.0,7.1,11.4,10.2,9.9,10.5,11.1,14.2,15.4,14.2,6.6,1.3,4.3,8.1
2025-03-03,风向(°),151.0,144.0,149.0,164.0,160.0,151.0,157.0,145.0,168.0,97.0,134.0,190.0,193.0,228.0,238.0,221.0,192.0,187.0,169.0,168.0,158.0,56.0,62.0,125.0
2025-03-03,云量(%),100.0,100.0,100.0,100.0,100.0,100.0,100.0,100.0,100.0,99.0,53.0,100.0,100.0,99.0,100.0,100.0,69.0,67.0,84.0,35.0,50.0,89.0,72.0,61.0
2025-03-03,太阳总辐射(MJ/m²),0.0,0.0,0.0,0.0,0.0,0.0,0.0,0.004,0.173,0.09,1.084,1.98,1.793,1.62,0.842,0.842,0.976,1.076,0.428,0.032,0.0,0.0,0.0,0.0
2025-03-04,气温(℃),21.6,21.6,21.4,21.3,21.3,21.0,20.6,20.5,20.7,24.1,25.5,27.3,28.5,27.5,24.1,22.5,21.4,21.3,20.8,20.3,19.7,21.1,19.7,18.4
2025-03-04,降水量(mm),0.0,0.0,0.0,0.2,0.0,0.0,0.0,0.0,0.4,0.1,0.1,0.4,0.5,0.1,5.3,7.2,13.3,0.4,0.0,0.4,0.0,0.3,0.0,0.0
2025-03-04,风速(km/h),7.0,8.3,3.7,0.8,4.1,6.4,6.7,5.9,3.0,12.6,14.4,14.8,15.3,14.8,11.8,14.1,13.2,12.2,10.1,9.5,9.0,6.2,13.5,10.6
2025-03-04,风向(°),138.0,153.0,104.0,63.0,15.0,61.0,90.0,110.0,343.0,169.0,184.0,204.0,224.0,257.0,316.0,11.0,354.0,2.0,43.0,44.0,43.0,345.0,339.0,334.0
2025-03-04,云量(%),96.0,100.0,100.0,100.0,100.0,100.0,100.0,100.0,100.0,84.0,59.0,56.0,40.0,93.0,86.0,94.0,100.0,100.0,53.0,91.0,100.0,100.0,100.0,100.0
2025-03-04,太阳总辐射(MJ/m²),0.0,0.0,0.0,0.0,0.0,0.0,0.0,0.0,0.083,0.619,1.278,1.804,2.178,2.311,1.501,1.192,0.594,0.515,0.259,0.025,0.0,0.0,0.0,0.0
2025-03-05,气温(℃),17.7,17.4,17.0,16.7,16.2,15.8,15.4,15.2,15.2,16.0,16.4,16.7,17.5,18.5,17.8,17.7,18.1,17.7,17.1,16.3,15.9,14.7,13.9,13.3
2025-03-05,降水量(mm),0.1,0.0,0.0,0.0,0.0,0.1,0.1,0.0,0.1,0.3,0.1,0.0,0.0,0.1,0.2,0.0,0.0,0.0,0.1,0.7,0.6,0.3,0.1,0.0
2025-03-05,风速(km/h),12.0,11.6,10.6,10.3,10.5,8.6,9.3,10.7,9.6,10.1,9.5,9.5,10.0,9.1,9.7,9.3,9.4,10.6,10.0,11.6,11.7,13.6,12.3,12.1
2025-03-05,风向(°),334.0,7.0,11.0,16.0,25.0,26.0,25.0,30.0,23.0,33.0,19.0,22.0,26.0,27.0,27.0,40.0,24.0,34.0,17.0,22.0,27.0,353.0,348.0,337.0
2025-03-05,云量(%),100.0,100.0,100.0,100.0,100.0,100.0,100.0,100.0,100.0,100.0,100.0,100.0,100.0,100.0,100.0,100.0,100.0,100.0,100.0,100.0,100.0,100.0,100.0,100.0
2025-03-05,太阳总辐射(MJ/m²),0.0,0.0,0.0,0.0,0.0,0.0,0.0,0.0,0.05,0.148,0.292,0.425,0.67,1.062,0.414,0.378,0.479,0.169,0.043,0.007,0.0,0.0,0.0,0.0
2025-03-06,气温(℃),12.8,12.2,11.7,11.9,12.4,12.1,11.8,11.6,11.7,11.4,11.5,11.4,12.7,14.7,15.7,16.3,16.1,15.2,14.5,14.2,14.3,11.4,11.6,11.0
2025-03-06,降水量(mm),0.0,0.2,0.1,0.0,0.0,0.2,0.0,0.0,0.0,0.1,0.2,0.1,0.1,0.0,0.0,0.0,0.0,0.2,0.1,0.2,0.0,1.4,0.4,0.3
2025-03-06,风速(km/h),11.3,12.4,12.1,14.1,12.3,12.5,13.3,13.0,12.8,12.7,14.3,15.7,16.0,13.6,12.6,14.1,12.9,12.2,10.0,10.8,11.1,13.1,16.2,15.4
2025-03-06,风向(°),338.0,344.0,349.0,14.0,11.0,12.0,9.0,10.0,5.0,354.0,354.0,3.0,7.0,12.0,10.0,10.0,8.0,359.0,21.0,15.0,25.0,9.0,14.0,30.0
2025-03-06,云量(%),100.0,100.0,100.0,100.0,100.0,100.0,100.0,100.0,100.0,100.0,100.0,100.0,100.0,100.0,100.0,100.0,100.0,100.0,100.0,100.0,100.0,100.0,100.0,100.0
2025-03-06,太阳总辐射(MJ/m²),0.0,0.0,0.0,0.0,0.0,0.0,0.0,0.0,0.065,0.23,0.356,0.378,1.134,1.357,1.174,0.961,0.464,0.227,0.094,0.007,0.0,0.0,0.0,0.0
2025-03-07,气温(℃),10.5,10.3,10.3,10.3,10.2,10.1,10.2,9.9,10.2,10.5,11.2,12.2,13.2,12.5,16.0,16.5,16.5,16.0,15.5,14.9,14.5,11.6,11.4,11.7
2025-03-07,降水量(mm),0.4,0.1,0.0,0.1,0.3,0.0,0.2,0.5,0.1,0.3,0.0,0.0,1.3,0.7,0.0,0.0,0.0,0.0,0.0,0.0,0.0,0.0,0.0,0.0
2025-03-07,风速(km/h),14.6,12.3,10.4,11.1,10.7,9.7,9.6,10.2,13.4,14.4,16.6,16.8,16.7,13.7,14.9,14.0,12.9,12.3,9.8,10.2,10.7,10.4,8.3,7.6
2025-03-07,风向(°),29.0,35.0,21.0,27.0,16.0,15.0,354.0,351.0,7.0,344.0,348.0,356.0,359.0,4.0,15.0,16.0,20.0,27.0,40.0,48.0,48.0,343.0,342.0,353.0
2025-03-07,云量(%),100.0,99.0,100.0,100.0,100.0,100.0,100.0,100.0,100.0,100.0,100.0,100.0,100.0,69.0,97.0,100.0,100.0,100.0,100.0,100.0,100.0,100.0,100.0,100.0
2025-03-07,太阳总辐射(MJ/m²),0.0,0.0,0.0,0.0,0.0,0.0,0.0,0.0,0.133,0.32,0.536,0.994,1.001,0.81,2.293,1.368,0.835,0.338,0.126,0.007,0.0,0.0,0.0,0.0
2025-03-08,气温(℃),12.1,12.2,12.0,11.2,10.6,10.3,10.1,10.0,11.2,13.3,14.6,15.8,16.8,17.7,18.5,19.2,19.3,19.2,18.3,17.2,16.4,14.3,14.2,14.0
2025-03-08,降水量(mm),0.0,0.0,0.0,0.0,0.0,0.0,0.0,0.0,0.0,0.0,0.0,0.0,0.0,0.0,0.0,0.0,0.0,0.0,0.0,0.0,0.0,0.0,0.0,0.0
2025-03-08,风速(km/h),7.9,8.6,7.6,7.4,7.4,7.7,8.4,8.3,8.5,10.3,9.5,9.7,8.5,7.1,6.0,6.4,5.1,5.2,2.8,1.4,2.2,5.2,4.6,3.2
2025-03-08,风向(°),12.0,26.0,25.0,18.0,3.0,9.0,7.0,2.0,7.0,16.0,21.0,15.0,7.0,7.0,17.0,25.0,45.0,44.0,50.0,23.0,284.0,316.0,318.0,304.0
2025-03-08,云量(%),100.0,100.0,18.0,2.0,9.0,9.0,25.0,28.0,4.0,94.0,100.0,100.0,100.0,100.0,81.0,68.0,26.0,7.0,23.0,37.0,38.0,54.0,61.0,95.0
2025-03-08,太阳总辐射(MJ/m²),0.0,0.0,0.0,0.0,0.0,0.0,0.0,0.007,0.284,0.814,1.22,1.393,1.483,1.66,1.71,1.984,1.674,1.174,0.464,0.036,0.0,0.0,0.0,0.0
2025-03-09,气温(℃),14.0,13.4,13.0,12.7,12.5,12.6,13.2,14.1,15.6,17.5,18.7,19.9,20.8,21.2,22.4,22.7,22.4,22.0,20.5,18.4,17.3,17.0,16.8,17.3
2025-03-09,降水量(mm),0.0,0.0,0.0,0.0,0.0,0.0,0.0,0.0,0.0,0.0,0.0,0.0,0.0,0.0,0.0,0.0,0.0,0.0,0.0,0.0,0.0,0.0,0.0,0.0
2025-03-09,风速(km/h),3.4,2.8,3.0,5.1,4.6,3.2,3.4,5.1,3.8,7.3,8.8,8.8,9.9,10.4,10.7,9.4,6.9,5.9,6.6,7.7,8.9,4.7,5.3,6.7
2025-03-09,风向(°),313.0,315.0,327.0,337.0,349.0,16.0,47.0,84.0,31.0,81.0,79.0,78.0,78.0,76.0,85.0,102.0,137.0,142.0,137.0,155.0,152.0,162.0,142.0,136.0
2025-03-09,云量(%),47.0,13.0,19.0,24.0,59.0,100.0,100.0,95.0,92.0,22.0,1.0,0.0,0.0,4.0,27.0,1.0,8.0,25.0,26.0,37.0,26.0,22.0,100.0,43.0
2025-03-09,太阳总辐射(MJ/m²),0.0,0.0,0.0,0.0,0.0,0.0,0.0,0.007,0.184,0.99,1.742,2.336,2.776,3.01,2.934,2.39,1.969,1.224,0.464,0.036,0.0,0.0,0.0,0.0
2025-03-10,气温(℃),17.0,16.4,16.2,16.2,16.0,15.5,15.1,15.2,16.9,19.7,21.3,22.6,23.8,24.7,25.3,25.2,24.7,24.1,22.6,20.1,19.0,19.1,18.7,18.4
2025-03-10,降水量(mm),0.0,0.0,0.0,0.0,0.0,0.0,0.0,0.0,0.0,0.0,0.0,0.0,0.0,0.0,0.0,0.0,0.0,0.0,0.0,0.0,0.0,0.0,0.0,0.0
2025-03-10,风速(km/h),6.0,7.6,8.0,7.2,5.2,4.3,4.3,3.4,4.0,4.3,5.2,5.6,5.8,6.0,6.5,7.4,9.9,9.6,10.1,9.9,10.4,10.2,7.0,8.2
2025-03-10,风向(°),107.0,86.0,82.0,78.0,68.0,68.0,95.0,96.0,30.0,68.0,76.0,92.0,95.0,111.0,120.0,113.0,105.0,111.0,139.0,147.0,143.0,139.0,154.0,151.0
2025-03-10,云量(%),21.0,18.0,68.0,55.0,15.0,9.0,28.0,99.0,100.0,19.0,68.0,99.0,98.0,79.0,54.0,74.0,93.0,50.0,4.0,4.0,0.0,1.0,6.0,6.0
2025-03-10,太阳总辐射(MJ/m²),0.0,0.0,0.0,0.0,0.0,0.0,0.0,0.011,0.191,1.012,1.732,2.005,2.516,2.513,2.372,1.598,1.217,0.738,0.353,0.04,0.0,0.0,0.0,0.0
2025-03-11,气温(℃),18.3,18.0,17.6,17.4,17.2,16.6,16.3,16.4,18.3,21.1,22.9,24.7,26.1,26.1,26.5,26.2,25.3,23.9,22.7,20.9,20.1,20.8,20.2,19.8
2025-03-11,降水量(mm),0.0,0.0,0.0,0.0,0.0,0.0,0.0,0.0,0.0,0.0,0.0,0.0,0.0,0.0,0.0,0.0,0.0,0.0,0.0,0.0,0.0,0.0,0.0,0.0
2025-03-11,风速(km/h),7.9,6.9,4.6,4.3,4.4,3.4,3.1,4.9,4.7,4.2,4.5,5.6,7.3,7.1,7.3,9.8,12.0,12.2,10.9,10.2,10.2,8.9,8.7,9.1
2025-03-11,风向(°),147.0,143.0,135.0,112.0,109.0,90.0,50.0,57.0,62.0,54.0,88.0,112.0,132.0,139.0,147.0,142.0,139.0,147.0,149.0,146.0,141.0,142.0,140.0,139.0
2025-03-11,云量(%),3.0,11.0,16.0,34.0,25.0,17.0,37.0,24.0,7.0,51.0,34.0,9.0,100.0,100.0,100.0,100.0,100.0,39.0,49.0,7.0,1.0,8.0,3.0,0.0
2025-03-11,太阳总辐射(MJ/m²),0.0,0.0,0.0,0.0,0.0,0.0,0.0,0.011,0.338,0.936,1.562,2.3,2.592,1.631,1.613,1.138,0.943,0.551,0.385,0.04,0.0,0.0,0.0,0.0
2025-03-12,气温(℃),19.5,19.1,18.8,18.2,17.8,17.2,17.2,17.2,19.4,21.8,23.8,25.2,25.7,26.8,27.5,27.5,26.8,25.6,24.0,22.0,21.3,21.5,21.3,21.0
2025-03-12,降水量(mm),0.0,0.0,0.0,0.0,0.0,0.0,0.0,0.0,0.0,0.0,0.0,0.0,0.0,0.0,0.0,0.0,0.0,0.0,0.0,0.0,0.0,0.0,0.0,0.0
2025-03-12,风速(km/h),8.0,7.7,5.1,1.7,0.6,2.5,3.3,2.8,3.1,5.1,4.9,5.7,7.3,9.2,9.5,9.2,10.7,11.1,11.0,11.2,10.6,9.3,9.6,8.9
2025-03-12,风向(°),140.0,143.0,148.0,131.0,18.0,8.0,29.0,55.0,77.0,94.0,98.0,108.0,113.0,129.0,144.0,145.0,145.0,144.0,146.0,148.0,145.0,144.0,142.0,146.0
2025-03-12,云量(%),0.0,4.0,95.0,49.0,40.0,38.0,36.0,2.0,1.0,33.0,85.0,100.0,51.0,81.0,100.0,97.0,91.0,22.0,6.0,13.0,4.0,15.0,5.0,2.0
2025-03-12,太阳总辐射(MJ/m²),0.0,0.0,0.0,0.0,0.0,0.0,0.0,0.011,0.353,0.461,1.498,1.814,1.494,2.135,1.793,1.411,1.156,0.587,0.364,0.043,0.0,0.0,0.0,0.0
2025-03-13,气温(℃),20.7,20.4,20.0,19.6,19.7,19.4,19.4,20.2,21.0,23.5,25.3,26.8,27.8,28.5,28.2,28.1,27.3,26.5,25.4,23.9,23.0,23.5,23.0,22.6
2025-03-13,降水量(mm),0.0,0.0,0.0,0.0,0.0,0.0,0.0,0.0,0.0,0.0,0.1,0.2,0.0,0.0,0.3,0.0,0.0,0.0,0.0,0.0,0.0,0.0,0.0,0.0
2025-03-13,风速(km/h),5.8,4.4,3.8,3.5,5.2,3.6,1.9,2.8,3.0,3.1,2.5,2.2,3.1,5.3,4.2,4.7,10.3,8.8,8.5,8.8,6.2,9.0,6.1,3.2
2025-03-13,风向(°),144.0,142.0,149.0,159.0,146.0,135.0,112.0,55.0,17.0,80.0,98.0,114.0,126.0,128.0,162.0,133.0,185.0,181.0,148.0,152.0,159.0,149.0,150.0,161.0
2025-03-13,云量(%),3.0,6.0,13.0,93.0,98.0,71.0,100.0,100.0,100.0,53.0,47.0,65.0,96.0,89.0,99.0,100.0,100.0,99.0,100.0,100.0,97.0,99.0,100.0,87.0
2025-03-13,太阳总辐射(MJ/m²),0.0,0.0,0.0,0.0,0.0,0.0,0.0,0.007,0.104,0.479,1.091,1.786,2.131,1.933,2.048,1.271,0.997,0.619,0.392,0.032,0.0,0.0,0.0,0.0
2025-03-14,气温(℃),22.2,21.8,21.6,21.4,20.8,20.8,21.0,21.4,22.4,23.1,23.6,25.0,26.0,26.2,26.8,26.4,25.9,24.4,23.5,22.8,22.5,22.1,21.6,21.6
2025-03-14,降水量(mm),0.0,0.0,0.0,0.0,0.0,0.0,0.0,0.0,0.0,0.0,0.0,0.1,0.2,0.3,0.1,0.0,0.0,0.0,0.0,0.0,0.0,0.0,0.0,0.0
2025-03-14,风速(km/h),3.3,4.8,5.8,3.7,1.7,4.3,5.3,6.9,9.8,9.0,10.2,13.1,15.5,17.7,16.4,16.5,16.1,15.6,14.0,12.1,10.7,11.3,8.5,9.7
2025-03-14,风向(°),126.0,115.0,144.0,133.0,77.0,75.0,102.0,104.0,110.0,120.0,126.0,142.0,144.0,150.0,159.0,157.0,153.0,156.0,160.0,148.0,130.0,144.0,117.0,118.0
2025-03-14,云量(%),100.0,100.0,90.0,6.0,25.0,100.0,100.0,100.0,100.0,100.0,100.0,91.0,94.0,74.0,54.0,73.0,59.0,100.0,100.0,100.0,100.0,92.0,100.0,100.0
2025-03-14,太阳总辐射(MJ/m²),0.0,0.0,0.0,0.0,0.0,0.0,0.0,0.007,0.162,0.58,0.67,1.04,1.894,1.922,1.919,1.634,1.354,0.846,0.36,0.029,0.0,0.0,0.0,0.0
2025-03-15,气温(℃),21.5,21.4,21.2,21.3,21.3,21.2,21.2,21.0,21.1,22.5,22.6,23.5,23.7,24.1,22.4,22.0,20.7,20.3,19.6,18.9,18.3,17.1,16.6,15.7
2025-03-15,降水量(mm),0.0,0.0,0.0,0.0,0.0,0.0,0.2,0.9,0.6,0.4,0.3,0.5,0.7,0.6,2.1,1.7,2.4,0.1,0.1,0.2,0.1,0.0,0.0,0.0
2025-03-15,风速(km/h),8.9,10.7,6.4,4.3,9.7,6.4,3.1,4.9,5.7,3.8,6.9,7.2,6.2,8.7,9.4,10.9,12.5,11.3,15.5,13.5,14.0,19.5,18.6,17.5
2025-03-15,风向(°),130.0,149.0,137.0,85.0,108.0,117.0,310.0,17.0,101.0,11.0,17.0,3.0,353.0,7.0,342.0,331.0,330.0,333.0,348.0,358.0,1.0,351.0,354.0,1.0
2025-03-15,云量(%),100.0,100.0,100.0,100.0,100.0,100.0,100.0,100.0,100.0,100.0,100.0,100.0,100.0,100.0,100.0,100.0,100.0,100.0,100.0,100.0,100.0,100.0,96.0,14.0
2025-03-15,太阳总辐射(MJ/m²),0.0,0.0,0.0,0.0,0.0,0.0,0.0,0.004,0.122,0.497,0.886,1.224,0.821,0.752,0.526,0.832,0.205,0.241,0.115,0.011,0.0,0.0,0.0,0.0
2025-03-16,气温(℃),14.9,14.3,13.7,13.1,12.8,12.3,12.3,12.2,13.3,14.6,16.0,17.0,18.2,18.9,19.6,20.3,20.3,19.7,18.3,16.9,16.4,16.0,15.1,14.6
2025-03-16,降水量(mm),0.0,0.0,0.0,0.0,0.0,0.0,0.0,0.0,0.0,0.0,0.0,0.0,0.0,0.0,0.0,0.0,0.0,0.0,0.0,0.0,0.0,0.0,0.0,0.1
2025-03-16,风速(km/h),16.8,17.1,18.7,17.8,16.4,15.4,14.5,14.1,15.1,19.3,20.8,19.3,20.4,19.1,16.1,13.9,13.0,14.3,11.6,12.4,16.3,16.9,15.0,13.2
2025-03-16,风向(°),357.0,356.0,359.0,358.0,355.0,353.0,352.0,357.0,360.0,5.0,18.0,15.0,11.0,12.0,13.0,17.0,20.0,31.0,36.0,41.0,37.0,45.0,35.0,30.0
2025-03-16,云量(%),6.0,9.0,16.0,19.0,21.0,54.0,5.0,8.0,16.0,60.0,39.0,2.0,3.0,6.0,4.0,46.0,12.0,24.0,1.0,1.0,0.0,100.0,86.0,69.0
2025-03-16,太阳总辐射(MJ/m²),0.0,0.0,0.0,0.0,0.0,0.0,0.0,0.018,0.403,0.947,1.361,1.908,2.898,3.038,2.948,2.57,1.804,1.253,0.515,0.05,0.0,0.0,0.0,0.0
2025-03-17,气温(℃),14.0,13.5,12.8,12.3,11.9,11.9,11.4,11.4,12.7,13.8,14.5,16.4,17.7,17.6,17.8,18.4,18.4,18.1,17.5,16.1,15.9,14.8,14.6,14.6
2025-03-17,降水量(mm),0.0,0.0,0.0,0.0,0.0,0.0,0.0,0.0,0.0,0.0,0.0,0.0,0.0,0.0,0.0,0.0,0.0,0.0,0.0,0.0,0.0,0.0,0.0,0.0
2025-03-17,风速(km/h),11.2,11.6,11.0,10.9,9.9,10.1,10.1,10.7,10.6,12.9,13.7,14.9,12.4,10.9,10.2,8.5,9.2,8.6,4.6,3.5,4.5,4.2,4.7,4.2
2025-03-17,风向(°),26.0,33.0,25.0,27.0,19.0,12.0,10.0,12.0,14.0,19.0,33.0,38.0,41.0,39.0,39.0,38.0,50.0,54.0,59.0,81.0,56.0,31.0,16.0,340.0
2025-03-17,云量(%),47.0,7.0,8.0,4.0,44.0,18.0,26.0,91.0,100.0,100.0,67.0,75.0,100.0,100.0,100.0,80.0,97.0,99.0,19.0,61.0,100.0,67.0,100.0,100.0
2025-03-17,太阳总辐射(MJ/m²),0.0,0.0,0.0,0.0,0.0,0.0,0.0,0.018,0.299,0.371,0.612,1.948,2.542,1.764,1.649,1.937,1.627,0.929,0.349,0.05,0.0,0.0,0.0,0.0
2025-03-18,气温(℃),14.4,14.3,13.9,13.4,13.0,12.9,13.0,12.9,13.8,15.1,16.2,17.5,18.8,19.6,20.3,20.9,20.5,19.9,18.6,16.8,16.4,14.5,14.4,13.3
2025-03-18,降水量(mm),0.0,0.0,0.8,0.8,0.0,0.0,0.0,0.0,0.0,0.0,0.0,0.0,0.0,0.0,0.0,0.0,0.0,0.0,0.0,0.0,0.0,0.0,0.0,0.0
2025-03-18,风速(km/h),5.6,6.1,7.8,7.8,8.8,9.9,10.0,8.1,8.1,11.8,12.0,13.1,14.9,15.4,15.0,15.8,13.6,6.5,4.8,3.8,2.1,4.1,0.5,3.2
2025-03-18,风向(°),353.0,341.0,353.0,355.0,349.0,2.0,8.0,3.0,354.0,21.0,21.0,19.0,21.0,18.0,18.0,30.0,41.0,51.0,20.0,107.0,20.0,90.0,225.0,251.0
2025-03-18,云量(%),100.0,100.0,97.0,81.0,100.0,100.0,99.0,99.0,43.0,96.0,77.0,28.0,31.0,12.0,15.0,53.0,13.0,9.0,14.0,22.0,23.0,8.0,84.0,85.0
2025-03-18,太阳总辐射(MJ/m²),0.0,0.0,0.0,0.0,0.0,0.0,0.0,0.014,0.216,0.983,1.411,1.897,2.66,2.88,2.97,2.596,1.634,1.181,0.497,0.05,0.0,0.0,0.0,0.0
2025-03-19,气温(℃),12.7,12.2,11.9,11.4,11.0,11.2,11.2,11.3,13.4,16.1,18.1,19.5,20.5,21.1,21.5,21.8,21.7,21.1,19.3,17.4,16.6,15.1,13.5,12.9
2025-03-19,降水量(mm),0.0,0.0,0.0,0.0,0.0,0.0,0.0,0.0,0.0,0.0,0.0,0.0,0.0,0.0,0.0,0.0,0.0,0.0,0.0,0.0,0.0,0.0,0.0,0.0
2025-03-19,风速(km/h),1.9,0.7,0.9,2.4,4.7,7.2,7.8,7.3,7.4,6.7,10.8,11.9,12.1,12.0,10.3,9.0,7.4,6.8,5.1,4.5,1.8,2.4,5.4,5.1
2025-03-19,风向(°),221.0,194.0,259.0,347.0,342.0,357.0,5.0,11.0,354.0,14.0,33.0,41.0,44.0,50.0,49.0,44.0,51.0,55.0,63.0,74.0,90.0,189.0,159.0,184.0
2025-03-19,云量(%),90.0,73.0,63.0,40.0,0.0,0.0,77.0,87.0,71.0,4.0,3.0,0.0,0.0,2.0,79.0,83.0,75.0,38.0,61.0,83.0,17.0,86.0,56.0,1.0
2025-03-19,太阳总辐射(MJ/m²),0.0,0.0,0.0,0.0,0.0,0.0,0.0,0.029,0.446,1.206,1.984,2.621,3.049,3.211,3.096,2.718,2.113,1.357,0.576,0.058,0.0,0.0,0.0,0.0
2025-03-20,气温(℃),12.5,12.2,11.9,12.0,12.4,12.7,12.6,13.0,15.4,17.7,19.7,21.1,22.1,22.8,23.2,23.3,23.1,22.5,20.6,18.6,16.8,15.8,15.0,15.3
2025-03-20,降水量(mm),0.0,0.0,0.0,0.0,0.0,0.0,0.0,0.0,0.0,0.0,0.0,0.0,0.0,0.0,0.0,0.0,0.0,0.0,0.0,0.0,0.0,0.0,0.0,0.0
2025-03-20,风速(km/h),4.7,4.8,4.5,2.6,3.7,3.2,5.0,5.2,6.2,5.1,8.3,10.8,11.1,10.5,10.5,10.0,8.7,7.8,5.1,4.0,3.1,6.5,8.2,8.1
2025-03-20,风向(°),203.0,158.0,151.0,155.0,104.0,74.0,55.0,59.0,49.0,42.0,42.0,43.0,39.0,35.0,37.0,41.0,47.0,50.0,67.0,69.0,135.0,166.0,166.0,155.0
2025-03-20,云量(%),20.0,71.0,87.0,57.0,32.0,33.0,35.0,19.0,16.0,7.0,31.0,1.0,43.0,30.0,63.0,28.0,10.0,0.0,0.0,9.0,59.0,94.0,90.0,82.0
2025-03-20,太阳总辐射(MJ/m²),0.0,0.0,0.0,0.0,0.0,0.0,0.0,0.029,0.457,1.231,2.005,2.639,3.06,3.226,3.121,2.743,2.135,1.375,0.583,0.058,0.0,0.0,0.0,0.0
2025-03-21,气温(℃),15.2,14.6,13.9,13.4,12.7,12.3,12.2,12.7,14.8,17.4,20.2,21.9,23.1,23.9,24.4,24.6,24.5,24.2,22.1,18.2,16.6,17.0,16.9,16.5
2025-03-21,降水量(mm),0.0,0.0,0.0,0.0,0.0,0.0,0.0,0.0,0.0,0.0,0.0,0.0,0.0,0.0,0.0,0.0,0.0,0.0,0.0,0.0,0.0,0.0,0.0,0.0
2025-03-21,风速(km/h),6.9,5.1,2.2,0.5,1.7,3.0,5.1,4.8,5.1,4.7,6.1,6.6,7.3,7.9,8.7,8.6,7.8,7.1,4.6,11.3,10.5,10.1,8.6,8.9
2025-03-21,风向(°),166.0,163.0,194.0,225.0,347.0,38.0,63.0,79.0,73.0,58.0,58.0,53.0,57.0,57.0,52.0,53.0,44.0,41.0,103.0,147.0,155.0,156.0,154.0,153.0
2025-03-21,云量(%),86.0,96.0,89.0,87.0,56.0,39.0,97.0,96.0,6.0,94.0,90.0,0.0,0.0,0.0,0.0,0.0,4.0,13.0,2.0,3.0,0.0,0.0,0.0,0.0
2025-03-21,太阳总辐射(MJ/m²),0.0,0.0,0.0,0.0,0.0,0.0,0.0,0.029,0.428,1.069,2.005,2.642,3.056,3.215,3.1,2.718,2.117,1.361,0.58,0.058,0.0,0.0,0.0,0.0
2025-03-22,气温(℃),16.3,16.0,15.0,14.6,13.9,13.1,12.7,13.0,16.0,18.7,21.0,22.9,24.3,25.2,25.9,26.2,26.1,25.3,23.2,20.1,18.1,18.0,17.3,16.8
2025-03-22,降水量(mm),0.0,0.0,0.0,0.0,0.0,0.0,0.0,0.0,0.0,0.0,0.0,0.0,0.0,0.0,0.0,0.0,0.0,0.0,0.0,0.0,0.0,0.0,0.0,0.0
2025-03-22,风速(km/h),8.6,7.1,5.3,1.8,1.0,4.0,4.0,3.9,4.4,3.2,4.0,4.3,5.1,5.3,5.2,5.7,6.2,5.2,4.0,7.8,8.8,7.8,8.0,7.4
2025-03-22,风向(°),151.0,156.0,162.0,156.0,329.0,352.0,8.0,34.0,52.0,43.0,36.0,42.0,48.0,62.0,70.0,72.0,78.0,92.0,120.0,154.0,179.0,175.0,175.0,176.0
2025-03-22,云量(%),0.0,0.0,0.0,34.0,19.0,1.0,3.0,0.0,0.0,68.0,84.0,7.0,34.0,73.0,96.0,96.0,57.0,59.0,70.0,42.0,2.0,24.0,65.0,14.0
2025-03-22,太阳总辐射(MJ/m²),0.0,0.0,0.0,0.0,0.0,0.0,0.0,0.036,0.49,1.249,2.016,2.639,3.049,3.197,3.078,2.7,2.102,1.346,0.576,0.061,0.0,0.0,0.0,0.0
2025-03-23,气温(℃),16.1,15.2,14.6,14.0,13.5,13.1,12.6,12.6,14.9,19.6,22.7,24.9,26.4,27.4,27.8,27.9,27.2,25.6,23.5,21.1,19.6,19.7,19.0,18.6
2025-03-23,降水量(mm),0.0,0.0,0.0,0.0,0.0,0.0,0.0,0.0,0.0,0.0,0.0,0.0,0.0,0.0,0.0,0.0,0.0,0.0,0.0,0.0,0.0,0.0,0.0,0.0
2025-03-23,风速(km/h),5.4,4.4,3.7,4.0,3.4,1.7,1.3,1.5,1.5,0.5,1.3,1.3,0.5,0.6,2.5,5.1,9.7,12.7,11.0,9.4,8.3,9.4,9.2,9.5
2025-03-23,风向(°),174.0,201.0,191.0,175.0,183.0,162.0,164.0,187.0,166.0,360.0,304.0,270.0,270.0,72.0,94.0,108.0,125.0,144.0,161.0,163.0,182.0,188.0,196.0,199.0
2025-03-23,云量(%),0.0,0.0,0.0,0.0,0.0,5.0,22.0,99.0,97.0,0.0,0.0,0.0,0.0,0.0,0.0,0.0,0.0,0.0,0.0,0.0,0.0,0.0,0.0,0.0
2025-03-23,太阳总辐射(MJ/m²),0.0,0.0,0.0,0.0,0.0,0.0,0.0,0.036,0.382,1.073,2.03,2.653,3.049,3.19,3.067,2.686,2.084,1.339,0.572,0.061,0.0,0.0,0.0,0.0
2025-03-24,气温(℃),18.2,17.8,17.4,16.7,16.1,15.8,15.3,15.1,18.2,21.9,24.7,26.9,28.5,29.7,30.5,30.3,29.4,27.5,24.9,22.6,21.1,21.0,20.5,20.0
2025-03-24,降水量(mm),0.0,0.0,0.0,0.0,0.0,0.0,0.0,0.0,0.0,0.0,0.0,0.0,0.0,0.0,0.0,0.0,0.0,0.0,0.0,0.0,0.0,0.0,0.0,0.0
2025-03-24,风速(km/h),9.7,9.4,7.8,4.9,4.6,2.3,1.2,0.6,1.6,0.6,2.7,3.5,4.5,5.1,3.2,4.0,9.0,14.2,14.6,14.7,13.0,12.6,12.2,11.8
2025-03-24,风向(°),202.0,212.0,217.0,204.0,198.0,212.0,207.0,146.0,84.0,34.0,298.0,298.0,320.0,333.0,360.0,80.0,112.0,141.0,181.0,188.0,199.0,202.0,206.0,206.0
2025-03-24,云量(%),0.0,0.0,0.0,0.0,0.0,0.0,0.0,0.0,0.0,0.0,0.0,0.0,0.0,0.0,0.0,0.0,0.0,0.0,0.0,0.0,0.0,0.0,0.0,0.0
2025-03-24,太阳总辐射(MJ/m²),0.0,0.0,0.0,0.0,0.0,0.0,0.0,0.04,0.508,1.274,2.03,2.642,3.046,3.193,3.067,2.693,2.095,1.35,0.576,0.061,0.0,0.0,0.0,0.0
2025-03-25,气温(℃),19.7,19.2,18.9,18.6,18.3,17.4,16.8,16.6,19.5,22.9,26.0,28.4,30.2,31.4,31.9,32.1,31.8,29.6,26.5,23.6,21.9,21.6,21.1,20.9
2025-03-25,降水量(mm),0.0,0.0,0.0,0.0,0.0,0.0,0.0,0.0,0.0,0.0,0.0,0.0,0.0,0.0,0.0,0.0,0.0,0.0,0.0,0.0,0.0,0.0,0.0,0.0
2025-03-25,风速(km/h),10.4,10.2,10.4,9.0,6.7,4.3,1.5,1.7,2.4,1.0,0.8,2.2,3.7,5.1,5.8,6.6,8.9,12.9,13.8,13.9,14.1,12.5,13.3,13.1
2025-03-25,风向(°),201.0,206.0,210.0,210.0,218.0,242.0,300.0,13.0,36.0,22.0,315.0,222.0,209.0,197.0,175.0,163.0,188.0,196.0,192.0,190.0,190.0,188.0,190.0,189.0
2025-03-25,云量(%),0.0,0.0,0.0,0.0,0.0,0.0,0.0,0.0,0.0,0.0,0.0,0.0,0.0,0.0,0.0,0.0,0.0,0.0,0.0,0.0,0.0,21.0,53.0,7.0
2025-03-25,太阳总辐射(MJ/m²),0.0,0.0,0.0,0.0,0.0,0.0,0.0,0.043,0.518,1.289,2.052,2.668,3.067,3.215,3.096,2.714,2.113,1.364,0.59,0.065,0.0,0.0,0.0,0.0
2025-03-26,气温(℃),20.4,20.1,19.9,19.7,19.5,19.3,19.2,19.4,21.7,24.1,26.2,28.0,29.2,30.0,30.2,29.8,28.9,27.4,25.2,23.3,22.3,22.0,21.6,21.3
2025-03-26,降水量(mm),0.0,0.0,0.0,0.0,0.0,0.0,0.0,0.0,0.0,0.0,0.0,0.0,0.0,0.0,0.0,0.0,0.0,0.0,0.0,0.0,0.0,0.0,0.0,0.0
2025-03-26,风速(km/h),13.6,12.8,11.4,10.8,9.8,8.1,8.3,9.2,14.2,12.2,10.9,11.3,12.6,13.6,14.4,15.1,14.8,14.4,14.0,12.6,12.2,10.8,12.1,11.7
2025-03-26,风向(°),188.0,191.0,193.0,191.0,186.0,177.0,174.0,176.0,193.0,196.0,207.0,209.0,208.0,208.0,209.0,208.0,202.0,198.0,196.0,190.0,181.0,176.0,175.0,177.0
2025-03-26,云量(%),0.0,0.0,0.0,1.0,1.0,1.0,3.0,1.0,83.0,14.0,19.0,11.0,12.0,4.0,1.0,0.0,5.0,2.0,0.0,2.0,1.0,0.0,2.0,1.0
2025-03-26,太阳总辐射(MJ/m²),0.0,0.0,0.0,0.0,0.0,0.0,0.0,0.043,0.508,1.109,1.912,2.513,2.884,3.074,3.053,2.7,2.099,1.354,0.59,0.065,0.0,0.0,0.0,0.0
2025-03-27,气温(℃),21.0,20.7,20.4,20.2,20.0,19.9,20.0,20.8,22.8,24.8,27.3,29.2,30.0,30.8,30.5,30.0,29.1,27.9,26.6,25.2,24.8,24.7,24.6,24.5
2025-03-27,降水量(mm),0.0,0.0,0.0,0.0,0.0,0.0,0.0,0.0,0.0,0.0,0.0,0.0,0.0,0.0,0.0,0.0,0.0,0.1,0.0,0.0,0.0,0.0,0.6,0.1
2025-03-27,风速(km/h),10.5,9.3,9.1,7.6,7.3,7.3,6.9,7.6,15.5,14.7,18.6,19.9,21.3,21.8,23.1,23.0,21.8,20.4,18.0,15.1,11.9,7.0,7.4,9.7
2025-03-27,风向(°),175.0,171.0,171.0,166.0,157.0,152.0,155.0,161.0,198.0,199.0,205.0,207.0,209.0,214.0,213.0,209.0,208.0,206.0,201.0,192.0,183.0,167.0,177.0,183.0
2025-03-27,云量(%),3.0,2.0,6.0,9.0,93.0,100.0,100.0,100.0,100.0,87.0,90.0,82.0,98.0,71.0,100.0,88.0,75.0,65.0,26.0,13.0,88.0,100.0,100.0,35.0
2025-03-27,太阳总辐射(MJ/m²),0.0,0.0,0.0,0.0,0.0,0.0,0.0,0.029,0.274,0.706,1.782,2.401,2.416,2.711,2.041,1.843,1.357,1.04,0.41,0.058,0.0,0.0,0.0,0.0
2025-03-28,气温(℃),24.6,24.3,24.1,23.7,23.6,23.8,23.7,24.0,24.7,26.0,24.1,24.7,24.1,23.6,26.0,24.1,22.5,23.0,22.2,21.9,21.8,17.3,17.7,17.2
2025-03-28,降水量(mm),0.0,0.0,0.0,0.0,0.0,0.0,0.0,0.0,0.0,1.1,4.5,1.6,0.9,0.6,1.4,1.0,1.7,1.3,0.6,1.3,2.6,1.6,0.1,0.1
2025-03-28,风速(km/h),6.1,9.6,8.5,6.5,9.5,10.9,10.7,11.3,9.4,8.2,4.3,1.4,12.3,9.7,7.9,8.6,8.9,3.1,6.2,9.2,12.8,17.3,14.3,12.3
2025-03-28,风向(°),150.0,139.0,148.0,113.0,129.0,141.0,144.0,147.0,138.0,154.0,132.0,67.0,349.0,27.0,41.0,49.0,66.0,40.0,82.0,47.0,51.0,352.0,14.0,353.0
2025-03-28,云量(%),100.0,100.0,100.0,100.0,81.0,84.0,78.0,85.0,92.0,100.0,100.0,100.0,100.0,95.0,100.0,100.0,91.0,100.0,100.0,100.0,100.0,100.0,100.0,100.0
2025-03-28,太阳总辐射(MJ/m²),0.0,0.0,0.0,0.0,0.0,0.0,0.0,0.022,0.144,0.824,0.572,0.688,1.015,1.325,2.038,0.756,0.695,0.583,0.18,0.014,0.0,0.0,0.0,0.0
2025-03-29,气温(℃),16.8,16.2,15.6,15.0,14.5,14.2,14.0,14.0,14.2,13.4,14.0,14.4,15.3,16.1,15.4,16.0,15.5,14.1,13.1,12.9,12.7,11.7,11.7,11.5
2025-03-29,降水量(mm),0.2,0.2,0.0,0.0,0.0,0.1,0.0,0.1,0.0,0.1,0.1,0.0,0.0,0.0,0.0,0.0,0.0,0.0,0.0,0.1,0.0,0.1,0.1,0.0
2025-03-29,风速(km/h),12.7,14.8,14.0,14.6,13.4,13.0,12.0,10.9,12.3,13.6,16.0,14.1,15.2,15.2,14.4,15.0,14.4,14.9,14.1,12.8,12.6,13.2,16.8,14.6
2025-03-29,风向(°),15.0,37.0,24.0,24.0,26.0,26.0,30.0,34.0,18.0,11.0,12.0,10.0,19.0,14.0,13.0,17.0,3.0,345.0,343.0,340.0,1.0,354.0,10.0,9.0
2025-03-29,云量(%),100.0,100.0,100.0,100.0,100.0,100.0,100.0,100.0,100.0,100.0,100.0,100.0,100.0,100.0,100.0,100.0,100.0,100.0,100.0,100.0,100.0,100.0,100.0,100.0
2025-03-29,太阳总辐射(MJ/m²),0.0,0.0,0.0,0.0,0.0,0.0,0.0,0.011,0.104,0.151,0.446,0.479,0.965,1.069,0.446,0.684,0.45,0.209,0.079,0.011,0.0,0.0,0.0,0.0
2025-03-30,气温(℃),11.0,10.8,10.6,10.5,10.6,10.7,10.4,10.2,10.4,10.7,10.6,11.6,12.4,12.5,11.6,11.3,11.3,11.4,11.7,11.7,11.6,10.6,10.5,10.4
2025-03-30,降水量(mm),4.8,0.1,0.0,0.0,0.0,0.0,0.2,0.1,0.1,0.0,0.1,0.1,0.0,0.0,0.0,0.3,0.1,0.0,0.0,0.2,0.2,0.4,0.1,0.0
2025-03-30,风速(km/h),12.9,13.8,12.4,13.8,12.3,12.8,13.2,13.9,13.9,15.5,14.9,17.5,15.5,15.1,15.2,14.8,12.9,10.8,10.8,9.1,9.8,12.0,12.5,12.8
2025-03-30,风向(°),13.0,11.0,2.0,16.0,15.0,4.0,358.0,356.0,4.0,359.0,358.0,1.0,359.0,352.0,355.0,359.0,354.0,4.0,5.0,352.0,5.0,351.0,353.0,345.0
2025-03-30,云量(%),100.0,100.0,100.0,100.0,100.0,100.0,100.0,100.0,100.0,100.0,100.0,100.0,100.0,100.0,100.0,100.0,100.0,100.0,100.0,100.0,100.0,100.0,100.0,100.0
2025-03-30,太阳总辐射(MJ/m²),0.0,0.0,0.0,0.0,0.0,0.0,0.0,0.014,0.076,0.464,0.166,0.698,0.626,0.85,0.504,0.302,0.436,0.245,0.119,0.007,0.0,0.0,0.0,0.0
2025-03-31,气温(℃),10.3,10.0,10.0,9.9,9.9,9.8,9.6,9.6,9.6,10.0,10.4,11.6,11.6,12.1,12.7,13.0,13.1,12.8,12.4,12.0,11.9,10.9,10.7,10.6
2025-03-31,降水量(mm),0.2,0.1,0.0,0.0,0.0,0.0,0.0,0.1,0.2,0.3,0.6,0.1,0.1,0.1,0.0,0.0,0.0,0.0,0.0,0.0,0.1,0.2,0.1,0.1
2025-03-31,风速(km/h),13.3,12.6,11.1,11.0,10.7,10.7,10.6,10.3,10.2,12.6,12.1,13.5,12.4,12.1,11.0,11.8,11.0,10.4,10.8,9.1,9.7,11.1,11.5,13.0
2025-03-31,风向(°),351.0,359.0,7.0,359.0,348.0,347.0,346.0,345.0,350.0,356.0,353.0,355.0,344.0,356.0,358.0,354.0,356.0,360.0,356.0,351.0,345.0,346.0,343.0,343.0
2025-03-31,云量(%),100.0,100.0,100.0,100.0,100.0,100.0,100.0,100.0,100.0,100.0,100.0,100.0,100.0,100.0,100.0,100.0,100.0,100.0,100.0,100.0,100.0,100.0,100.0,100.0
2025-03-31,太阳总辐射(MJ/m²),0.0,0.0,0.0,0.0,0.0,0.0,0.0,0.007,0.094,0.342,0.5,0.551,0.526,0.644,0.72,0.673,0.504,0.252,0.144,0.018,0.0,0.0,0.0,0.0
2025-04-01,气温(℃),10.5,10.3,10.2,10.0,9.9,9.9,9.8,10.0,11.1,11.6,13.7,15.5,18.2,21.7,23.5,20.3,20.7,20.3,19.0,16.8,16.0,14.3,13.9,13.8
2025-04-01,降水量(mm),0.1,0.1,0.1,0.0,0.1,0.1,0.0,0.0,0.0,0.0,0.0,0.0,0.0,0.0,0.0,0.0,0.0,0.0,0.0,0.0,0.0,0.0,0.0,0.0
2025-04-01,风速(km/h),12.1,11.1,9.9,9.5,9.2,9.8,10.0,10.9,9.8,13.4,12.5,13.3,13.3,12.6,13.9,17.6,11.8,12.6,6.7,5.0,4.7,3.5,2.3,6.0
2025-04-01,风向(°),348.0,352.0,344.0,345.0,348.0,342.0,345.0,348.0,354.0,4.0,12.0,13.0,9.0,350.0,297.0,318.0,340.0,329.0,346.0,2.0,32.0,325.0,18.0,81.0
2025-04-01,云量(%),100.0,100.0,100.0,100.0,100.0,100.0,99.0,46.0,80.0,99.0,98.0,99.0,90.0,94.0,74.0,16.0,7.0,0.0,1.0,0.0,0.0,1.0,0.0,0.0
2025-04-01,太阳总辐射(MJ/m²),0.0,0.0,0.0,0.0,0.0,0.0,0.0,0.04,0.472,0.508,1.242,1.868,2.635,3.161,2.538,2.693,2.077,1.382,0.616,0.076,0.0,0.0,0.0,0.0
2025-04-02,气温(℃),14.0,13.5,12.8,12.4,12.0,11.7,11.3,11.7,14.1,16.9,18.6,19.7,20.6,21.3,21.8,22.1,22.2,21.9,20.8,18.8,16.9,16.0,15.5,15.4
2025-04-02,降水量(mm),0.0,0.0,0.0,0.0,0.0,0.0,0.0,0.0,0.0,0.0,0.0,0.0,0.0,0.0,0.0,0.0,0.0,0.0,0.0,0.0,0.0,0.0,0.0,0.0
2025-04-02,风速(km/h),7.7,7.1,5.6,6.0,6.7,6.5,6.9,7.2,6.0,7.8,10.4,10.2,8.9,7.7,7.0,6.5,6.4,6.1,4.0,2.8,6.5,9.6,6.7,6.6
2025-04-02,风向(°),74.0,60.0,48.0,27.0,19.0,8.0,6.0,18.0,7.0,23.0,42.0,49.0,56.0,51.0,58.0,62.0,63.0,60.0,63.0,101.0,150.0,166.0,171.0,164.0
2025-04-02,云量(%),0.0,41.0,52.0,75.0,78.0,84.0,63.0,63.0,66.0,84.0,83.0,91.0,67.0,71.0,92.0,93.0,8.0,2.0,0.0,0.0,0.0,0.0,0.0,0.0
2025-04-02,太阳总辐射(MJ/m²),0.0,0.0,0.0,0.0,0.0,0.0,0.0,0.072,0.608,1.386,2.135,2.74,3.128,3.272,3.146,2.754,2.156,1.404,0.623,0.076,0.0,0.0,0.0,0.0
2025-04-03,气温(℃),15.0,14.5,14.0,13.5,13.3,12.6,12.2,13.0,16.6,19.0,21.0,22.5,23.7,24.6,25.1,25.3,25.1,24.3,22.1,19.1,18.0,17.6,17.2,17.1
2025-04-03,降水量(mm),0.0,0.0,0.0,0.0,0.0,0.0,0.0,0.0,0.0,0.0,0.0,0.0,0.0,0.0,0.0,0.0,0.0,0.0,0.0,0.0,0.0,0.0,0.0,0.0
2025-04-03,风速(km/h),5.6,5.1,4.7,4.3,1.0,1.9,2.2,5.0,3.8,3.1,3.4,4.5,4.7,3.6,3.9,5.4,7.1,7.7,8.0,9.4,9.4,8.7,8.6,9.5
2025-04-03,风向(°),174.0,170.0,173.0,180.0,202.0,343.0,9.0,15.0,352.0,45.0,32.0,34.0,32.0,45.0,77.0,90.0,106.0,120.0,126.0,144.0,160.0,158.0,157.0,147.0
2025-04-03,云量(%),0.0,0.0,0.0,0.0,0.0,0.0,6.0,27.0,1.0,0.0,0.0,0.0,0.0,0.0,0.0,0.0,0.0,0.0,0.0,0.0,0.0,0.0,0.0,0.0
2025-04-03,太阳总辐射(MJ/m²),0.0,0.0,0.0,0.0,0.0,0.0,0.0,0.076,0.605,1.4,2.16,2.765,3.15,3.28,3.146,2.754,2.153,1.4,0.623,0.079,0.0,0.0,0.0,0.0
2025-04-04,气温(℃),17.0,16.8,16.6,16.5,16.3,16.1,15.9,16.2,18.7,20.2,21.8,22.8,23.5,23.7,23.7,23.9,22.5,21.9,21.3,20.6,20.0,19.6,19.4,19.2
2025-04-04,降水量(mm),0.0,0.0,0.0,0.0,0.0,0.0,0.0,0.0,0.0,0.0,0.0,0.0,0.0,0.0,0.0,0.0,0.0,0.0,0.0,0.0,0.1,0.0,0.0,0.1
2025-04-04,风速(km/h),9.8,8.6,7.0,7.7,8.1,8.4,8.4,8.4,9.3,10.2,10.7,11.4,11.4,12.1,12.5,11.6,11.1,9.4,7.9,7.0,6.9,4.1,3.0,4.3
2025-04-04,风向(°),136.0,127.0,116.0,111.0,102.0,101.0,101.0,100.0,100.0,104.0,113.0,115.0,121.0,128.0,133.0,137.0,127.0,122.0,123.0,132.0,129.0,124.0,65.0,17.0
2025-04-04,云量(%),0.0,0.0,0.0,37.0,0.0,0.0,0.0,1.0,7.0,17.0,61.0,81.0,95.0,100.0,100.0,100.0,100.0,99.0,100.0,69.0,100.0,100.0,100.0,100.0
2025-04-04,太阳总辐射(MJ/m²),0.0,0.0,0.0,0.0,0.0,0.0,0.0,0.079,0.637,1.382,2.102,2.171,2.146,1.645,1.339,1.364,0.619,0.414,0.248,0.022,0.0,0.0,0.0,0.0
2025-04-05,气温(℃),19.1,18.9,18.8,18.7,18.6,18.7,18.8,18.9,19.4,19.6,20.0,19.4,19.3,21.2,21.0,21.3,20.9,20.7,20.1,19.6,19.3,18.4,18.4,18.4
2025-04-05,降水量(mm),0.0,0.0,0.0,0.0,0.0,0.0,0.0,0.0,0.0,0.0,0.0,0.6,0.6,0.1,0.1,0.1,0.0,0.0,0.0,0.0,0.0,0.0,0.0,0.0
2025-04-05,风速(km/h),4.2,4.8,5.9,5.8,5.9,7.0,6.4,5.4,5.7,9.8,7.7,7.2,7.6,7.3,7.5,8.1,7.5,7.0,7.2,7.7,7.5,6.6,7.1,6.0
2025-04-05,风向(°),36.0,27.0,27.0,30.0,45.0,48.0,40.0,26.0,28.0,55.0,51.0,13.0,47.0,50.0,40.0,45.0,60.0,58.0,62.0,66.0,63.0,69.0,63.0,49.0
2025-04-05,云量(%),100.0,100.0,100.0,100.0,100.0,100.0,100.0,100.0,100.0,100.0,100.0,100.0,100.0,100.0,100.0,100.0,100.0,100.0,100.0,100.0,100.0,100.0,100.0,100.0
2025-04-05,太阳总辐射(MJ/m²),0.0,0.0,0.0,0.0,0.0,0.0,0.0,0.018,0.115,0.403,0.558,0.281,0.338,1.382,0.63,0.702,0.403,0.292,0.13,0.018,0.0,0.0,0.0,0.0
2025-04-06,气温(℃),18.3,18.2,18.0,17.6,17.5,17.5,17.6,17.8,19.3,20.1,21.3,23.3,23.2,24.1,23.8,24.1,24.0,23.7,23.4,21.6,20.8,19.6,18.7,17.7
2025-04-06,降水量(mm),0.0,0.0,0.0,0.0,0.0,0.0,0.0,0.0,0.0,0.0,0.0,0.0,0.0,0.0,0.0,0.0,0.0,0.0,0.0,0.0,0.0,0.0,0.0,0.0
2025-04-06,风速(km/h),5.8,6.0,5.7,6.1,5.2,4.0,4.0,5.5,5.5,6.5,7.0,8.3,7.3,3.7,1.8,3.1,4.0,3.1,2.2,0.7,1.2,3.2,5.7,6.3
2025-04-06,风向(°),39.0,53.0,32.0,19.0,20.0,32.0,36.0,32.0,13.0,23.0,35.0,24.0,23.0,29.0,354.0,310.0,309.0,306.0,305.0,284.0,129.0,124.0,152.0,162.0
2025-04-06,云量(%),100.0,100.0,100.0,100.0,100.0,100.0,94.0,30.0,71.0,99.0,97.0,98.0,100.0,100.0,100.0,100.0,100.0,97.0,86.0,100.0,100.0,99.0,86.0,78.0
2025-04-06,太阳总辐射(MJ/m²),0.0,0.0,0.0,0.0,0.0,0.0,0.0,0.054,0.576,0.637,1.188,2.149,1.246,1.379,0.691,0.792,0.698,0.486,0.526,0.079,0.0,0.0,0.0,0.0
2025-04-07,气温(℃),17.2,17.1,16.9,16.6,16.3,16.1,16.0,17.0,19.6,21.6,23.6,25.1,26.3,26.8,26.9,26.9,26.3,25.1,23.3,21.1,20.1,20.1,19.6,19.0
2025-04-07,降水量(mm),0.0,0.0,0.0,0.0,0.0,0.0,0.0,0.0,0.0,0.0,0.0,0.0,0.0,0.0,0.0,0.0,0.0,0.0,0.0,0.0,0.0,0.0,0.0,0.0
2025-04-07,风速(km/h),7.2,5.6,4.7,3.5,2.7,3.6,3.3,5.0,3.2,2.9,4.4,5.5,6.3,8.4,10.0,10.7,11.4,11.1,9.2,7.8,8.6,7.2,7.6,7.4
2025-04-07,风向(°),148.0,147.0,152.0,152.0,138.0,108.0,84.0,55.0,43.0,43.0,81.0,103.0,114.0,115.0,116.0,119.0,129.0,138.0,138.0,146.0,149.0,161.0,152.0,139.0
2025-04-07,云量(%),89.0,67.0,66.0,62.0,36.0,64.0,92.0,76.0,32.0,49.0,12.0,2.0,53.0,79.0,15.0,13.0,4.0,6.0,13.0,28.0,23.0,15.0,9.0,64.0
2025-04-07,太阳总辐射(MJ/m²),0.0,0.0,0.0,0.0,0.0,0.0,0.0,0.09,0.626,1.339,2.099,2.704,3.082,3.182,3.064,2.696,2.124,1.364,0.616,0.079,0.0,0.0,0.0,0.0
2025-04-08,气温(℃),18.7,18.1,17.5,17.3,17.2,16.7,16.7,17.5,20.4,23.2,25.2,26.7,28.3,30.2,28.8,28.4,27.0,26.1,24.6,22.9,22.1,21.9,21.7,21.3
2025-04-08,降水量(mm),0.0,0.0,0.0,0.0,0.0,0.0,0.0,0.0,0.0,0.0,0.0,0.0,0.0,0.0,0.0,0.0,0.0,0.0,0.0,0.0,0.0,0.0,0.0,0.0
2025-04-08,风速(km/h),6.4,3.8,2.8,4.5,0.8,1.9,1.7,3.0,2.0,1.2,0.8,0.4,2.5,3.5,9.3,11.5,13.4,12.9,12.6,10.1,10.8,8.2,8.4,8.6
2025-04-08,风向(°),151.0,163.0,195.0,185.0,153.0,56.0,77.0,123.0,95.0,141.0,243.0,333.0,120.0,118.0,112.0,122.0,140.0,148.0,153.0,160.0,159.0,157.0,157.0,164.0
2025-04-08,云量(%),66.0,46.0,61.0,88.0,72.0,35.0,18.0,4.0,91.0,4.0,75.0,73.0,92.0,100.0,85.0,56.0,73.0,95.0,87.0,21.0,78.0,100.0,92.0,64.0
2025-04-08,太阳总辐射(MJ/m²),0.0,0.0,0.0,0.0,0.0,0.0,0.0,0.094,0.637,1.364,2.117,2.7,3.085,3.164,2.135,1.865,1.274,1.224,0.58,0.076,0.0,0.0,0.0,0.0
2025-04-09,气温(℃),21.0,20.6,20.0,19.6,19.5,20.1,20.4,20.7,21.8,23.8,26.5,27.7,28.3,29.4,30.0,30.1,29.7,27.5,25.8,24.1,23.1,23.1,22.6,22.4
2025-04-09,降水量(mm),0.0,0.0,0.0,0.0,0.0,0.0,0.0,0.0,0.0,0.0,0.1,0.0,0.1,0.2,0.2,0.3,0.2,0.0,0.0,0.0,0.0,0.0,0.0,0.0
2025-04-09,风速(km/h),6.9,5.3,2.9,1.7,0.4,0.9,2.6,3.6,5.4,7.8,8.3,7.5,7.8,8.6,9.6,10.5,13.0,14.3,13.4,12.8,11.6,10.7,8.9,7.8
2025-04-09,风向(°),171.0,170.0,210.0,288.0,360.0,90.0,124.0,123.0,150.0,167.0,202.0,213.0,218.0,211.0,208.0,218.0,202.0,195.0,187.0,185.0,187.0,196.0,189.0,187.0
2025-04-09,云量(%),86.0,94.0,91.0,98.0,100.0,100.0,100.0,100.0,100.0,99.0,100.0,100.0,98.0,93.0,36.0,39.0,46.0,20.0,19.0,85.0,99.0,90.0,99.0,99.0
2025-04-09,太阳总辐射(MJ/m²),0.0,0.0,0.0,0.0,0.0,0.0,0.0,0.036,0.238,0.641,1.757,1.775,1.894,2.426,2.693,2.3,1.829,1.148,0.569,0.079,0.0,0.0,0.0,0.0
2025-04-10,气温(℃),22.2,22.1,22.2,22.1,22.0,22.1,22.1,22.3,23.3,25.3,27.2,28.8,29.0,29.8,30.4,29.8,29.2,28.3,26.6,25.0,24.0,24.3,23.8,23.6
2025-04-10,降水量(mm),0.0,0.0,0.0,0.0,0.0,0.0,0.0,0.0,0.0,0.0,0.0,0.0,0.0,0.0,0.0,0.0,0.0,0.0,0.0,0.0,0.0,0.0,0.0,0.0
2025-04-10,风速(km/h),8.0,8.2,7.0,6.0,3.5,1.3,2.0,4.1,4.4,5.6,4.8,3.5,2.6,3.0,6.6,8.5,12.1,13.6,12.3,11.4,9.6,8.9,9.5,9.7
2025-04-10,风向(°),188.0,206.0,215.0,221.0,258.0,344.0,207.0,236.0,238.0,205.0,233.0,219.0,146.0,166.0,213.0,215.0,215.0,211.0,210.0,207.0,208.0,201.0,205.0,198.0
2025-04-10,云量(%),99.0,100.0,100.0,100.0,100.0,100.0,100.0,100.0,100.0,100.0,100.0,95.0,100.0,97.0,95.0,99.0,99.0,30.0,34.0,32.0,45.0,61.0,54.0,68.0
2025-04-10,太阳总辐射(MJ/m²),0.0,0.0,0.0,0.0,0.0,0.0,0.0,0.061,0.374,0.94,1.595,2.21,1.861,1.901,1.57,1.145,1.206,1.062,0.569,0.079,0.0,0.0,0.0,0.0
2025-04-11,气温(℃),23.2,22.8,22.8,22.3,21.9,21.6,21.4,22.3,24.1,26.5,28.0,28.9,29.8,31.0,31.5,31.4,30.1,28.7,27.2,25.9,24.7,24.6,24.6,24.4
2025-04-11,降水量(mm),0.0,0.0,0.0,0.0,0.0,0.0,0.0,0.0,0.0,0.1,0.0,0.0,0.1,0.0,0.0,0.0,0.0,0.0,0.0,0.0,0.0,0.0,0.0,0.0
2025-04-11,风速(km/h),8.2,8.3,8.0,5.6,4.0,5.2,6.4,7.7,9.7,13.2,14.3,15.5,15.7,17.5,17.9,18.9,19.3,18.1,17.1,14.0,13.8,10.9,12.2,12.2
2025-04-11,风向(°),189.0,180.0,174.0,165.0,148.0,134.0,148.0,152.0,162.0,177.0,173.0,179.0,186.0,190.0,195.0,198.0,198.0,197.0,194.0,187.0,174.0,153.0,163.0,167.0
2025-04-11,云量(%),13.0,94.0,7.0,6.0,5.0,10.0,87.0,100.0,100.0,46.0,54.0,97.0,98.0,96.0,50.0,36.0,39.0,46.0,55.0,46.0,100.0,100.0,100.0,100.0
2025-04-11,太阳总辐射(MJ/m²),0.0,0.0,0.0,0.0,0.0,0.0,0.0,0.076,0.353,1.123,1.728,1.861,1.771,2.318,2.426,2.43,1.883,1.217,0.544,0.072,0.0,0.0,0.0,0.0
2025-04-12,气温(℃),24.2,24.2,24.2,24.3,24.4,24.4,24.4,24.6,24.8,26.9,28.8,28.9,29.3,27.0,27.6,27.7,23.9,20.8,20.0,19.3,19.7,20.1,19.8,19.5
2025-04-12,降水量(mm),0.0,0.0,0.0,0.0,0.0,0.0,0.0,0.0,0.0,0.0,0.1,0.1,0.4,5.2,2.0,0.7,12.4,3.9,1.1,0.1,0.0,0.0,0.0,0.0
2025-04-12,风速(km/h),12.3,11.9,13.7,15.0,14.7,13.7,13.3,12.7,12.3,17.1,22.7,22.4,23.7,19.2,18.0,15.8,20.0,17.9,21.7,18.6,18.3,18.4,18.8,16.1
2025-04-12,风向(°),173.0,174.0,182.0,186.0,188.0,191.0,193.0,196.0,207.0,214.0,222.0,223.0,222.0,225.0,214.0,227.0,325.0,9.0,21.0,28.0,20.0,6.0,12.0,18.0
2025-04-12,云量(%),100.0,100.0,100.0,100.0,100.0,100.0,100.0,100.0,100.0,99.0,100.0,100.0,100.0,99.0,98.0,100.0,100.0,100.0,100.0,100.0,100.0,100.0,100.0,97.0
2025-04-12,太阳总辐射(MJ/m²),0.0,0.0,0.0,0.0,0.0,0.0,0.0,0.04,0.162,0.392,1.094,0.839,1.717,0.904,1.516,1.483,0.212,0.09,0.148,0.043,0.0,0.0,0.0,0.0
2025-04-13,气温(℃),18.7,18.7,18.4,17.8,17.3,17.0,16.6,16.7,18.1,20.4,21.5,21.6,21.7,22.2,22.0,22.9,21.9,21.2,20.8,18.9,18.7,18.1,17.3,16.7
2025-04-13,降水量(mm),0.0,0.0,0.0,0.0,0.0,0.0,0.0,0.0,0.0,0.0,0.0,0.0,0.0,0.0,0.0,0.0,0.0,0.0,0.0,0.0,0.0,0.0,0.0,0.0
2025-04-13,风速(km/h),14.9,14.8,12.3,11.8,11.5,12.8,12.9,12.8,12.3,13.6,16.7,16.4,13.9,12.7,10.5,12.0,10.1,6.7,6.1,5.0,3.3,5.2,4.5,4.1
2025-04-13,风向(°),15.0,10.0,5.0,7.0,14.0,17.0,13.0,15.0,3.0,15.0,29.0,25.0,24.0,27.0,22.0,19.0,27.0,38.0,30.0,15.0,347.0,314.0,299.0,285.0
2025-04-13,云量(%),100.0,100.0,100.0,42.0,100.0,55.0,74.0,24.0,95.0,100.0,100.0,100.0,100.0,100.0,100.0,100.0,100.0,100.0,99.0,99.0,99.0,61.0,24.0,40.0
2025-04-13,太阳总辐射(MJ/m²),0.0,0.0,0.0,0.0,0.0,0.0,0.0,0.119,0.713,1.415,1.876,1.519,1.246,1.541,0.972,1.991,0.659,0.378,0.288,0.09,0.0,0.0,0.0,0.0
2025-04-14,气温(℃),16.5,15.9,15.6,15.1,14.8,14.6,14.3,15.5,18.1,21.0,22.8,24.1,25.1,26.1,27.0,27.8,28.1,27.8,25.8,23.2,20.8,20.1,19.2,18.5
2025-04-14,降水量(mm),0.0,0.0,0.0,0.0,0.0,0.0,0.0,0.0,0.0,0.0,0.0,0.0,0.0,0.0,0.0,0.0,0.0,0.0,0.0,0.0,0.0,0.0,0.0,0.0
2025-04-14,风速(km/h),4.9,4.5,4.7,4.7,4.9,5.2,5.5,5.9,5.4,6.8,8.6,9.5,9.6,9.1,9.2,8.1,7.8,6.7,3.7,1.5,4.7,6.3,5.1,4.5
2025-04-14,风向(°),280.0,270.0,277.0,279.0,280.0,290.0,306.0,301.0,318.0,312.0,307.0,309.0,308.0,302.0,301.0,301.0,308.0,322.0,317.0,216.0,198.0,193.0,216.0,217.0
2025-04-14,云量(%),14.0,11.0,1.0,3.0,5.0,1.0,0.0,29.0,51.0,57.0,100.0,100.0,100.0,100.0,100.0,97.0,100.0,43.0,80.0,100.0,91.0,95.0,77.0,93.0
2025-04-14,太阳总辐射(MJ/m²),0.0,0.0,0.0,0.0,0.0,0.0,0.0,0.133,0.763,1.588,2.336,2.646,2.948,2.966,2.74,2.527,2.113,1.469,0.709,0.101,0.0,0.0,0.0,0.0
2025-04-15,气温(℃),18.3,17.7,17.4,17.0,17.0,16.3,16.2,17.1,20.5,23.6,26.8,29.0,30.2,30.7,30.9,31.1,31.0,30.4,27.1,23.9,23.1,23.6,22.2,21.2
2025-04-15,降水量(mm),0.0,0.0,0.0,0.0,0.0,0.0,0.0,0.0,0.0,0.0,0.0,0.0,0.0,0.0,0.0,0.0,0.0,0.0,0.0,0.0,0.0,0.0,0.0,0.0
2025-04-15,风速(km/h),5.6,5.0,4.8,4.8,5.9,5.4,2.4,4.4,3.7,3.5,5.5,9.2,13.0,13.8,13.1,11.5,9.0,7.0,11.7,12.0,11.7,13.6,12.2,11.6
2025-04-15,风向(°),228.0,232.0,239.0,255.0,268.0,290.0,351.0,32.0,337.0,348.0,17.0,40.0,47.0,57.0,61.0,68.0,77.0,93.0,148.0,143.0,146.0,145.0,136.0,137.0
2025-04-15,云量(%),98.0,88.0,65.0,79.0,17.0,30.0,100.0,85.0,94.0,95.0,94.0,29.0,78.0,74.0,15.0,2.0,24.0,100.0,98.0,98.0,100.0,14.0,16.0,16.0
2025-04-15,太阳总辐射(MJ/m²),0.0,0.0,0.0,0.0,0.0,0.0,0.0,0.13,0.774,1.534,2.358,2.959,3.362,3.478,3.312,2.945,2.315,1.53,0.601,0.086,0.0,0.0,0.0,0.0
2025-04-16,气温(℃),20.7,20.1,19.6,19.0,18.3,17.8,17.4,18.1,21.4,23.9,25.8,27.4,28.5,28.8,28.7,28.1,27.2,26.1,24.7,23.1,22.1,21.7,21.4,21.0
2025-04-16,降水量(mm),0.0,0.0,0.0,0.0,0.0,0.0,0.0,0.0,0.0,0.0,0.0,0.0,0.0,0.0,0.0,0.0,0.0,0.0,0.0,0.0,0.0,0.0,0.0,0.0
2025-04-16,风速(km/h),11.2,10.0,8.0,6.8,5.8,4.8,1.9,2.8,3.0,5.7,7.6,8.8,12.0,13.7,15.0,16.0,16.0,15.1,14.8,12.7,11.2,9.5,9.6,9.5
2025-04-16,风向(°),136.0,141.0,152.0,158.0,150.0,138.0,124.0,15.0,52.0,114.0,126.0,133.0,140.0,142.0,146.0,147.0,150.0,152.0,151.0,144.0,143.0,141.0,140.0,144.0
2025-04-16,云量(%),7.0,11.0,75.0,92.0,86.0,10.0,99.0,66.0,100.0,100.0,98.0,100.0,88.0,93.0,27.0,69.0,69.0,93.0,97.0,100.0,100.0,100.0,27.0,74.0
2025-04-16,太阳总辐射(MJ/m²),0.0,0.0,0.0,0.0,0.0,0.0,0.0,0.144,0.774,1.573,2.218,2.826,3.193,3.316,3.2,2.79,2.203,1.422,0.619,0.094,0.0,0.0,0.0,0.0
2025-04-17,气温(℃),20.8,20.5,20.2,20.0,19.7,19.0,18.7,20.0,22.2,23.8,26.1,27.3,28.7,29.5,29.3,28.6,28.2,27.3,26.0,24.5,23.8,23.3,22.8,22.5
2025-04-17,降水量(mm),0.0,0.0,0.0,0.0,0.0,0.0,0.0,0.0,0.0,0.1,0.0,0.0,0.0,0.0,0.0,0.0,0.0,0.0,0.0,0.0,0.0,0.0,0.0,0.0
2025-04-17,风速(km/h),9.0,7.2,7.7,7.2,6.2,4.8,4.0,6.2,3.4,8.8,12.9,12.6,11.9,11.7,12.3,13.0,14.2,13.2,11.7,10.3,10.1,9.3,8.0,8.4
2025-04-17,风向(°),150.0,158.0,155.0,152.0,142.0,143.0,159.0,150.0,122.0,147.0,161.0,163.0,170.0,178.0,183.0,179.0,181.0,192.0,203.0,191.0,175.0,165.0,153.0,143.0
2025-04-17,云量(%),99.0,100.0,88.0,93.0,95.0,97.0,100.0,100.0,100.0,100.0,100.0,99.0,99.0,100.0,100.0,100.0,99.0,96.0,100.0,99.0,100.0,100.0,100.0,100.0
2025-04-17,太阳总辐射(MJ/m²),0.0,0.0,0.0,0.0,0.0,0.0,0.0,0.108,0.572,0.691,1.703,2.117,2.862,3.049,2.29,1.879,1.976,1.296,0.63,0.09,0.0,0.0,0.0,0.0
2025-04-18,气温(℃),22.2,22.2,22.5,22.6,22.7,22.7,22.9,23.3,24.3,24.3,25.3,25.9,28.0,29.7,30.4,29.7,28.3,27.8,26.8,25.9,25.6,25.3,25.1,25.0
2025-04-18,降水量(mm),0.0,0.0,0.0,0.0,0.0,0.0,0.0,0.0,0.0,0.0,0.1,0.0,0.2,0.3,0.2,0.3,1.3,0.1,0.0,0.0,0.0,0.2,0.0,0.0
2025-04-18,风速(km/h),7.8,6.4,5.9,5.7,6.6,7.9,8.4,9.9,10.7,10.6,11.7,12.1,13.0,12.9,16.1,16.0,10.4,16.8,13.0,10.2,10.0,9.5,10.9,11.6
2025-04-18,风向(°),140.0,140.0,135.0,127.0,131.0,131.0,138.0,142.0,144.0,138.0,144.0,143.0,158.0,193.0,202.0,209.0,198.0,190.0,177.0,162.0,157.0,144.0,151.0,161.0
2025-04-18,云量(%),88.0,100.0,100.0,100.0,100.0,100.0,100.0,100.0,100.0,100.0,100.0,100.0,100.0,100.0,99.0,100.0,100.0,100.0,100.0,100.0,100.0,100.0,100.0,100.0
2025-04-18,太阳总辐射(MJ/m²),0.0,0.0,0.0,0.0,0.0,0.0,0.0,0.043,0.223,0.4,0.781,1.073,1.166,1.523,1.836,1.091,0.616,0.536,0.198,0.022,0.0,0.0,0.0,0.0
2025-04-19,气温(℃),25.0,24.9,24.9,24.7,24.6,24.5,24.5,24.7,25.3,26.4,26.9,28.9,30.6,31.2,31.5,31.0,29.5,28.6,27.2,26.4,26.1,25.8,25.6,25.3
2025-04-19,降水量(mm),0.0,0.0,0.0,0.0,0.0,0.0,0.0,0.1,0.2,0.6,0.1,0.2,0.0,0.0,0.0,0.0,0.0,0.0,0.0,0.0,0.0,0.0,0.0,0.0
2025-04-19,风速(km/h),10.4,10.8,10.1,10.7,10.1,9.4,9.9,10.5,12.3,16.2,15.2,15.6,16.9,19.8,21.7,22.1,18.6,15.9,13.0,14.7,11.7,8.9,10.0,10.3
2025-04-19,风向(°),159.0,165.0,164.0,167.0,168.0,169.0,175.0,172.0,186.0,192.0,193.0,203.0,210.0,209.0,208.0,215.0,217.0,217.0,209.0,186.0,184.0,159.0,154.0,158.0
2025-04-19,云量(%),100.0,100.0,100.0,100.0,100.0,100.0,100.0,100.0,100.0,99.0,99.0,100.0,76.0,82.0,48.0,100.0,100.0,100.0,100.0,100.0,100.0,99.0,100.0,100.0
2025-04-19,太阳总辐射(MJ/m²),0.0,0.0,0.0,0.0,0.0,0.0,0.0,0.04,0.27,0.799,1.022,1.937,2.16,2.063,2.232,2.261,1.058,0.724,0.202,0.029,0.0,0.0,0.0,0.0
2025-04-20,气温(℃),25.1,25.1,25.0,24.9,24.8,24.7,24.7,24.9,25.3,27.7,28.8,30.0,31.2,31.7,31.5,31.0,29.9,29.3,28.3,26.7,25.6,25.7,25.2,25.0
2025-04-20,降水量(mm),0.0,0.0,0.0,0.0,0.0,0.0,0.0,0.0,0.0,0.0,0.0,0.0,0.0,0.0,0.0,0.0,0.0,0.0,0.0,0.0,0.0,0.0,0.0,0.0
2025-04-20,风速(km/h),10.4,10.1,9.7,8.7,7.0,6.7,6.7,7.0,11.0,11.3,11.2,10.9,11.7,11.3,12.1,14.2,14.3,12.5,11.6,11.4,12.4,7.8,8.8,10.8
2025-04-20,风向(°),169.0,174.0,182.0,184.0,183.0,180.0,175.0,176.0,198.0,202.0,204.0,211.0,216.0,211.0,200.0,206.0,213.0,213.0,202.0,176.0,178.0,161.0,163.0,165.0
2025-04-20,云量(%),100.0,100.0,100.0,100.0,100.0,100.0,100.0,100.0,100.0,53.0,100.0,100.0,99.0,100.0,93.0,75.0,66.0,95.0,66.0,84.0,88.0,72.0,100.0,100.0
2025-04-20,太阳总辐射(MJ/m²),0.0,0.0,0.0,0.0,0.0,0.0,0.0,0.058,0.22,1.292,1.908,2.524,2.768,2.884,2.754,2.423,1.962,1.246,0.587,0.101,0.0,0.0,0.0,0.0
2025-04-21,气温(℃),24.7,24.3,24.3,24.6,24.3,24.4,24.5,24.8,25.6,28.0,29.2,30.5,31.1,31.4,31.4,31.2,30.6,29.6,27.8,26.0,25.2,25.2,24.9,25.3
2025-04-21,降水量(mm),0.0,0.0,0.0,0.0,0.0,0.0,0.0,0.0,0.1,0.0,0.0,0.0,0.0,0.0,0.0,0.0,0.0,0.0,0.0,0.0,0.0,0.0,0.0,0.0
2025-04-21,风速(km/h),12.5,8.4,8.5,10.6,10.8,10.2,9.5,12.8,15.9,16.4,17.7,16.2,16.7,15.9,16.2,16.4,16.4,15.9,14.4,13.4,12.5,11.5,11.5,12.1
2025-04-21,风向(°),169.0,173.0,159.0,178.0,177.0,171.0,171.0,181.0,190.0,199.0,201.0,204.0,213.0,213.0,216.0,216.0,212.0,212.0,208.0,200.0,192.0,188.0,188.0,190.0
2025-04-21,云量(%),6.0,100.0,100.0,100.0,100.0,100.0,100.0,94.0,83.0,100.0,27.0,52.0,40.0,15.0,14.0,9.0,15.0,17.0,7.0,13.0,28.0,45.0,100.0,73.0
2025-04-21,太阳总辐射(MJ/m²),0.0,0.0,0.0,0.0,0.0,0.0,0.0,0.065,0.421,1.415,1.904,2.56,3.1,3.128,3.053,2.743,2.196,1.44,0.67,0.108,0.0,0.0,0.0,0.0
2025-04-22,气温(℃),25.1,25.0,24.6,24.4,24.3,24.4,24.5,25.0,26.5,28.8,30.5,31.6,32.2,32.6,33.1,32.7,31.6,30.1,28.7,27.4,26.4,27.5,27.0,26.5
2025-04-22,降水量(mm),0.0,0.0,0.0,0.0,0.0,0.0,0.0,0.0,0.0,0.0,0.0,0.0,0.0,0.0,0.0,0.0,0.0,0.0,0.0,0.0,0.0,0.3,0.1,0.0
2025-04-22,风速(km/h),10.9,13.0,12.7,13.5,15.0,15.0,13.6,13.1,16.7,15.0,15.5,14.8,14.9,15.5,18.0,18.7,17.9,17.4,14.9,11.9,10.6,13.3,14.0,12.2
2025-04-22,风向(°),189.0,190.0,198.0,203.0,204.0,204.0,202.0,207.0,215.0,222.0,219.0,224.0,226.0,218.0,218.0,218.0,216.0,211.0,207.0,205.0,214.0,199.0,200.0,199.0
2025-04-22,云量(%),100.0,100.0,100.0,100.0,100.0,100.0,100.0,25.0,26.0,28.0,31.0,43.0,39.0,16.0,23.0,26.0,33.0,47.0,75.0,76.0,80.0,99.0,94.0,70.0
2025-04-22,太阳总辐射(MJ/m²),0.0,0.0,0.0,0.0,0.0,0.0,0.0,0.094,0.724,1.418,1.994,2.279,2.182,2.214,2.66,2.646,2.063,1.372,0.662,0.104,0.0,0.0,0.0,0.0
2025-04-23,气温(℃),25.9,25.7,25.5,25.2,25.0,25.0,24.8,25.5,27.0,30.0,31.7,32.7,33.5,33.3,31.1,30.8,31.0,30.1,28.6,27.4,26.7,27.1,26.6,26.5
2025-04-23,降水量(mm),0.0,0.0,0.0,0.0,0.0,0.0,0.0,0.0,0.0,0.0,0.0,0.0,0.0,0.0,1.6,0.3,0.2,0.0,0.0,0.0,0.0,0.0,0.0,0.0
2025-04-23,风速(km/h),11.6,10.2,11.9,8.1,5.5,5.1,2.8,4.5,7.3,6.8,7.2,6.2,7.4,11.9,14.3,14.9,14.0,12.0,11.5,10.1,10.2,6.8,6.9,8.6
2025-04-23,风向(°),204.0,221.0,218.0,233.0,218.0,203.0,252.0,223.0,230.0,235.0,238.0,221.0,231.0,235.0,223.0,225.0,221.0,220.0,212.0,213.0,194.0,192.0,205.0,200.0
2025-04-23,云量(%),100.0,100.0,98.0,100.0,100.0,100.0,100.0,99.0,100.0,39.0,33.0,98.0,100.0,99.0,96.0,100.0,99.0,100.0,100.0,100.0,100.0,100.0,100.0,93.0
2025-04-23,太阳总辐射(MJ/m²),0.0,0.0,0.0,0.0,0.0,0.0,0.0,0.097,0.616,1.408,1.868,2.052,2.153,2.38,1.382,1.282,1.091,0.907,0.32,0.076,0.0,0.0,0.0,0.0
2025-04-24,气温(℃),26.2,26.0,25.8,25.6,25.6,25.5,25.2,25.7,27.2,29.1,30.8,32.1,33.0,33.2,33.5,31.6,31.7,29.4,26.1,25.8,25.8,24.1,24.0,23.5
2025-04-24,降水量(mm),0.0,0.0,0.0,0.0,0.1,0.0,0.0,0.0,0.0,0.0,0.0,0.0,0.0,0.0,0.0,0.0,0.0,5.7,4.5,0.1,0.0,0.3,0.6,2.5
2025-04-24,风速(km/h),7.8,9.1,7.7,7.2,7.4,6.1,7.3,10.9,12.2,14.5,15.9,16.6,17.4,18.2,20.6,19.3,16.8,14.9,6.5,1.4,2.3,6.8,4.3,4.1
2025-04-24,风向(°),193.0,201.0,191.0,174.0,162.0,146.0,164.0,189.0,193.0,205.0,203.0,211.0,218.0,215.0,226.0,219.0,226.0,236.0,337.0,67.0,266.0,40.0,22.0,358.0
2025-04-24,云量(%),97.0,99.0,100.0,100.0,40.0,97.0,100.0,46.0,36.0,99.0,28.0,18.0,19.0,39.0,60.0,66.0,96.0,100.0,100.0,100.0,100.0,100.0,100.0,100.0
2025-04-24,太阳总辐射(MJ/m²),0.0,0.0,0.0,0.0,0.0,0.0,0.0,0.108,0.745,1.39,2.149,2.75,2.999,2.927,2.84,1.843,1.742,1.22,0.198,0.043,0.0,0.0,0.0,0.0
2025-04-25,气温(℃),23.3,22.9,22.9,22.8,22.5,22.8,23.0,23.2,23.5,24.5,24.2,23.8,24.0,23.7,24.2,24.8,24.0,23.6,23.1,22.7,22.4,22.6,22.2,21.9
2025-04-25,降水量(mm),0.1,0.4,0.0,0.0,0.0,0.0,0.0,0.4,0.3,0.6,1.5,2.0,1.4,1.5,0.8,0.5,1.3,0.8,0.3,0.2,0.1,0.9,0.1,0.0
2025-04-25,风速(km/h),6.2,5.9,6.3,2.6,3.2,5.6,5.9,8.2,9.8,2.7,6.1,8.8,9.9,8.4,8.4,7.7,8.3,10.1,9.1,8.9,8.0,9.5,10.1,9.8
2025-04-25,风向(°),7.0,346.0,3.0,65.0,317.0,358.0,11.0,23.0,46.0,360.0,238.0,266.0,305.0,317.0,329.0,344.0,340.0,360.0,10.0,45.0,48.0,346.0,1.0,18.0
2025-04-25,云量(%),100.0,100.0,97.0,75.0,100.0,100.0,100.0,100.0,100.0,100.0,100.0,100.0,100.0,100.0,100.0,100.0,100.0,100.0,100.0,100.0,100.0,100.0,100.0,93.0
2025-04-25,太阳总辐射(MJ/m²),0.0,0.0,0.0,0.0,0.0,0.0,0.0,0.032,0.227,0.508,0.443,0.292,0.835,0.518,0.752,0.929,0.59,0.41,0.317,0.043,0.0,0.0,0.0,0.0
2025-04-26,气温(℃),21.5,21.2,20.7,20.7,20.9,21.1,21.4,21.6,22.4,22.5,24.0,26.0,25.9,25.7,25.9,26.0,26.0,25.4,24.6,23.8,23.6,22.2,22.1,22.4
2025-04-26,降水量(mm),0.0,0.0,0.0,0.0,0.0,0.1,0.3,0.2,0.0,0.0,0.0,0.0,0.0,0.1,0.0,0.0,0.1,0.0,0.0,0.0,0.0,0.0,0.0,0.0
2025-04-26,风速(km/h),8.9,10.1,9.3,8.2,7.3,6.8,7.4,10.0,13.5,10.5,13.5,13.2,12.7,13.2,11.8,13.8,15.3,13.8,13.5,13.9,12.2,11.9,12.7,13.0
2025-04-26,风向(°),28.0,39.0,44.0,41.0,28.0,29.0,49.0,72.0,88.0,83.0,106.0,114.0,113.0,121.0,121.0,125.0,129.0,129.0,128.0,126.0,123.0,122.0,120.0,117.0
2025-04-26,云量(%),69.0,100.0,100.0,100.0,100.0,100.0,100.0,100.0,100.0,97.0,95.0,99.0,100.0,100.0,100.0,100.0,100.0,100.0,69.0,77.0,98.0,68.0,70.0,100.0
2025-04-26,太阳总辐射(MJ/m²),0.0,0.0,0.0,0.0,0.0,0.0,0.0,0.036,0.367,0.929,1.588,2.207,1.721,1.66,1.267,1.249,1.033,0.529,0.338,0.072,0.0,0.0,0.0,0.0
2025-04-27,气温(℃),22.7,22.9,22.8,22.6,22.4,22.5,22.8,23.2,24.1,24.0,25.2,26.4,26.7,27.7,27.3,27.9,28.2,26.1,25.6,24.8,24.0,23.6,23.9,23.8
2025-04-27,降水量(mm),0.0,0.0,0.1,0.0,0.0,0.0,0.0,0.0,0.1,0.2,0.1,0.1,0.3,0.3,1.6,0.5,0.0,1.4,1.9,0.2,0.0,0.0,0.0,0.1
2025-04-27,风速(km/h),10.5,10.7,10.2,12.5,11.3,10.5,11.8,11.2,12.8,13.5,17.9,17.5,16.0,16.1,15.4,12.1,12.6,6.7,6.2,6.7,6.0,5.1,5.7,6.1
2025-04-27,风向(°),115.0,120.0,116.0,118.0,126.0,117.0,119.0,120.0,130.0,131.0,142.0,148.0,153.0,158.0,169.0,162.0,177.0,156.0,120.0,142.0,131.0,126.0,145.0,178.0
2025-04-27,云量(%),100.0,100.0,99.0,100.0,100.0,100.0,100.0,100.0,100.0,100.0,100.0,100.0,91.0,65.0,82.0,90.0,100.0,100.0,98.0,93.0,80.0,98.0,100.0,39.0
2025-04-27,太阳总辐射(MJ/m²),0.0,0.0,0.0,0.0,0.0,0.0,0.0,0.065,0.22,0.41,1.022,1.987,1.706,2.545,2.358,1.991,1.62,0.5,0.36,0.068,0.0,0.0,0.0,0.0
2025-04-28,气温(℃),23.4,23.6,23.5,23.3,23.0,22.9,22.9,23.0,23.6,25.4,27.2,28.4,29.3,29.9,30.7,30.7,29.6,29.6,28.9,27.5,26.1,24.7,24.6,24.6
2025-04-28,降水量(mm),0.1,0.2,0.6,0.5,0.0,0.0,0.0,0.0,0.1,0.0,0.1,0.3,0.1,0.0,0.0,0.0,0.0,0.0,0.0,0.0,0.0,0.0,0.0,0.0
2025-04-28,风速(km/h),2.3,3.6,4.9,5.7,3.5,7.7,7.1,8.0,10.5,8.6,8.2,8.0,8.7,8.2,8.4,8.6,6.6,2.9,2.8,1.3,5.0,3.6,3.8,4.6
2025-04-28,风向(°),241.0,270.0,303.0,279.0,348.0,348.0,350.0,354.0,355.0,2.0,23.0,27.0,32.0,22.0,19.0,20.0,57.0,47.0,40.0,135.0,116.0,99.0,87.0,103.0
2025-04-28,云量(%),100.0,100.0,100.0,93.0,49.0,100.0,100.0,100.0,100.0,98.0,44.0,35.0,64.0,85.0,88.0,88.0,47.0,98.0,100.0,100.0,57.0,84.0,100.0,100.0
2025-04-28,太阳总辐射(MJ/m²),0.0,0.0,0.0,0.0,0.0,0.0,0.0,0.047,0.252,1.102,1.606,2.38,2.927,2.984,2.938,2.48,1.843,1.188,0.443,0.054,0.0,0.0,0.0,0.0
2025-04-29,气温(℃),23.9,23.6,23.3,22.9,22.4,22.1,22.0,22.9,24.5,25.7,26.7,27.3,28.0,28.7,29.1,28.6,28.0,27.2,25.8,23.9,23.1,23.1,22.6,22.3
2025-04-29,降水量(mm),0.0,0.0,0.0,0.0,0.0,0.0,0.0,0.0,0.0,0.0,0.0,0.0,0.0,0.0,0.0,0.0,0.0,0.0,0.0,0.0,0.0,0.0,0.0,0.0
2025-04-29,风速(km/h),2.8,4.2,5.8,6.7,7.7,9.2,8.5,8.1,10.0,11.9,12.3,11.7,11.5,13.5,14.0,13.3,12.9,12.7,10.2,8.4,7.9,8.7,8.5,8.2
2025-04-29,风向(°),75.0,18.0,22.0,24.0,33.0,50.0,72.0,69.0,84.0,89.0,94.0,91.0,92.0,106.0,114.0,122.0,122.0,125.0,141.0,146.0,147.0,146.0,145.0,147.0
2025-04-29,云量(%),99.0,93.0,94.0,24.0,7.0,91.0,5.0,9.0,16.0,34.0,53.0,67.0,95.0,93.0,96.0,35.0,50.0,39.0,15.0,44.0,24.0,9.0,10.0,93.0
2025-04-29,太阳总辐射(MJ/m²),0.0,0.0,0.0,0.0,0.0,0.0,0.0,0.209,0.857,1.552,2.153,2.264,2.563,2.88,3.132,2.585,2.095,1.447,0.72,0.122,0.0,0.0,0.0,0.0
2025-04-30,气温(℃),22.1,22.0,21.8,21.8,21.6,21.6,21.4,22.9,24.9,26.0,27.5,28.6,28.5,29.4,29.6,29.6,28.6,27.2,26.0,24.6,23.8,24.1,24.0,23.9
2025-04-30,降水量(mm),0.0,0.0,0.0,0.0,0.0,0.0,0.0,0.0,0.1,0.0,0.0,0.0,0.0,0.2,0.4,0.2,0.0,0.0,0.0,0.0,0.0,0.0,0.0,0.0
2025-04-30,风速(km/h),8.9,8.9,8.1,6.8,5.3,4.4,4.0,5.1,8.5,6.9,5.9,6.7,9.3,9.6,10.1,9.4,12.0,11.7,10.4,9.0,9.5,7.5,7.3,7.1
2025-04-30,风向(°),148.0,146.0,145.0,143.0,125.0,117.0,117.0,122.0,126.0,129.0,133.0,134.0,124.0,128.0,134.0,135.0,134.0,144.0,154.0,151.0,155.0,165.0,160.0,170.0
2025-04-30,云量(%),49.0,77.0,90.0,72.0,57.0,41.0,25.0,41.0,47.0,45.0,62.0,100.0,64.0,39.0,30.0,40.0,57.0,74.0,56.0,100.0,100.0,100.0,100.0,100.0
2025-04-30,太阳总辐射(MJ/m²),0.0,0.0,0.0,0.0,0.0,0.0,0.0,0.194,0.785,1.472,2.124,2.542,2.12,2.462,2.524,2.383,1.897,0.947,0.544,0.104,0.0,0.0,0.0,0.0
2025-05-01,气温(℃),23.7,23.5,23.5,23.2,22.9,22.6,22.7,23.2,24.4,25.6,26.8,26.6,27.9,28.6,27.8,26.3,26.7,25.8,25.3,24.6,24.0,23.9,23.6,23.7
2025-05-01,降水量(mm),0.0,0.0,0.1,0.0,0.0,0.0,0.0,0.0,0.0,0.0,0.0,0.1,0.1,0.2,0.7,0.8,0.4,0.7,0.2,0.0,0.0,0.0,0.0,0.0
2025-05-01,风速(km/h),6.7,7.8,6.0,4.9,3.5,2.8,2.6,1.3,1.6,3.6,5.2,6.1,6.6,7.6,10.5,6.9,3.9,3.9,3.6,2.6,3.7,1.1,1.5,4.5
2025-05-01,风向(°),172.0,172.0,177.0,176.0,171.0,169.0,231.0,45.0,276.0,300.0,316.0,320.0,319.0,324.0,309.0,285.0,257.0,204.0,207.0,192.0,194.0,252.0,284.0,214.0
2025-05-01,云量(%),98.0,97.0,53.0,99.0,66.0,100.0,100.0,100.0,100.0,95.0,100.0,100.0,100.0,100.0,100.0,100.0,100.0,100.0,100.0,100.0,100.0,76.0,87.0,94.0
2025-05-01,太阳总辐射(MJ/m²),0.0,0.0,0.0,0.0,0.0,0.0,0.0,0.072,0.302,0.85,1.127,0.868,1.76,1.775,1.451,1.213,1.166,0.464,0.23,0.065,0.0,0.0,0.0,0.0
2025-05-02,气温(℃),23.7,23.2,22.9,22.7,22.6,22.5,22.4,23.4,25.0,26.6,28.2,29.7,30.5,31.0,31.2,31.3,30.4,28.6,26.9,25.5,24.6,24.9,24.6,24.4
2025-05-02,降水量(mm),0.0,0.0,0.0,0.0,0.0,0.0,0.0,0.0,0.0,0.0,0.1,0.1,0.0,0.0,0.0,0.0,0.0,0.0,0.0,0.0,0.0,0.0,0.0,0.0
2025-05-02,风速(km/h),6.0,3.9,2.9,1.9,1.9,1.8,1.4,3.5,5.6,3.4,4.1,6.8,9.4,9.7,10.4,11.6,14.1,13.7,11.4,9.4,8.6,8.7,8.6,8.2
2025-05-02,风向(°),229.0,254.0,277.0,292.0,343.0,336.0,337.0,15.0,25.0,43.0,49.0,72.0,93.0,106.0,110.0,131.0,136.0,142.0,149.0,151.0,154.0,156.0,151.0,154.0
2025-05-02,云量(%),89.0,83.0,98.0,99.0,99.0,100.0,100.0,100.0,100.0,100.0,90.0,54.0,35.0,55.0,92.0,93.0,97.0,89.0,96.0,68.0,26.0,24.0,35.0,20.0
2025-05-02,太阳总辐射(MJ/m²),0.0,0.0,0.0,0.0,0.0,0.0,0.0,0.173,0.594,1.04,1.721,2.704,2.974,3.114,2.819,2.7,2.012,1.181,0.533,0.108,0.0,0.0,0.0,0.0
2025-05-03,气温(℃),24.2,24.0,23.9,23.8,23.4,23.1,22.9,23.9,26.1,28.0,29.4,28.9,27.5,28.8,25.4,28.2,27.6,27.5,27.0,25.9,25.1,25.0,24.7,24.4
2025-05-03,降水量(mm),0.0,0.0,0.0,0.0,0.0,0.1,0.0,0.0,0.0,0.0,0.0,0.4,0.4,0.5,3.1,0.2,1.9,0.5,0.0,0.0,0.0,0.0,0.0,0.0
2025-05-03,风速(km/h),6.7,7.0,5.5,5.4,4.1,5.2,5.3,5.0,5.4,3.5,4.7,2.3,7.4,9.5,9.1,4.5,8.3,6.5,7.1,3.6,7.1,6.0,7.4,7.1
2025-05-03,风向(°),153.0,159.0,167.0,172.0,165.0,158.0,156.0,154.0,188.0,208.0,238.0,198.0,104.0,136.0,190.0,175.0,213.0,188.0,189.0,139.0,133.0,163.0,137.0,139.0
2025-05-03,云量(%),32.0,7.0,13.0,26.0,46.0,44.0,25.0,17.0,8.0,20.0,100.0,99.0,52.0,98.0,98.0,99.0,100.0,98.0,89.0,33.0,23.0,41.0,41.0,31.0
2025-05-03,太阳总辐射(MJ/m²),0.0,0.0,0.0,0.0,0.0,0.0,0.0,0.209,0.864,1.476,2.077,1.584,1.382,2.606,2.153,1.75,0.983,0.724,0.486,0.104,0.0,0.0,0.0,0.0
2025-05-04,气温(℃),24.4,24.3,24.3,24.0,23.8,23.4,23.3,24.4,26.4,27.9,29.1,30.2,29.5,31.1,28.6,29.4,29.7,29.3,28.2,26.8,25.9,25.7,25.3,25.1
2025-05-04,降水量(mm),0.0,0.0,0.0,0.0,0.0,0.0,0.0,0.0,0.0,0.1,0.1,0.1,3.7,0.1,3.0,0.2,0.0,0.0,0.0,0.0,0.0,0.0,0.0,0.0
2025-05-04,风速(km/h),7.6,7.7,8.4,6.2,5.0,3.5,3.6,4.2,6.9,9.4,10.3,10.5,12.3,13.1,12.0,15.7,16.2,16.3,12.3,8.6,8.6,8.1,9.3,10.1
2025-05-04,风向(°),142.0,155.0,155.0,144.0,134.0,118.0,147.0,170.0,173.0,168.0,175.0,175.0,203.0,189.0,199.0,193.0,192.0,194.0,190.0,172.0,157.0,156.0,148.0,147.0
2025-05-04,云量(%),28.0,56.0,100.0,100.0,66.0,92.0,44.0,53.0,93.0,100.0,98.0,100.0,99.0,100.0,99.0,97.0,54.0,88.0,65.0,74.0,35.0,8.0,5.0,9.0
2025-05-04,太阳总辐射(MJ/m²),0.0,0.0,0.0,0.0,0.0,0.0,0.0,0.191,0.832,1.512,1.879,2.516,2.225,2.628,1.235,1.706,1.973,1.422,0.641,0.13,0.0,0.0,0.0,0.0
2025-05-05,气温(℃),25.1,25.1,25.0,25.0,24.8,24.6,24.3,25.5,27.3,28.3,29.1,30.6,29.1,30.6,30.5,27.3,27.7,28.2,27.6,26.7,26.1,24.6,24.5,24.8
2025-05-05,降水量(mm),0.0,0.0,0.0,0.0,0.0,0.0,0.0,0.0,0.0,0.0,0.2,0.1,1.9,0.2,0.1,5.0,0.1,0.1,0.1,0.0,0.0,11.2,1.7,0.0
2025-05-05,风速(km/h),11.4,10.9,10.5,10.1,8.3,7.2,5.4,8.9,12.0,9.9,12.1,11.2,11.9,10.7,12.1,11.2,9.6,15.8,12.0,10.2,9.7,5.9,8.6,4.8
2025-05-05,风向(°),151.0,156.0,163.0,170.0,169.0,162.0,140.0,162.0,187.0,180.0,190.0,186.0,222.0,200.0,226.0,201.0,200.0,212.0,215.0,216.0,207.0,40.0,211.0,143.0
2025-05-05,云量(%),4.0,12.0,24.0,22.0,48.0,64.0,19.0,14.0,27.0,100.0,71.0,100.0,73.0,93.0,100.0,100.0,88.0,94.0,98.0,98.0,60.0,99.0,100.0,94.0
2025-05-05,太阳总辐射(MJ/m²),0.0,0.0,0.0,0.0,0.0,0.0,0.0,0.234,0.896,0.857,1.555,2.628,1.145,2.862,2.552,1.174,0.77,1.127,0.414,0.097,0.0,0.0,0.0,0.0
2025-05-06,气温(℃),24.4,24.5,24.7,23.9,23.0,23.0,22.7,23.1,23.7,24.4,26.2,27.3,28.6,29.8,30.4,26.3,26.5,27.7,27.7,26.8,26.3,25.0,24.5,24.3
2025-05-06,降水量(mm),0.0,0.0,0.0,1.8,4.1,0.1,0.1,0.3,0.1,0.1,0.0,0.1,0.2,0.1,0.1,4.8,0.5,0.1,0.0,0.0,0.0,4.4,1.5,0.8
2025-05-06,风速(km/h),4.6,4.4,4.7,0.7,4.8,7.6,4.9,5.2,1.9,3.9,5.0,3.2,3.3,2.9,6.0,12.7,6.6,5.8,4.3,1.8,2.9,6.6,2.3,4.0
2025-05-06,风向(°),171.0,201.0,187.0,360.0,281.0,278.0,360.0,301.0,229.0,112.0,289.0,304.0,319.0,300.0,241.0,254.0,241.0,219.0,202.0,90.0,112.0,163.0,302.0,90.0
2025-05-06,云量(%),87.0,47.0,100.0,100.0,100.0,100.0,100.0,100.0,100.0,100.0,100.0,100.0,100.0,100.0,100.0,100.0,97.0,90.0,96.0,100.0,100.0,100.0,100.0,100.0
2025-05-06,太阳总辐射(MJ/m²),0.0,0.0,0.0,0.0,0.0,0.0,0.0,0.112,0.284,0.414,0.936,1.238,1.883,2.077,2.275,1.354,0.806,1.325,0.637,0.126,0.0,0.0,0.0,0.0
2025-05-07,气温(℃),24.0,23.7,23.4,23.3,22.8,22.9,22.7,23.1,23.9,26.5,28.6,29.0,27.5,28.6,27.7,28.8,27.6,27.6,26.4,25.6,25.5,24.4,24.7,24.5
2025-05-07,降水量(mm),0.0,0.0,1.1,0.5,6.7,13.7,3.4,1.6,1.2,0.0,0.1,0.1,0.5,0.4,1.1,0.2,1.2,0.4,0.1,0.0,0.0,0.0,0.0,0.0
2025-05-07,风速(km/h),5.4,3.6,2.4,4.9,5.4,4.4,4.5,3.5,4.1,3.7,2.6,6.3,6.8,6.1,9.3,11.2,12.4,12.6,11.4,10.8,11.2,12.3,14.3,14.8
2025-05-07,风向(°),172.0,177.0,343.0,28.0,50.0,81.0,214.0,118.0,255.0,191.0,141.0,173.0,191.0,178.0,189.0,165.0,163.0,169.0,143.0,143.0,134.0,125.0,133.0,136.0
2025-05-07,云量(%),100.0,100.0,99.0,100.0,100.0,100.0,100.0,100.0,91.0,98.0,100.0,100.0,100.0,100.0,100.0,100.0,100.0,100.0,100.0,100.0,100.0,100.0,92.0,98.0
2025-05-07,太阳总辐射(MJ/m²),0.0,0.0,0.0,0.0,0.0,0.0,0.0,0.133,0.45,0.918,1.76,1.026,1.202,1.879,1.562,1.843,1.192,0.778,0.281,0.079,0.0,0.0,0.0,0.0
2025-05-08,气温(℃),24.8,24.8,24.7,24.5,24.3,24.4,24.5,25.3,26.3,26.8,27.8,29.2,29.8,29.9,29.8,29.6,29.4,28.9,28.2,27.2,26.7,26.4,26.3,26.1
2025-05-08,降水量(mm),0.0,0.0,0.0,0.1,0.1,0.0,0.0,0.0,0.0,0.1,0.2,0.1,0.2,0.1,0.2,0.1,0.1,0.0,0.0,0.0,0.0,0.0,0.0,0.0
2025-05-08,风速(km/h),15.5,14.9,14.0,14.7,13.8,14.7,13.1,14.6,16.6,19.5,19.4,20.3,21.1,21.8,21.6,20.8,20.4,19.9,17.9,11.2,10.8,11.2,11.2,11.0
2025-05-08,风向(°),138.0,139.0,142.0,139.0,139.0,145.0,146.0,146.0,143.0,142.0,147.0,153.0,156.0,159.0,159.0,161.0,157.0,159.0,167.0,158.0,154.0,140.0,145.0,148.0
2025-05-08,云量(%),100.0,30.0,71.0,87.0,92.0,97.0,100.0,82.0,99.0,83.0,97.0,67.0,98.0,98.0,66.0,92.0,56.0,66.0,100.0,33.0,82.0,99.0,10.0,93.0
2025-05-08,太阳总辐射(MJ/m²),0.0,0.0,0.0,0.0,0.0,0.0,0.0,0.162,0.76,1.415,2.099,2.398,3.031,3.042,2.833,2.21,1.958,1.418,0.677,0.115,0.0,0.0,0.0,0.0
2025-05-09,气温(℃),25.9,25.8,25.7,25.8,25.9,25.6,25.6,26.4,27.8,26.0,27.0,28.1,28.8,29.6,30.0,30.0,28.5,27.1,26.5,25.8,24.3,24.5,24.4,24.2
2025-05-09,降水量(mm),0.0,0.0,0.0,0.0,0.0,0.0,0.0,0.0,0.0,0.7,0.1,0.1,0.0,0.0,0.0,0.0,0.0,0.0,0.0,0.0,1.0,0.0,0.0,0.0
2025-05-09,风速(km/h),10.5,9.8,9.7,9.4,6.0,4.2,5.2,6.2,7.8,10.8,13.0,8.8,8.4,7.2,8.4,8.4,13.1,12.9,7.1,1.8,3.2,4.0,3.5,3.4
2025-05-09,风向(°),149.0,154.0,149.0,150.0,143.0,137.0,166.0,197.0,209.0,345.0,340.0,334.0,326.0,338.0,349.0,10.0,18.0,12.0,21.0,233.0,161.0,357.0,339.0,354.0
2025-05-09,云量(%),95.0,98.0,100.0,100.0,100.0,100.0,100.0,100.0,100.0,100.0,100.0,100.0,100.0,100.0,100.0,100.0,100.0,100.0,100.0,100.0,100.0,100.0,100.0,100.0
2025-05-09,太阳总辐射(MJ/m²),0.0,0.0,0.0,0.0,0.0,0.0,0.0,0.191,0.616,0.623,1.577,1.825,1.836,2.041,1.717,1.836,1.271,0.936,0.536,0.079,0.0,0.0,0.0,0.0
2025-05-10,气温(℃),23.7,23.4,23.2,23.2,22.8,22.7,22.6,23.5,25.1,27.3,28.8,30.1,30.5,30.9,30.9,28.2,25.9,25.1,25.1,24.3,24.1,23.2,22.7,22.3
2025-05-10,降水量(mm),0.0,0.0,0.0,0.0,0.0,0.0,0.1,0.0,0.0,0.0,0.0,0.0,0.0,0.0,0.0,0.7,6.9,0.5,0.2,2.5,1.6,0.5,0.5,0.1
2025-05-10,风速(km/h),2.6,2.8,3.3,4.3,5.1,5.4,5.6,4.9,6.7,6.5,7.0,8.9,8.4,8.5,7.2,5.8,7.9,1.1,1.3,6.2,5.1,13.0,13.5,13.2
2025-05-10,风向(°),12.0,11.0,6.0,358.0,342.0,334.0,353.0,324.0,8.0,358.0,32.0,76.0,53.0,55.0,72.0,326.0,257.0,198.0,196.0,314.0,312.0,19.0,34.0,40.0
2025-05-10,云量(%),100.0,100.0,100.0,86.0,88.0,94.0,99.0,100.0,100.0,100.0,100.0,100.0,100.0,100.0,100.0,100.0,100.0,100.0,100.0,100.0,100.0,100.0,96.0,100.0
2025-05-10,太阳总辐射(MJ/m²),0.0,0.0,0.0,0.0,0.0,0.0,0.0,0.209,0.691,1.508,2.048,2.686,2.779,2.956,2.196,0.778,1.321,0.378,0.306,0.079,0.0,0.0,0.0,0.0
2025-05-11,气温(℃),22.3,21.9,21.2,20.1,18.8,18.0,17.3,17.4,18.0,21.5,23.0,24.6,25.7,26.3,27.0,26.3,25.7,25.4,25.3,23.9,23.0,21.8,21.8,21.0
2025-05-11,降水量(mm),0.1,0.5,0.8,1.5,2.6,2.0,0.9,0.9,0.3,0.0,0.0,0.0,0.0,0.0,0.0,0.0,0.0,0.0,0.0,0.0,0.0,0.0,0.0,0.0
2025-05-11,风速(km/h),11.9,13.8,11.0,13.1,16.8,17.4,16.0,14.1,11.3,12.1,13.4,14.0,14.8,14.0,12.0,10.8,8.1,4.2,2.9,0.9,3.1,4.5,4.4,4.8
2025-05-11,风向(°),60.0,33.0,6.0,347.0,355.0,11.0,23.0,19.0,20.0,27.0,27.0,33.0,32.0,30.0,36.0,28.0,24.0,25.0,47.0,349.0,315.0,29.0,30.0,20.0
2025-05-11,云量(%),100.0,100.0,100.0,100.0,100.0,100.0,100.0,100.0,100.0,100.0,98.0,95.0,100.0,97.0,99.0,100.0,100.0,100.0,100.0,100.0,100.0,100.0,100.0,100.0
2025-05-11,太阳总辐射(MJ/m²),0.0,0.0,0.0,0.0,0.0,0.0,0.0,0.09,0.169,0.81,1.537,2.574,3.15,3.229,3.226,1.422,0.698,0.479,0.511,0.126,0.0,0.0,0.0,0.0
2025-05-12,气温(℃),20.5,20.0,19.9,19.7,19.3,18.5,17.6,19.1,21.7,23.9,25.5,26.6,27.3,27.8,28.1,28.2,28.1,27.5,25.6,22.3,21.7,21.9,21.6,21.4
2025-05-12,降水量(mm),0.0,0.0,0.0,0.0,0.0,0.0,0.0,0.0,0.0,0.0,0.0,0.0,0.0,0.0,0.0,0.0,0.0,0.0,0.0,0.0,0.0,0.0,0.0,0.0
2025-05-12,风速(km/h),4.6,5.0,5.1,4.6,4.7,5.4,4.9,6.4,4.0,5.8,7.5,7.6,7.4,7.3,7.3,6.7,6.1,6.2,6.3,9.2,10.0,11.5,9.7,8.9
2025-05-12,风向(°),13.0,30.0,45.0,39.0,7.0,339.0,336.0,349.0,3.0,22.0,46.0,62.0,68.0,62.0,62.0,76.0,88.0,100.0,127.0,157.0,154.0,150.0,145.0,140.0
2025-05-12,云量(%),100.0,100.0,100.0,100.0,82.0,0.0,68.0,13.0,0.0,0.0,0.0,0.0,0.0,0.0,0.0,0.0,0.0,0.0,0.0,0.0,0.0,0.0,0.0,0.0
2025-05-12,太阳总辐射(MJ/m²),0.0,0.0,0.0,0.0,0.0,0.0,0.004,0.302,1.069,1.883,2.621,3.19,3.542,3.643,3.481,3.078,2.473,1.714,0.889,0.191,0.0,0.0,0.0,0.0
2025-05-13,气温(℃),21.4,21.4,21.2,21.0,20.8,20.8,20.8,22.4,24.3,24.5,25.8,26.6,27.5,27.9,28.2,28.1,27.5,26.9,25.9,24.5,23.7,24.0,23.7,23.5
2025-05-13,降水量(mm),0.0,0.0,0.0,0.0,0.0,0.0,0.0,0.0,0.0,0.2,0.2,0.2,0.3,0.1,0.1,0.1,0.0,0.0,0.0,0.0,0.0,0.0,0.0,0.0
2025-05-13,风速(km/h),9.9,8.8,7.5,6.6,6.1,6.3,6.0,6.9,9.3,9.7,10.0,10.3,10.6,8.7,7.9,9.9,12.9,12.2,10.9,8.9,9.3,9.1,9.0,8.9
2025-05-13,风向(°),134.0,134.0,138.0,137.0,124.0,103.0,97.0,75.0,98.0,90.0,108.0,121.0,136.0,135.0,150.0,138.0,132.0,136.0,140.0,144.0,146.0,146.0,137.0,128.0
2025-05-13,云量(%),0.0,0.0,0.0,0.0,2.0,7.0,26.0,33.0,61.0,70.0,72.0,78.0,98.0,89.0,64.0,67.0,65.0,24.0,12.0,6.0,4.0,1.0,0.0,0.0
2025-05-13,太阳总辐射(MJ/m²),0.0,0.0,0.0,0.0,0.0,0.0,0.004,0.295,0.968,1.505,1.894,2.02,2.621,2.351,2.448,1.904,1.811,1.249,0.706,0.162,0.0,0.0,0.0,0.0
2025-05-14,气温(℃),23.4,23.3,23.2,23.2,23.0,23.0,23.2,24.6,26.3,27.3,28.1,28.5,29.3,29.8,29.8,29.5,29.1,28.0,27.1,25.9,25.2,25.6,25.2,24.9
2025-05-14,降水量(mm),0.0,0.0,0.0,0.0,0.0,0.0,0.0,0.0,0.1,0.2,0.2,0.2,0.1,0.1,0.1,0.0,0.0,0.0,0.0,0.0,0.0,0.0,0.0,0.0
2025-05-14,风速(km/h),8.2,7.5,7.8,6.9,5.4,6.1,5.2,6.7,11.1,10.3,11.6,11.4,10.7,10.7,12.1,12.1,12.7,13.8,11.6,9.5,10.0,9.9,8.8,8.1
2025-05-14,风向(°),126.0,125.0,130.0,131.0,130.0,124.0,112.0,110.0,129.0,130.0,143.0,141.0,134.0,126.0,133.0,130.0,137.0,138.0,137.0,134.0,142.0,151.0,141.0,135.0
2025-05-14,云量(%),1.0,6.0,51.0,8.0,15.0,21.0,21.0,21.0,53.0,40.0,65.0,67.0,50.0,41.0,52.0,67.0,55.0,35.0,44.0,11.0,21.0,7.0,9.0,6.0
2025-05-14,太阳总辐射(MJ/m²),0.0,0.0,0.0,0.0,0.0,0.0,0.004,0.27,0.936,1.494,1.991,2.099,2.509,2.75,2.534,2.002,1.746,1.195,0.68,0.162,0.0,0.0,0.0,0.0
2025-05-15,气温(℃),24.7,24.5,24.3,24.1,24.0,23.9,23.8,24.9,26.5,27.8,29.0,30.1,30.6,30.8,30.9,30.9,30.1,29.0,27.9,26.5,25.7,25.9,25.8,25.6
2025-05-15,降水量(mm),0.0,0.0,0.0,0.0,0.0,0.0,0.0,0.1,0.1,0.1,0.1,0.1,0.1,0.0,0.0,0.0,0.0,0.0,0.0,0.0,0.0,0.0,0.0,0.0
2025-05-15,风速(km/h),8.4,7.0,6.7,5.1,4.4,4.7,3.8,7.8,8.7,8.7,9.7,10.5,11.0,12.1,12.8,13.6,13.5,12.8,10.5,9.8,9.0,8.9,9.5,10.5
2025-05-15,风向(°),135.0,132.0,146.0,132.0,102.0,113.0,90.0,99.0,138.0,127.0,133.0,145.0,140.0,138.0,142.0,141.0,143.0,148.0,147.0,142.0,142.0,152.0,144.0,142.0
2025-05-15,云量(%),6.0,12.0,13.0,12.0,19.0,22.0,31.0,30.0,100.0,96.0,100.0,100.0,98.0,98.0,36.0,23.0,26.0,62.0,91.0,100.0,100.0,100.0,100.0,100.0
2025-05-15,太阳总辐射(MJ/m²),0.0,0.0,0.0,0.0,0.0,0.0,0.004,0.263,0.835,1.39,1.872,2.585,2.642,2.743,2.945,2.675,2.142,1.469,0.688,0.148,0.0,0.0,0.0,0.0
2025-05-16,气温(℃),25.6,25.5,25.3,25.2,25.1,25.0,24.8,25.7,27.0,28.5,29.1,30.3,30.4,29.6,28.8,28.4,28.0,28.1,27.5,26.7,26.0,26.0,25.6,25.3
2025-05-16,降水量(mm),0.0,0.0,0.0,0.0,0.0,0.0,0.0,0.0,0.1,0.0,0.0,0.1,0.2,0.2,0.1,0.1,0.2,0.1,0.0,0.0,0.0,0.0,0.0,0.0
2025-05-16,风速(km/h),9.5,9.4,8.8,9.3,7.4,5.9,5.8,4.4,9.0,10.4,10.9,10.2,8.8,4.8,8.4,9.2,8.7,8.3,6.8,4.3,5.8,6.2,4.9,5.1
2025-05-16,风向(°),143.0,140.0,141.0,139.0,135.0,149.0,154.0,173.0,157.0,159.0,164.0,157.0,145.0,165.0,143.0,176.0,167.0,174.0,168.0,147.0,146.0,159.0,147.0,129.0
2025-05-16,云量(%),100.0,86.0,29.0,92.0,74.0,57.0,74.0,89.0,77.0,99.0,61.0,75.0,100.0,100.0,100.0,100.0,100.0,100.0,100.0,93.0,86.0,100.0,100.0,100.0
2025-05-16,太阳总辐射(MJ/m²),0.0,0.0,0.0,0.0,0.0,0.0,0.004,0.22,0.662,1.285,1.757,2.538,2.578,1.814,0.986,1.397,0.911,0.749,0.36,0.079,0.0,0.0,0.0,0.0
2025-05-17,气温(℃),25.2,25.1,24.8,24.6,24.6,24.6,24.6,25.6,27.0,29.0,30.2,30.9,31.7,30.2,28.9,27.5,28.2,29.3,29.4,27.8,27.0,26.1,25.7,25.4
2025-05-17,降水量(mm),0.0,0.0,0.0,0.0,0.0,0.0,0.0,0.0,0.0,0.1,0.3,0.3,0.3,3.7,2.1,2.1,0.1,0.0,0.0,0.0,0.0,0.0,0.0,0.0
2025-05-17,风速(km/h),5.2,5.4,6.0,4.9,4.6,5.0,4.6,4.1,6.1,6.9,5.9,5.1,5.2,4.9,2.1,2.3,2.7,4.7,5.2,3.6,2.8,2.4,0.4,3.6
2025-05-17,风向(°),160.0,166.0,159.0,152.0,162.0,150.0,144.0,142.0,180.0,185.0,182.0,190.0,226.0,219.0,52.0,86.0,122.0,171.0,192.0,225.0,207.0,243.0,90.0,150.0
2025-05-17,云量(%),100.0,82.0,15.0,93.0,92.0,89.0,100.0,100.0,99.0,93.0,72.0,98.0,100.0,100.0,100.0,100.0,99.0,100.0,100.0,100.0,100.0,100.0,100.0,100.0
2025-05-17,太阳总辐射(MJ/m²),0.0,0.0,0.0,0.0,0.0,0.0,0.004,0.216,0.691,1.472,2.174,2.419,2.65,1.951,1.444,0.835,1.184,1.238,0.68,0.094,0.0,0.0,0.0,0.0
2025-05-18,气温(℃),25.2,25.0,24.4,24.5,24.3,24.2,24.2,24.8,25.9,27.2,28.8,28.9,29.1,30.8,32.0,28.6,28.0,28.1,27.9,26.9,26.6,25.6,25.4,25.2
2025-05-18,降水量(mm),0.0,0.3,4.8,0.7,0.1,0.0,0.0,0.0,0.0,0.0,0.1,1.7,0.4,0.0,0.1,3.8,0.2,0.1,0.1,0.0,0.0,0.0,0.0,0.0
2025-05-18,风速(km/h),4.0,7.6,6.3,4.8,3.4,2.5,1.8,2.0,3.8,4.9,8.5,10.7,8.7,9.2,8.8,11.2,5.0,6.1,4.9,2.9,3.3,3.1,3.6,4.2
2025-05-18,风向(°),170.0,227.0,239.0,217.0,212.0,201.0,246.0,170.0,205.0,208.0,209.0,205.0,201.0,186.0,195.0,230.0,235.0,247.0,253.0,248.0,202.0,126.0,139.0,162.0
2025-05-18,云量(%),100.0,100.0,100.0,100.0,100.0,100.0,100.0,100.0,100.0,100.0,100.0,99.0,99.0,87.0,100.0,100.0,100.0,100.0,100.0,100.0,100.0,100.0,100.0,100.0
2025-05-18,太阳总辐射(MJ/m²),0.0,0.0,0.0,0.0,0.0,0.0,0.0,0.133,0.461,0.616,1.534,1.868,2.3,2.743,2.826,1.087,0.418,0.45,0.378,0.119,0.0,0.0,0.0,0.0
2025-05-19,气温(℃),25.1,25.0,25.0,25.0,25.0,25.1,25.0,26.0,27.2,27.3,28.9,31.2,32.2,30.7,28.6,27.6,27.6,27.7,27.2,26.5,26.1,26.4,26.1,25.7
2025-05-19,降水量(mm),0.0,0.0,0.0,0.0,0.0,0.0,0.0,0.0,0.1,0.0,0.0,0.1,0.0,3.2,6.5,0.4,1.6,0.3,0.0,0.1,0.0,0.0,0.0,0.0
2025-05-19,风速(km/h),5.0,4.5,4.4,4.8,5.8,5.8,6.0,6.5,6.3,3.1,4.5,6.4,9.0,12.9,12.5,10.3,10.9,9.7,9.6,6.5,6.1,6.4,6.6,7.8
2025-05-19,风向(°),154.0,185.0,201.0,193.0,194.0,202.0,197.0,188.0,217.0,167.0,187.0,198.0,193.0,199.0,195.0,205.0,218.0,195.0,194.0,183.0,182.0,158.0,167.0,167.0
2025-05-19,云量(%),100.0,100.0,100.0,100.0,100.0,100.0,100.0,100.0,100.0,100.0,73.0,49.0,72.0,100.0,100.0,100.0,100.0,100.0,100.0,100.0,100.0,100.0,100.0,100.0
2025-05-19,太阳总辐射(MJ/m²),0.0,0.0,0.0,0.0,0.0,0.0,0.004,0.238,0.648,0.691,1.469,2.948,2.981,2.797,1.613,0.731,0.853,0.731,0.425,0.076,0.0,0.0,0.0,0.0
2025-05-20,气温(℃),25.8,25.7,25.7,25.8,25.6,25.7,25.7,26.6,27.8,28.0,28.8,28.2,28.3,29.2,28.7,29.5,28.5,29.3,28.8,27.9,27.3,26.6,26.3,26.2
2025-05-20,降水量(mm),0.0,0.0,0.0,0.1,0.0,0.0,0.0,0.0,0.0,0.1,0.0,1.1,0.5,0.3,2.0,0.1,0.4,0.0,0.0,0.0,0.0,0.0,0.0,0.0
2025-05-20,风速(km/h),7.7,7.6,7.7,7.7,8.0,10.4,9.3,8.1,9.7,8.6,7.8,9.4,12.1,10.1,11.8,12.8,11.5,13.5,9.7,8.9,9.8,8.4,8.8,8.7
2025-05-20,风向(°),168.0,162.0,164.0,164.0,166.0,170.0,172.0,168.0,184.0,165.0,161.0,187.0,185.0,184.0,171.0,178.0,203.0,185.0,176.0,171.0,174.0,157.0,154.0,153.0
2025-05-20,云量(%),100.0,98.0,100.0,100.0,100.0,100.0,99.0,100.0,100.0,100.0,100.0,100.0,100.0,100.0,100.0,100.0,100.0,100.0,100.0,100.0,100.0,100.0,100.0,100.0
2025-05-20,太阳总辐射(MJ/m²),0.0,0.0,0.0,0.0,0.0,0.0,0.004,0.234,0.716,0.565,0.626,1.181,1.148,1.786,2.081,1.217,0.77,1.098,0.457,0.126,0.0,0.0,0.0,0.0
2025-05-21,气温(℃),26.1,26.1,26.0,26.0,26.0,26.0,25.8,27.1,28.4,29.4,30.5,30.9,31.7,32.2,31.7,31.9,31.1,30.1,29.0,27.8,27.1,27.1,26.8,26.6
2025-05-21,降水量(mm),0.0,0.0,0.0,0.0,0.0,0.0,0.0,0.0,0.0,0.1,0.2,0.1,0.2,0.7,1.0,0.1,0.1,0.1,0.0,0.0,0.0,0.0,0.0,0.0
2025-05-21,风速(km/h),9.1,9.6,8.7,9.0,7.2,7.4,7.5,10.5,11.8,9.8,12.3,12.0,12.5,12.8,13.4,15.5,12.8,12.7,9.5,7.6,5.8,7.2,7.0,5.7
2025-05-21,风向(°),162.0,167.0,174.0,179.0,183.0,183.0,172.0,184.0,191.0,193.0,198.0,193.0,195.0,191.0,187.0,190.0,200.0,203.0,201.0,184.0,166.0,148.0,159.0,169.0
2025-05-21,云量(%),100.0,99.0,100.0,100.0,100.0,73.0,86.0,100.0,100.0,98.0,100.0,96.0,100.0,87.0,59.0,89.0,100.0,100.0,100.0,100.0,100.0,100.0,100.0,100.0
2025-05-21,太阳总辐射(MJ/m²),0.0,0.0,0.0,0.0,0.0,0.0,0.004,0.292,0.796,1.231,2.153,1.699,2.513,2.905,2.822,2.376,1.231,0.72,0.392,0.097,0.0,0.0,0.0,0.0
2025-05-22,气温(℃),26.4,26.1,26.0,26.0,25.9,25.8,25.8,27.0,28.7,29.8,31.3,32.2,33.2,33.3,33.6,32.5,31.8,31.2,30.2,28.9,28.1,27.7,27.4,27.3
2025-05-22,降水量(mm),0.0,0.0,0.0,0.0,0.0,0.0,0.0,0.0,0.0,0.0,0.1,0.1,0.1,0.0,0.0,0.0,0.0,0.0,0.0,0.0,0.0,0.0,0.0,0.0
2025-05-22,风速(km/h),6.1,5.4,6.0,5.9,5.6,5.5,5.9,5.3,9.4,8.9,8.8,8.6,9.5,10.6,14.1,14.1,14.1,12.1,9.7,8.4,7.9,7.9,8.5,9.4
2025-05-22,风向(°),175.0,174.0,155.0,153.0,153.0,169.0,169.0,162.0,192.0,186.0,195.0,190.0,205.0,219.0,215.0,211.0,208.0,203.0,204.0,195.0,191.0,176.0,175.0,182.0
2025-05-22,云量(%),100.0,100.0,86.0,95.0,96.0,95.0,85.0,25.0,98.0,97.0,99.0,99.0,99.0,94.0,99.0,100.0,100.0,99.0,100.0,100.0,100.0,100.0,99.0,97.0
2025-05-22,太阳总辐射(MJ/m²),0.0,0.0,0.0,0.0,0.0,0.0,0.004,0.313,0.986,1.48,2.322,2.675,2.862,2.934,2.761,2.196,1.57,1.217,0.702,0.166,0.0,0.0,0.0,0.0
2025-05-23,气温(℃),27.1,27.0,26.9,26.7,26.7,26.7,26.5,27.7,28.4,29.3,30.7,31.6,31.8,30.9,29.0,28.4,28.6,29.2,28.8,27.5,27.0,24.8,24.8,24.6
2025-05-23,降水量(mm),0.0,0.0,0.0,0.0,0.0,0.0,0.0,0.0,0.8,0.3,0.2,0.2,0.1,0.2,1.1,0.2,0.1,0.3,0.2,0.3,0.0,0.0,0.0,0.0
2025-05-23,风速(km/h),9.1,10.3,10.1,9.6,9.4,9.1,7.7,10.1,13.9,4.9,6.7,8.2,8.4,7.6,13.3,9.4,8.3,9.7,6.1,2.9,3.6,2.1,3.2,1.9
2025-05-23,风向(°),195.0,193.0,196.0,193.0,198.0,198.0,204.0,207.0,222.0,213.0,194.0,190.0,208.0,251.0,252.0,278.0,240.0,243.0,247.0,266.0,198.0,301.0,289.0,253.0
2025-05-23,云量(%),100.0,99.0,99.0,62.0,88.0,100.0,100.0,100.0,100.0,100.0,100.0,100.0,100.0,100.0,100.0,100.0,100.0,100.0,100.0,100.0,100.0,100.0,100.0,100.0
2025-05-23,太阳总辐射(MJ/m²),0.0,0.0,0.0,0.0,0.0,0.0,0.007,0.288,0.832,1.267,1.948,2.423,2.192,1.714,1.332,1.058,0.929,1.051,0.486,0.133,0.0,0.0,0.0,0.0
2025-05-24,气温(℃),24.7,24.7,24.8,24.8,24.6,24.3,23.9,24.3,25.2,25.9,27.0,28.1,29.2,29.8,29.6,28.2,26.2,25.4,26.0,25.2,24.3,23.1,23.1,22.7
2025-05-24,降水量(mm),0.0,0.0,0.0,0.0,0.0,0.0,0.0,0.1,0.0,0.1,0.0,0.1,0.0,0.0,0.6,1.1,1.5,0.4,0.0,0.0,0.0,0.0,0.0,0.0
2025-05-24,风速(km/h),3.7,4.7,6.7,5.5,5.2,6.5,5.3,4.0,10.1,7.9,8.8,9.7,8.7,9.8,13.1,11.4,10.8,8.6,8.4,11.9,11.7,11.7,10.7,8.5
2025-05-24,风向(°),325.0,344.0,341.0,337.0,316.0,352.0,332.0,350.0,10.0,344.0,2.0,16.0,22.0,26.0,8.0,353.0,316.0,330.0,344.0,342.0,347.0,340.0,353.0,356.0
2025-05-24,云量(%),100.0,100.0,100.0,100.0,100.0,100.0,100.0,100.0,100.0,100.0,100.0,100.0,100.0,85.0,100.0,100.0,96.0,66.0,81.0,56.0,42.0,24.0,62.0,86.0
2025-05-24,太阳总辐射(MJ/m²),0.0,0.0,0.0,0.0,0.0,0.0,0.004,0.205,0.626,0.529,0.734,1.22,1.829,1.534,2.264,1.21,0.684,0.572,0.76,0.166,0.0,0.0,0.0,0.0
2025-05-25,气温(℃),22.7,22.6,22.3,21.8,21.6,21.4,21.4,22.2,23.7,23.6,23.0,23.5,23.5,24.1,24.8,24.5,25.1,24.5,23.8,23.4,23.1,22.5,22.3,22.0
2025-05-25,降水量(mm),0.0,0.0,0.0,0.0,0.0,0.0,0.0,0.0,0.0,0.0,0.1,0.0,0.0,0.0,0.0,0.0,0.0,0.0,0.0,0.0,0.0,0.0,0.0,0.0
2025-05-25,风速(km/h),7.6,7.0,7.6,7.1,7.3,7.0,7.2,7.3,8.7,10.8,9.8,10.8,12.1,11.8,13.4,11.9,12.4,11.1,7.7,7.3,6.6,6.9,6.2,7.2
2025-05-25,风向(°),357.0,3.0,4.0,351.0,344.0,350.0,354.0,343.0,7.0,359.0,353.0,11.0,20.0,31.0,44.0,51.0,50.0,44.0,49.0,50.0,45.0,47.0,38.0,19.0
2025-05-25,云量(%),100.0,97.0,96.0,100.0,100.0,99.0,99.0,79.0,100.0,100.0,100.0,100.0,100.0,100.0,100.0,100.0,100.0,100.0,100.0,94.0,99.0,99.0,100.0,98.0
2025-05-25,太阳总辐射(MJ/m²),0.0,0.0,0.0,0.0,0.0,0.0,0.007,0.27,0.871,0.85,0.572,0.623,0.446,1.199,1.346,1.084,1.336,0.716,0.202,0.061,0.0,0.0,0.0,0.0
2025-05-26,气温(℃),21.6,21.3,20.8,20.2,20.2,20.1,20.1,21.3,22.7,23.0,24.8,26.3,27.2,26.4,26.8,26.7,27.0,26.7,25.8,25.0,24.2,22.9,22.7,22.2
2025-05-26,降水量(mm),0.0,0.0,0.0,0.0,0.0,0.0,0.0,0.0,0.0,0.0,0.0,0.0,0.0,0.0,0.0,0.0,0.0,0.0,0.0,0.0,0.0,0.0,0.0,0.0
2025-05-26,风速(km/h),7.4,7.1,6.1,5.4,6.2,7.8,8.0,7.6,10.6,7.9,8.9,9.2,10.1,11.3,8.7,6.7,5.4,6.3,3.8,4.7,6.0,1.8,2.3,0.9
2025-05-26,风向(°),14.0,6.0,19.0,14.0,12.0,7.0,14.0,14.0,24.0,30.0,65.0,70.0,74.0,44.0,43.0,46.0,50.0,37.0,25.0,2.0,33.0,169.0,94.0,127.0
2025-05-26,云量(%),97.0,72.0,27.0,60.0,37.0,99.0,89.0,72.0,100.0,92.0,100.0,84.0,99.0,100.0,100.0,100.0,100.0,100.0,100.0,100.0,100.0,96.0,47.0,82.0
2025-05-26,太阳总辐射(MJ/m²),0.0,0.0,0.0,0.0,0.0,0.0,0.007,0.302,1.012,1.303,2.153,2.876,3.085,1.822,2.192,1.303,1.094,0.716,0.295,0.065,0.0,0.0,0.0,0.0
2025-05-27,气温(℃),21.6,21.6,21.8,21.6,21.7,21.8,21.7,23.1,24.4,24.8,25.5,26.1,27.6,28.4,28.8,28.6,28.4,28.0,27.0,25.4,24.5,24.8,24.9,24.8
2025-05-27,降水量(mm),0.0,0.0,0.0,0.0,0.0,0.0,0.0,0.0,0.0,0.0,0.0,0.0,0.0,0.0,0.0,0.0,0.0,0.0,0.0,0.0,0.0,0.0,0.0,0.0
2025-05-27,风速(km/h),2.8,7.0,6.4,5.6,6.0,5.7,6.8,9.1,9.6,8.8,8.4,8.3,8.1,7.7,6.3,7.4,7.9,7.5,8.1,10.0,9.7,4.1,9.7,9.6
2025-05-27,风向(°),11.0,21.0,52.0,40.0,41.0,55.0,48.0,56.0,76.0,71.0,70.0,72.0,77.0,93.0,90.0,67.0,63.0,82.0,119.0,141.0,138.0,157.0,125.0,113.0
2025-05-27,云量(%),100.0,97.0,100.0,100.0,100.0,29.0,23.0,13.0,49.0,100.0,100.0,49.0,82.0,71.0,90.0,51.0,53.0,100.0,99.0,100.0,100.0,100.0,100.0,100.0
2025-05-27,太阳总辐射(MJ/m²),0.0,0.0,0.0,0.0,0.0,0.0,0.007,0.317,1.001,1.055,1.231,1.274,2.261,2.452,2.106,1.836,1.642,1.102,0.565,0.155,0.0,0.0,0.0,0.0
2025-05-28,气温(℃),24.5,24.2,24.2,24.2,24.2,24.0,24.0,24.6,25.1,26.2,26.8,27.1,28.4,29.4,27.8,26.6,26.9,26.4,26.3,25.4,24.4,24.5,24.5,24.5
2025-05-28,降水量(mm),0.0,0.0,0.0,0.0,0.0,0.0,0.0,0.4,0.0,0.0,0.0,0.2,0.2,0.5,0.5,2.2,0.3,0.6,0.3,0.2,3.0,0.3,0.1,0.4
2025-05-28,风速(km/h),8.8,9.0,9.2,9.2,10.3,9.7,9.0,10.3,10.8,13.0,15.1,14.8,16.3,14.3,11.6,8.6,8.7,7.5,9.0,6.6,4.8,6.3,7.7,6.9
2025-05-28,风向(°),110.0,110.0,110.0,107.0,105.0,102.0,92.0,93.0,95.0,114.0,126.0,136.0,133.0,135.0,133.0,169.0,138.0,147.0,160.0,147.0,115.0,97.0,127.0,120.0
2025-05-28,云量(%),100.0,92.0,94.0,76.0,50.0,100.0,100.0,98.0,100.0,100.0,100.0,100.0,70.0,100.0,100.0,93.0,100.0,100.0,100.0,100.0,100.0,100.0,100.0,100.0
2025-05-28,太阳总辐射(MJ/m²),0.0,0.0,0.0,0.0,0.0,0.0,0.004,0.086,0.32,0.673,0.666,0.828,1.721,2.322,1.084,1.26,0.77,0.313,0.331,0.065,0.0,0.0,0.0,0.0
2025-05-29,气温(℃),24.3,24.3,24.0,24.1,23.9,23.8,23.7,24.6,25.6,26.7,28.5,30.0,28.3,26.8,25.7,26.4,26.0,26.3,25.8,25.1,24.6,24.4,24.3,24.2
2025-05-29,降水量(mm),1.8,2.2,6.0,1.7,0.1,0.1,0.0,0.0,0.0,0.4,0.3,0.2,1.5,14.5,5.2,0.3,0.2,0.1,0.0,0.0,0.0,0.1,0.0,0.1
2025-05-29,风速(km/h),8.0,7.6,6.8,3.1,4.2,1.9,4.9,4.6,4.8,2.7,1.7,5.0,2.4,1.0,2.5,9.2,10.0,11.8,9.3,7.4,7.7,9.6,8.7,8.7
2025-05-29,风向(°),132.0,124.0,143.0,103.0,162.0,202.0,253.0,318.0,301.0,23.0,18.0,296.0,153.0,112.0,315.0,356.0,17.0,27.0,36.0,43.0,37.0,73.0,73.0,56.0
2025-05-29,云量(%),100.0,100.0,100.0,99.0,93.0,98.0,92.0,100.0,93.0,68.0,100.0,100.0,100.0,100.0,97.0,100.0,100.0,96.0,100.0,100.0,100.0,100.0,100.0,100.0
2025-05-29,太阳总辐射(MJ/m²),0.0,0.0,0.0,0.0,0.0,0.0,0.007,0.223,0.569,1.012,1.969,2.117,1.177,1.67,0.781,0.994,0.493,1.098,0.508,0.108,0.0,0.0,0.0,0.0
2025-05-30,气温(℃),24.1,24.0,23.9,23.9,23.6,23.2,23.1,23.3,23.4,24.0,25.2,26.2,26.5,26.6,26.8,27.8,26.8,26.8,26.1,25.9,25.3,24.0,24.0,23.9
2025-05-30,降水量(mm),0.2,0.8,0.5,0.2,0.2,0.3,0.2,0.0,0.0,0.1,0.1,0.2,0.3,0.2,0.0,0.0,0.0,0.0,0.0,0.0,0.0,0.4,0.1,0.0
2025-05-30,风速(km/h),8.8,9.4,11.5,11.2,11.7,10.2,12.3,12.0,13.2,12.5,13.5,13.5,11.7,13.2,13.6,15.8,16.6,17.8,14.6,15.3,15.0,12.5,13.5,13.5
2025-05-30,风向(°),57.0,72.0,81.0,86.0,79.0,72.0,61.0,62.0,60.0,58.0,76.0,86.0,86.0,96.0,98.0,104.0,108.0,111.0,108.0,102.0,106.0,97.0,91.0,95.0
2025-05-30,云量(%),100.0,100.0,100.0,100.0,100.0,100.0,100.0,100.0,100.0,96.0,100.0,100.0,100.0,100.0,63.0,100.0,100.0,100.0,99.0,100.0,33.0,79.0,83.0,100.0
2025-05-30,太阳总辐射(MJ/m²),0.0,0.0,0.0,0.0,0.0,0.0,0.004,0.176,0.166,0.572,0.709,1.123,1.091,1.156,1.037,1.814,0.864,1.004,0.252,0.122,0.0,0.0,0.0,0.0
2025-05-31,气温(℃),24.0,24.0,24.0,23.9,23.5,23.4,23.3,24.2,25.2,26.1,26.9,28.0,29.6,29.3,29.2,29.3,29.3,28.9,27.5,26.5,26.1,25.7,25.6,25.0
2025-05-31,降水量(mm),0.0,0.0,0.0,0.0,0.0,0.0,0.0,0.0,0.0,0.0,0.0,0.0,0.0,0.0,0.0,0.0,0.0,0.0,0.0,0.0,0.0,0.0,0.0,0.0
2025-05-31,风速(km/h),12.2,11.1,11.4,10.4,8.3,8.5,9.1,11.2,12.0,11.5,11.9,13.4,13.3,14.8,14.5,13.4,12.4,13.2,13.4,10.6,9.1,7.9,9.2,9.4
2025-05-31,风向(°),92.0,97.0,95.0,90.0,70.0,58.0,65.0,75.0,83.0,86.0,92.0,95.0,106.0,112.0,118.0,110.0,103.0,118.0,136.0,133.0,124.0,129.0,118.0,120.0
2025-05-31,云量(%),98.0,81.0,100.0,86.0,97.0,100.0,78.0,38.0,39.0,100.0,100.0,80.0,100.0,100.0,100.0,98.0,88.0,100.0,100.0,100.0,99.0,100.0,100.0,100.0
2025-05-31,太阳总辐射(MJ/m²),0.0,0.0,0.0,0.0,0.0,0.0,0.007,0.281,0.95,1.231,1.357,1.843,2.884,1.642,1.796,1.75,1.67,1.386,0.389,0.079,0.0,0.0,0.0,0.0
2025-06-01,气温(℃),24.9,24.8,24.6,24.8,24.8,24.8,25.1,25.8,27.0,29.0,29.9,30.9,30.6,31.3,31.3,30.8,30.0,30.2,29.7,28.5,27.6,26.9,26.8,26.9
2025-06-01,降水量(mm),0.0,0.0,0.0,0.0,0.0,0.0,0.0,0.0,0.0,0.1,0.1,0.0,0.4,0.3,0.2,0.5,0.2,0.0,0.0,0.0,0.0,0.0,0.0,0.0
2025-06-01,风速(km/h),8.8,6.1,7.3,5.2,5.2,2.5,2.7,4.6,10.3,8.0,8.7,8.5,12.1,12.4,14.2,17.4,17.1,16.5,13.7,11.0,9.9,8.3,9.1,10.3
2025-06-01,风向(°),116.0,122.0,126.0,136.0,131.0,176.0,208.0,126.0,145.0,172.0,184.0,180.0,176.0,182.0,176.0,169.0,168.0,172.0,178.0,175.0,159.0,146.0,155.0,158.0
2025-06-01,云量(%),100.0,100.0,100.0,100.0,100.0,100.0,100.0,100.0,100.0,100.0,100.0,100.0,100.0,99.0,98.0,98.0,63.0,93.0,82.0,75.0,71.0,98.0,99.0,100.0
2025-06-01,太阳总辐射(MJ/m²),0.0,0.0,0.0,0.0,0.0,0.0,0.004,0.122,0.504,1.408,1.606,2.218,2.048,2.956,2.819,2.642,1.321,1.411,0.731,0.205,0.0,0.0,0.0,0.0
2025-06-02,气温(℃),26.9,27.0,27.1,27.0,26.9,26.8,26.8,28.0,29.4,30.2,31.7,30.3,32.3,33.3,30.9,30.4,30.5,30.2,29.9,29.2,28.5,28.8,28.6,28.1
2025-06-02,降水量(mm),0.0,0.0,0.0,0.0,0.0,0.0,0.0,0.0,0.0,0.0,0.0,1.9,0.0,0.0,4.5,0.2,0.6,0.2,0.0,0.0,0.1,0.0,0.0,0.0
2025-06-02,风速(km/h),11.3,11.1,10.6,10.5,9.6,8.6,7.5,9.2,9.1,5.7,7.5,4.0,7.4,9.2,8.6,12.5,9.6,7.1,5.1,2.4,3.1,9.7,4.0,3.8
2025-06-02,风向(°),163.0,173.0,176.0,177.0,186.0,192.0,204.0,206.0,202.0,198.0,210.0,190.0,180.0,208.0,233.0,192.0,240.0,218.0,243.0,222.0,220.0,191.0,231.0,287.0
2025-06-02,云量(%),98.0,100.0,100.0,100.0,100.0,100.0,100.0,100.0,99.0,100.0,99.0,100.0,100.0,100.0,100.0,100.0,100.0,100.0,100.0,100.0,100.0,100.0,100.0,99.0
2025-06-02,太阳总辐射(MJ/m²),0.0,0.0,0.0,0.0,0.0,0.0,0.007,0.306,0.821,1.087,2.009,2.286,2.254,2.617,2.146,1.166,1.112,0.983,0.63,0.169,0.0,0.0,0.0,0.0
2025-06-03,气温(℃),27.3,26.8,26.3,26.0,25.7,25.6,25.6,25.8,25.9,26.1,26.8,27.7,28.0,28.7,29.1,28.8,28.6,28.2,27.8,26.9,26.2,25.1,25.0,25.0
2025-06-03,降水量(mm),0.0,0.2,1.0,0.1,0.1,0.3,0.0,0.0,0.0,0.0,0.0,0.0,0.0,0.0,0.0,0.0,0.0,0.0,0.0,0.0,0.0,2.8,6.0,3.5
2025-06-03,风速(km/h),2.7,6.5,6.9,8.1,6.2,5.7,3.6,7.2,7.7,9.4,6.8,8.3,10.2,8.6,11.0,10.2,10.5,9.4,8.6,6.9,6.8,7.6,5.0,5.5
2025-06-03,风向(°),360.0,326.0,337.0,328.0,316.0,332.0,330.0,338.0,332.0,348.0,3.0,326.0,330.0,348.0,342.0,343.0,3.0,23.0,23.0,17.0,360.0,4.0,38.0,328.0
2025-06-03,云量(%),100.0,100.0,100.0,100.0,100.0,100.0,100.0,100.0,100.0,100.0,100.0,100.0,100.0,100.0,100.0,100.0,100.0,100.0,100.0,100.0,100.0,100.0,100.0,100.0
2025-06-03,太阳总辐射(MJ/m²),0.0,0.0,0.0,0.0,0.0,0.0,0.004,0.122,0.349,0.727,1.199,1.469,1.84,2.045,2.059,1.706,1.339,0.724,0.529,0.184,0.0,0.0,0.0,0.0
2025-06-04,气温(℃),24.9,24.9,24.5,24.5,24.4,24.4,24.3,24.5,24.8,25.0,25.1,25.8,26.2,26.4,26.8,26.5,26.6,26.2,26.2,25.7,25.2,25.3,25.1,24.7
2025-06-04,降水量(mm),0.2,0.6,0.4,1.1,1.3,0.2,0.1,0.1,0.4,1.0,2.6,1.4,0.8,0.6,0.7,0.8,0.5,0.4,0.2,0.1,0.1,0.1,0.3,0.5
2025-06-04,风速(km/h),6.8,3.2,7.9,3.4,3.9,5.6,5.5,7.6,7.5,5.3,4.4,5.2,6.6,7.6,7.9,8.1,10.8,8.5,7.6,10.7,11.1,7.8,7.4,7.1
2025-06-04,风向(°),25.0,360.0,13.0,360.0,53.0,356.0,341.0,357.0,15.0,348.0,348.0,14.0,37.0,45.0,49.0,72.0,88.0,88.0,78.0,95.0,106.0,116.0,103.0,120.0
2025-06-04,云量(%),100.0,100.0,100.0,100.0,100.0,100.0,100.0,100.0,100.0,100.0,100.0,100.0,100.0,100.0,100.0,100.0,100.0,100.0,100.0,100.0,100.0,100.0,100.0,100.0
2025-06-04,太阳总辐射(MJ/m²),0.0,0.0,0.0,0.0,0.0,0.0,0.004,0.112,0.392,0.522,0.493,0.724,0.986,0.954,0.958,0.515,0.734,0.374,0.346,0.155,0.0,0.0,0.0,0.0
2025-06-05,气温(℃),24.5,24.6,24.6,24.6,24.7,24.7,24.7,25.2,26.4,26.7,27.2,27.5,28.2,28.8,29.5,30.0,30.5,29.8,27.9,26.4,25.7,25.1,25.0,25.0
2025-06-05,降水量(mm),0.2,0.1,0.0,0.0,0.0,0.0,0.0,0.0,0.0,0.0,0.2,0.0,0.0,0.0,0.0,0.0,0.0,0.0,0.0,0.0,0.0,0.0,0.0,0.0
2025-06-05,风速(km/h),6.7,8.0,8.6,7.5,5.2,5.2,6.9,8.5,11.9,8.3,8.1,5.3,4.0,4.0,4.2,3.3,4.4,9.3,11.6,9.7,10.0,8.3,9.5,10.6
2025-06-05,风向(°),121.0,110.0,110.0,111.0,96.0,76.0,85.0,85.0,100.0,89.0,95.0,102.0,126.0,148.0,162.0,158.0,117.0,127.0,139.0,146.0,147.0,153.0,144.0,140.0
2025-06-05,云量(%),100.0,100.0,100.0,100.0,100.0,100.0,99.0,98.0,97.0,95.0,100.0,100.0,100.0,100.0,100.0,99.0,100.0,96.0,98.0,93.0,12.0,14.0,17.0,6.0
2025-06-05,太阳总辐射(MJ/m²),0.0,0.0,0.0,0.0,0.0,0.0,0.004,0.144,0.929,1.332,1.357,1.21,1.148,1.213,1.051,1.184,1.328,1.253,0.544,0.234,0.0,0.0,0.0,0.0
2025-06-06,气温(℃),25.0,24.8,24.6,24.3,24.1,24.0,24.0,25.8,27.4,29.1,30.3,31.0,31.8,32.1,31.7,31.8,30.4,30.0,29.3,28.0,26.8,26.8,26.4,26.1
2025-06-06,降水量(mm),0.0,0.0,0.0,0.0,0.0,0.0,0.0,0.0,0.0,0.0,0.1,0.2,0.2,0.2,0.3,0.3,0.4,0.2,0.0,0.0,0.0,0.0,0.0,0.0
2025-06-06,风速(km/h),10.3,8.4,6.4,3.8,2.5,2.8,3.1,3.1,5.8,3.5,4.0,4.0,3.0,5.3,7.0,8.6,10.8,11.1,10.9,10.4,9.7,7.6,8.0,8.3
2025-06-06,风向(°),139.0,146.0,164.0,161.0,135.0,105.0,111.0,126.0,126.0,141.0,159.0,185.0,166.0,156.0,167.0,178.0,170.0,166.0,167.0,163.0,155.0,179.0,172.0,169.0
2025-06-06,云量(%),7.0,6.0,45.0,38.0,83.0,85.0,22.0,19.0,38.0,52.0,72.0,36.0,33.0,44.0,40.0,41.0,65.0,59.0,20.0,7.0,67.0,34.0,65.0,94.0
2025-06-06,太阳总辐射(MJ/m²),0.0,0.0,0.0,0.0,0.0,0.0,0.007,0.32,0.99,1.688,2.16,2.552,2.855,2.934,2.628,2.322,1.937,1.372,0.695,0.22,0.0,0.0,0.0,0.0
2025-06-07,气温(℃),26.0,25.9,25.7,25.5,25.2,25.0,24.9,26.4,28.4,30.1,31.4,32.3,33.0,33.9,34.0,33.2,32.3,31.3,30.2,28.8,27.7,27.9,27.4,27.1
2025-06-07,降水量(mm),0.0,0.0,0.0,0.0,0.0,0.0,0.0,0.0,0.0,0.0,0.0,0.1,0.1,0.1,0.1,0.1,0.4,0.2,0.1,0.0,0.0,0.0,0.0,0.0
2025-06-07,风速(km/h),9.1,7.9,6.1,4.7,3.3,3.5,4.3,3.3,7.3,3.1,4.5,5.8,3.8,2.1,3.0,7.4,9.1,10.8,11.7,10.4,9.4,8.3,8.0,6.7
2025-06-07,风向(°),172.0,179.0,192.0,178.0,171.0,141.0,147.0,126.0,200.0,239.0,247.0,250.0,262.0,250.0,197.0,187.0,190.0,182.0,180.0,181.0,176.0,166.0,164.0,166.0
2025-06-07,云量(%),95.0,93.0,88.0,91.0,89.0,91.0,83.0,86.0,99.0,44.0,16.0,43.0,74.0,24.0,30.0,35.0,64.0,59.0,20.0,8.0,2.0,1.0,1.0,52.0
2025-06-07,太阳总辐射(MJ/m²),0.0,0.0,0.0,0.0,0.0,0.0,0.007,0.331,1.004,1.771,2.38,2.729,2.909,3.193,3.046,2.534,1.951,1.31,0.778,0.241,0.0,0.0,0.0,0.0
2025-06-08,气温(℃),26.9,26.7,26.6,26.4,26.3,26.2,26.2,27.4,29.1,30.7,31.9,32.7,33.4,33.5,34.0,34.0,33.3,32.0,30.8,29.5,28.5,28.6,28.0,27.7
2025-06-08,降水量(mm),0.0,0.0,0.0,0.0,0.0,0.0,0.0,0.0,0.0,0.0,0.0,0.1,0.2,0.2,0.0,0.0,0.1,0.0,0.0,0.0,0.0,0.0,0.0,0.0
2025-06-08,风速(km/h),7.9,8.1,8.1,7.7,7.6,6.9,6.0,4.3,8.6,7.1,6.9,5.6,2.5,3.3,4.1,8.2,10.6,10.9,10.6,6.8,7.9,5.8,6.3,7.7
2025-06-08,风向(°),176.0,180.0,175.0,183.0,192.0,197.0,185.0,180.0,217.0,236.0,229.0,230.0,188.0,186.0,180.0,190.0,203.0,204.0,210.0,207.0,181.0,175.0,183.0,177.0
2025-06-08,云量(%),88.0,84.0,70.0,94.0,95.0,88.0,98.0,99.0,100.0,100.0,100.0,100.0,100.0,100.0,100.0,100.0,95.0,100.0,100.0,100.0,100.0,100.0,89.0,100.0
2025-06-08,太阳总辐射(MJ/m²),0.0,0.0,0.0,0.0,0.0,0.0,0.007,0.335,1.019,1.739,2.39,2.639,3.182,2.952,2.815,2.772,2.182,1.339,0.806,0.238,0.0,0.0,0.0,0.0
2025-06-09,气温(℃),27.4,27.1,26.9,26.7,26.4,26.2,26.2,27.5,29.0,30.8,32.2,33.3,34.2,34.4,34.3,33.7,32.9,32.5,31.4,29.8,28.6,28.7,28.2,27.7
2025-06-09,降水量(mm),0.0,0.0,0.0,0.0,0.0,0.0,0.0,0.0,0.1,0.0,0.0,0.0,0.0,0.0,0.0,0.2,1.0,0.1,0.0,0.0,0.0,0.0,0.0,0.0
2025-06-09,风速(km/h),8.3,7.1,7.9,6.3,3.8,3.6,5.2,7.5,5.4,4.9,4.2,2.5,2.2,2.1,4.6,6.4,7.7,9.2,8.4,9.1,7.4,6.1,7.5,7.6
2025-06-09,风向(°),179.0,190.0,180.0,178.0,225.0,210.0,236.0,235.0,256.0,287.0,290.0,300.0,294.0,110.0,103.0,108.0,118.0,133.0,143.0,158.0,167.0,175.0,165.0,155.0
2025-06-09,云量(%),100.0,94.0,40.0,58.0,100.0,100.0,100.0,100.0,100.0,98.0,94.0,95.0,100.0,98.0,97.0,47.0,59.0,33.0,100.0,98.0,97.0,99.0,98.0,97.0
2025-06-09,太阳总辐射(MJ/m²),0.0,0.0,0.0,0.0,0.0,0.0,0.007,0.313,0.911,1.678,2.455,2.999,3.326,3.388,3.233,2.617,2.228,1.483,0.806,0.234,0.0,0.0,0.0,0.0
2025-06-10,气温(℃),27.3,27.0,26.6,26.4,26.0,26.1,25.8,26.8,27.9,30.6,31.6,32.7,33.6,34.1,34.6,35.0,34.1,31.7,31.1,29.8,29.3,29.1,28.8,28.5
2025-06-10,降水量(mm),0.0,0.0,0.0,0.0,0.2,0.1,0.0,0.1,0.1,0.0,0.1,0.0,0.0,0.0,0.0,0.0,0.1,0.5,0.0,0.0,0.0,0.0,0.0,0.0
2025-06-10,风速(km/h),6.5,5.1,3.3,4.0,2.5,1.1,3.5,5.4,6.5,4.3,8.1,8.2,9.7,10.0,9.1,9.3,11.7,13.2,11.9,7.2,10.8,11.6,9.8,10.1
2025-06-10,风向(°),167.0,186.0,216.0,249.0,249.0,81.0,35.0,94.0,82.0,88.0,72.0,71.0,71.0,76.0,83.0,80.0,107.0,133.0,90.0,91.0,111.0,114.0,97.0,96.0
2025-06-10,云量(%),100.0,94.0,75.0,74.0,99.0,95.0,100.0,100.0,32.0,16.0,14.0,2.0,0.0,2.0,9.0,12.0,46.0,47.0,42.0,100.0,100.0,96.0,100.0,100.0
2025-06-10,太阳总辐射(MJ/m²),0.0,0.0,0.0,0.0,0.0,0.0,0.007,0.281,0.868,1.732,2.344,2.801,3.276,3.478,3.352,2.938,2.369,1.364,0.893,0.259,0.004,0.0,0.0,0.0
2025-06-11,气温(℃),27.7,27.3,27.2,25.5,25.8,25.4,24.9,25.4,26.6,28.1,28.9,31.2,32.6,32.9,32.6,30.9,28.9,29.2,29.1,25.9,26.0,25.8,26.1,26.4
2025-06-11,降水量(mm),0.0,0.0,0.0,2.9,0.4,0.1,0.5,0.0,0.1,1.5,0.1,0.0,0.0,0.0,0.0,0.2,1.2,0.1,0.6,7.5,1.8,5.9,5.4,0.0
2025-06-11,风速(km/h),9.3,7.4,8.1,10.8,9.9,9.3,9.7,10.4,9.0,15.1,10.8,15.7,18.2,16.2,18.5,19.4,14.6,18.3,18.5,9.7,13.0,15.0,13.0,11.8
2025-06-11,风向(°),81.0,77.0,45.0,21.0,46.0,18.0,29.0,26.0,38.0,91.0,90.0,90.0,92.0,91.0,92.0,106.0,116.0,103.0,89.0,80.0,73.0,95.0,85.0,81.0
2025-06-11,云量(%),97.0,99.0,99.0,100.0,100.0,100.0,100.0,100.0,100.0,100.0,98.0,90.0,37.0,20.0,32.0,98.0,98.0,99.0,100.0,100.0,100.0,100.0,100.0,100.0
2025-06-11,太阳总辐射(MJ/m²),0.0,0.0,0.0,0.0,0.0,0.0,0.004,0.194,0.752,1.422,1.4,2.347,3.204,3.103,3.157,2.315,1.188,1.242,0.691,0.169,0.0,0.0,0.0,0.0
2025-06-12,气温(℃),26.5,26.1,24.8,25.0,25.5,25.0,25.2,26.1,26.8,26.8,28.2,29.5,31.1,30.5,30.9,31.3,29.9,28.4,28.2,25.9,26.2,25.1,25.6,25.4
2025-06-12,降水量(mm),0.0,2.0,0.9,0.4,0.2,0.6,0.0,0.1,0.2,4.6,0.6,0.5,0.1,1.8,1.2,0.0,0.9,0.6,0.6,5.6,1.0,7.0,2.8,0.1
2025-06-12,风速(km/h),11.0,14.5,13.1,15.2,19.0,15.0,14.9,18.2,20.0,17.4,14.7,15.6,18.0,19.3,17.9,18.2,19.5,13.9,15.5,13.2,11.3,11.0,11.0,11.4
2025-06-12,风向(°),66.0,69.0,57.0,60.0,72.0,73.0,78.0,88.0,86.0,70.0,82.0,79.0,92.0,95.0,105.0,104.0,110.0,103.0,103.0,112.0,104.0,116.0,79.0,87.0
2025-06-12,云量(%),100.0,100.0,100.0,100.0,100.0,100.0,100.0,65.0,42.0,78.0,83.0,50.0,43.0,71.0,63.0,61.0,95.0,89.0,99.0,100.0,100.0,100.0,100.0,100.0
2025-06-12,太阳总辐射(MJ/m²),0.0,0.0,0.0,0.0,0.0,0.0,0.007,0.198,0.734,0.727,1.638,2.228,2.84,2.956,2.081,2.642,1.912,0.929,0.749,0.158,0.0,0.0,0.0,0.0
2025-06-13,气温(℃),25.5,25.3,25.3,25.2,25.1,25.0,25.0,25.4,26.7,27.6,28.9,29.3,27.6,29.1,30.6,28.4,28.8,28.7,27.4,26.4,25.8,26.2,25.8,25.6
2025-06-13,降水量(mm),0.0,0.1,0.1,0.1,0.2,0.1,0.1,0.4,0.1,0.0,0.0,0.1,3.3,0.1,0.1,1.2,0.1,0.1,0.4,0.2,0.3,3.2,3.3,0.1
2025-06-13,风速(km/h),8.6,6.8,6.2,5.9,6.7,6.5,9.3,5.7,9.7,9.6,9.4,10.9,8.8,9.8,13.0,16.4,13.2,14.8,12.1,12.1,9.0,9.2,9.3,10.6
2025-06-13,风向(°),90.0,87.0,80.0,78.0,93.0,96.0,108.0,99.0,87.0,87.0,88.0,103.0,105.0,114.0,139.0,147.0,141.0,146.0,147.0,140.0,145.0,141.0,130.0,136.0
2025-06-13,云量(%),100.0,100.0,98.0,84.0,69.0,53.0,85.0,83.0,90.0,100.0,100.0,100.0,100.0,98.0,99.0,100.0,99.0,98.0,100.0,100.0,100.0,100.0,100.0,100.0
2025-06-13,太阳总辐射(MJ/m²),0.0,0.0,0.0,0.0,0.0,0.0,0.007,0.212,0.544,1.033,1.685,1.382,2.063,1.501,2.776,2.315,1.048,1.246,0.788,0.133,0.004,0.0,0.0,0.0
2025-06-14,气温(℃),25.4,25.7,25.5,25.4,25.1,25.0,25.0,24.8,26.4,29.0,28.8,26.2,27.8,29.6,27.5,28.7,29.5,27.1,27.0,26.6,26.5,26.6,26.3,26.8
2025-06-14,降水量(mm),0.1,0.0,0.2,0.1,0.2,0.2,0.2,2.1,0.4,0.0,0.2,1.3,1.5,0.3,1.0,1.1,0.7,4.4,0.6,0.5,0.3,0.1,0.3,0.1
2025-06-14,风速(km/h),7.8,8.9,8.8,10.3,9.8,9.1,8.4,12.4,12.8,9.8,17.9,18.5,19.5,17.2,16.0,21.6,15.2,19.5,17.6,16.9,17.4,14.0,14.9,16.5
2025-06-14,风向(°),134.0,133.0,133.0,151.0,154.0,142.0,157.0,172.0,170.0,163.0,170.0,169.0,170.0,173.0,165.0,187.0,175.0,171.0,169.0,168.0,169.0,173.0,172.0,174.0
2025-06-14,云量(%),100.0,100.0,100.0,100.0,100.0,100.0,97.0,100.0,99.0,100.0,100.0,99.0,100.0,100.0,100.0,100.0,100.0,100.0,100.0,100.0,100.0,100.0,100.0,100.0
2025-06-14,太阳总辐射(MJ/m²),0.0,0.0,0.0,0.0,0.0,0.0,0.004,0.184,0.526,1.469,1.44,0.976,1.926,1.897,0.835,1.782,1.22,0.745,0.338,0.137,0.004,0.0,0.0,0.0
2025-06-15,气温(℃),26.6,26.2,25.6,26.1,26.1,26.0,25.9,26.4,26.6,28.4,28.4,29.7,28.9,30.5,31.6,31.2,31.3,30.8,29.8,28.8,28.2,28.0,27.7,27.4
2025-06-15,降水量(mm),0.3,0.5,1.0,0.6,0.8,0.9,0.5,0.3,0.5,0.0,0.0,0.0,0.9,0.1,0.1,0.4,0.0,0.0,0.0,0.0,0.0,0.0,0.0,0.0
2025-06-15,风速(km/h),17.5,17.8,20.0,20.7,20.6,22.5,24.5,24.6,25.0,22.4,18.5,21.5,21.5,21.2,22.4,20.5,18.3,15.5,13.5,12.7,11.1,9.9,9.6,9.3
2025-06-15,风向(°),171.0,181.0,178.0,180.0,196.0,201.0,202.0,207.0,207.0,205.0,201.0,213.0,217.0,215.0,217.0,218.0,217.0,213.0,209.0,203.0,205.0,195.0,200.0,199.0
2025-06-15,云量(%),100.0,100.0,100.0,100.0,100.0,100.0,100.0,100.0,100.0,100.0,100.0,100.0,100.0,100.0,100.0,100.0,100.0,100.0,100.0,100.0,100.0,99.0,92.0,71.0
2025-06-15,太阳总辐射(MJ/m²),0.0,0.0,0.0,0.0,0.0,0.0,0.004,0.198,0.608,0.324,0.511,1.13,0.925,1.854,2.567,2.462,1.76,0.972,0.479,0.173,0.004,0.0,0.0,0.0
2025-06-16,气温(℃),27.3,27.2,27.2,27.4,27.4,27.3,27.2,27.8,27.8,27.4,28.5,30.1,27.4,26.3,27.5,27.8,28.2,27.0,26.2,26.2,26.0,25.6,25.3,24.8
2025-06-16,降水量(mm),0.0,0.0,0.0,0.0,0.0,0.0,0.0,0.0,2.3,0.2,0.1,0.3,8.7,1.4,0.3,0.3,1.1,1.9,0.2,0.2,0.2,4.0,0.6,1.8
2025-06-16,风速(km/h),9.9,11.7,13.1,12.2,9.8,9.6,8.6,10.1,11.4,10.1,11.3,7.2,13.0,11.2,12.4,12.0,11.8,14.8,10.3,7.0,7.1,9.3,9.1,9.3
2025-06-16,风向(°),199.0,201.0,203.0,200.0,197.0,194.0,206.0,209.0,213.0,191.0,200.0,208.0,215.0,175.0,159.0,173.0,201.0,198.0,176.0,167.0,150.0,118.0,163.0,165.0
2025-06-16,云量(%),95.0,98.0,100.0,100.0,100.0,96.0,100.0,100.0,100.0,100.0,100.0,100.0,100.0,100.0,100.0,100.0,100.0,100.0,100.0,100.0,100.0,100.0,100.0,100.0
2025-06-16,太阳总辐射(MJ/m²),0.0,0.0,0.0,0.0,0.0,0.0,0.007,0.194,0.418,0.5,0.961,1.505,1.044,0.288,1.019,0.979,1.03,0.266,0.115,0.047,0.0,0.0,0.0,0.0
2025-06-17,气温(℃),24.7,24.5,24.5,24.4,24.3,24.4,24.6,24.6,24.7,24.9,24.9,24.9,26.6,26.0,26.5,25.4,26.1,25.0,25.0,25.0,24.9,24.6,24.9,25.3
2025-06-17,降水量(mm),0.2,7.0,3.4,1.8,1.8,1.4,1.2,6.7,2.0,5.6,7.8,1.7,0.8,1.6,3.5,5.0,4.5,2.1,1.2,0.9,0.4,0.7,0.0,0.0
2025-06-17,风速(km/h),5.2,5.5,10.4,12.8,11.9,9.7,8.6,3.8,4.7,15.0,15.0,11.9,9.4,12.5,12.1,11.8,15.4,10.0,7.9,8.1,9.3,11.6,12.7,13.3
2025-06-17,风向(°),168.0,212.0,194.0,178.0,175.0,177.0,181.0,135.0,140.0,183.0,201.0,194.0,183.0,184.0,187.0,173.0,173.0,173.0,167.0,159.0,170.0,137.0,135.0,139.0
2025-06-17,云量(%),100.0,100.0,100.0,100.0,100.0,100.0,100.0,100.0,100.0,100.0,100.0,100.0,100.0,100.0,100.0,100.0,100.0,100.0,100.0,100.0,100.0,100.0,100.0,100.0
2025-06-17,太阳总辐射(MJ/m²),0.0,0.0,0.0,0.0,0.0,0.0,0.0,0.054,0.072,0.331,0.835,0.338,0.878,0.976,1.123,0.41,0.796,0.342,0.112,0.086,0.0,0.0,0.0,0.0
2025-06-18,气温(℃),25.4,25.3,25.5,25.4,25.1,25.1,25.2,25.8,27.8,28.9,28.4,29.4,30.3,28.8,29.7,30.9,31.0,30.2,29.1,27.9,27.3,26.5,26.3,25.9
2025-06-18,降水量(mm),0.1,0.1,0.1,1.3,0.4,0.0,0.0,0.0,0.0,0.1,0.8,0.1,0.0,0.9,0.2,0.0,0.0,0.0,0.0,0.0,0.0,0.0,0.0,0.1
2025-06-18,风速(km/h),14.1,11.4,12.3,13.7,11.9,10.7,7.0,6.9,11.7,11.1,14.1,11.5,13.7,15.1,14.3,15.3,16.3,17.1,14.4,12.2,10.9,7.9,9.5,10.5
2025-06-18,风向(°),153.0,149.0,159.0,175.0,184.0,174.0,162.0,149.0,171.0,171.0,170.0,166.0,189.0,192.0,175.0,183.0,185.0,178.0,167.0,164.0,156.0,159.0,129.0,142.0
2025-06-18,云量(%),72.0,93.0,97.0,100.0,98.0,100.0,100.0,100.0,100.0,99.0,98.0,100.0,100.0,100.0,99.0,92.0,100.0,100.0,100.0,100.0,100.0,100.0,100.0,100.0
2025-06-18,太阳总辐射(MJ/m²),0.0,0.0,0.0,0.0,0.0,0.0,0.004,0.094,0.461,1.21,1.501,2.225,2.138,1.429,1.786,2.182,2.077,1.537,0.738,0.202,0.004,0.0,0.0,0.0
2025-06-19,气温(℃),26.0,26.0,25.9,25.8,25.7,25.6,25.5,26.4,27.6,29.6,30.5,31.2,31.4,31.5,31.5,30.4,29.9,29.8,28.5,27.8,27.1,26.9,26.8,26.5
2025-06-19,降水量(mm),0.0,0.0,0.0,0.0,0.0,0.0,0.0,0.0,0.0,0.0,0.1,0.2,0.2,0.3,0.1,0.6,0.1,0.3,0.1,0.0,0.0,0.0,0.0,0.0
2025-06-19,风速(km/h),11.0,8.6,7.5,9.3,11.5,8.9,9.1,11.2,10.9,12.1,13.7,14.3,13.3,13.1,13.6,15.5,14.7,15.6,13.3,12.3,11.9,8.9,8.9,8.7
2025-06-19,风向(°),154.0,160.0,156.0,152.0,155.0,153.0,148.0,159.0,158.0,160.0,163.0,163.0,159.0,155.0,157.0,157.0,151.0,154.0,150.0,150.0,149.0,133.0,137.0,135.0
2025-06-19,云量(%),98.0,100.0,83.0,87.0,41.0,100.0,100.0,100.0,99.0,100.0,100.0,100.0,100.0,99.0,100.0,100.0,100.0,100.0,100.0,100.0,100.0,100.0,100.0,100.0
2025-06-19,太阳总辐射(MJ/m²),0.0,0.0,0.0,0.0,0.0,0.0,0.007,0.238,0.756,1.753,2.156,2.606,2.876,3.028,2.714,2.556,1.598,1.418,0.544,0.209,0.004,0.0,0.0,0.0
2025-06-20,气温(℃),26.3,26.2,26.2,26.1,25.9,25.7,25.7,26.7,27.7,27.0,28.5,29.9,27.0,27.3,28.2,29.2,28.2,28.0,28.0,27.1,26.4,26.6,26.4,26.3
2025-06-20,降水量(mm),0.0,0.0,0.0,0.0,0.1,0.0,0.0,0.0,0.0,0.4,0.2,0.1,4.7,0.7,0.8,0.2,0.9,0.0,0.0,0.0,0.0,0.0,0.0,0.0
2025-06-20,风速(km/h),6.9,6.3,7.1,7.1,7.9,7.2,6.9,7.4,7.7,9.1,9.4,10.3,15.7,8.3,10.4,12.2,14.2,10.5,11.8,10.7,9.8,8.7,9.1,8.7
2025-06-20,风向(°),147.0,162.0,164.0,164.0,180.0,166.0,171.0,166.0,169.0,163.0,167.0,181.0,193.0,162.0,162.0,172.0,183.0,173.0,169.0,164.0,166.0,153.0,144.0,148.0
2025-06-20,云量(%),100.0,100.0,100.0,100.0,100.0,100.0,100.0,100.0,100.0,100.0,100.0,100.0,100.0,100.0,100.0,100.0,100.0,100.0,100.0,100.0,100.0,67.0,100.0,100.0
2025-06-20,太阳总辐射(MJ/m²),0.0,0.0,0.0,0.0,0.0,0.0,0.007,0.281,0.86,1.087,1.627,2.16,1.818,1.102,1.087,1.742,1.246,0.727,0.428,0.187,0.004,0.0,0.0,0.0
2025-06-21,气温(℃),26.3,26.1,26.1,26.0,25.7,25.7,25.8,26.8,27.7,27.0,28.6,29.7,30.8,31.2,29.0,29.5,29.2,28.1,28.0,27.5,26.9,26.7,26.3,26.1
2025-06-21,降水量(mm),0.0,0.0,0.0,0.1,0.1,0.1,0.0,0.0,0.1,0.8,0.1,0.2,0.1,0.8,2.6,0.3,0.4,0.8,0.0,0.0,0.0,0.0,0.0,0.0
2025-06-21,风速(km/h),9.2,8.2,7.5,7.7,8.5,7.7,6.8,10.8,12.6,12.8,12.9,12.5,13.4,16.9,12.0,15.9,12.2,13.1,9.1,7.8,7.1,5.8,7.5,8.8
2025-06-21,风向(°),157.0,161.0,169.0,171.0,173.0,180.0,182.0,165.0,176.0,149.0,171.0,186.0,185.0,196.0,187.0,195.0,193.0,198.0,189.0,173.0,174.0,150.0,150.0,160.0
2025-06-21,云量(%),100.0,99.0,100.0,99.0,100.0,99.0,97.0,100.0,100.0,100.0,100.0,100.0,100.0,100.0,100.0,100.0,100.0,100.0,100.0,100.0,100.0,100.0,92.0,98.0
2025-06-21,太阳总辐射(MJ/m²),0.0,0.0,0.0,0.0,0.0,0.0,0.004,0.266,0.832,1.156,1.807,1.832,2.398,2.542,1.53,1.303,1.588,0.911,0.63,0.212,0.004,0.0,0.0,0.0
2025-06-22,气温(℃),26.0,26.1,25.9,25.9,25.7,25.7,25.6,26.7,28.1,29.8,27.6,29.2,30.4,29.9,29.7,30.7,30.6,30.3,29.6,28.3,27.4,27.3,27.0,26.8
2025-06-22,降水量(mm),0.0,0.0,0.0,0.0,0.0,0.0,0.0,0.0,0.1,0.1,5.3,0.3,0.2,1.8,0.1,0.2,0.0,0.1,0.0,0.0,0.0,0.0,0.0,0.0
2025-06-22,风速(km/h),9.5,9.0,7.4,6.3,6.4,6.8,6.5,6.9,10.4,10.2,14.0,10.0,11.7,9.0,12.7,11.9,12.8,12.6,10.6,7.1,6.1,7.8,8.5,8.5
2025-06-22,风向(°),165.0,174.0,180.0,178.0,170.0,182.0,185.0,186.0,206.0,188.0,208.0,214.0,203.0,211.0,201.0,215.0,208.0,208.0,206.0,195.0,177.0,176.0,174.0,163.0
2025-06-22,云量(%),98.0,98.0,99.0,87.0,93.0,100.0,98.0,96.0,94.0,100.0,96.0,100.0,95.0,100.0,100.0,98.0,33.0,23.0,89.0,100.0,100.0,99.0,100.0,100.0
2025-06-22,太阳总辐射(MJ/m²),0.0,0.0,0.0,0.0,0.0,0.0,0.007,0.284,0.882,1.512,1.854,1.865,2.383,2.83,1.595,2.203,1.588,1.512,0.864,0.266,0.004,0.0,0.0,0.0
2025-06-23,气温(℃),26.5,26.3,26.2,26.1,26.1,25.9,25.8,26.9,28.6,30.0,31.0,32.1,33.0,32.3,31.7,31.7,31.7,31.2,30.1,28.8,27.7,27.9,27.5,27.1
2025-06-23,降水量(mm),0.0,0.0,0.0,0.0,0.0,0.0,0.0,0.0,0.0,0.0,0.0,0.1,0.0,0.3,0.3,0.1,0.2,0.0,0.0,0.0,0.0,0.0,0.0,0.0
2025-06-23,风速(km/h),8.4,7.8,7.2,7.5,8.8,8.1,8.5,8.1,13.2,9.6,10.0,8.9,10.1,11.6,12.4,13.1,13.2,13.0,12.9,10.8,9.6,9.7,9.2,8.4
2025-06-23,风向(°),170.0,188.0,198.0,201.0,197.0,193.0,193.0,201.0,217.0,213.0,221.0,223.0,224.0,216.0,214.0,209.0,208.0,207.0,199.0,195.0,188.0,181.0,183.0,189.0
2025-06-23,云量(%),81.0,69.0,26.0,36.0,12.0,43.0,19.0,82.0,86.0,12.0,51.0,41.0,94.0,70.0,36.0,79.0,14.0,16.0,62.0,69.0,1.0,11.0,6.0,43.0
2025-06-23,太阳总辐射(MJ/m²),0.0,0.0,0.0,0.0,0.0,0.0,0.007,0.31,1.004,1.667,2.243,2.736,3.136,2.812,2.131,2.66,2.2,1.67,0.958,0.299,0.004,0.0,0.0,0.0
2025-06-24,气温(℃),26.9,26.7,26.6,26.4,26.2,26.0,25.9,27.2,28.7,30.1,31.7,32.9,33.7,34.2,34.3,33.9,33.2,32.4,30.8,29.0,27.8,27.9,27.3,26.9
2025-06-24,降水量(mm),0.0,0.0,0.0,0.0,0.0,0.0,0.0,0.0,0.0,0.1,0.0,0.0,0.0,0.0,0.0,0.0,0.1,0.1,0.0,0.0,0.0,0.0,0.0,0.0
2025-06-24,风速(km/h),8.7,9.4,9.4,8.0,7.1,6.6,6.7,8.1,8.5,4.4,5.0,6.0,6.1,6.1,6.0,5.3,6.0,10.6,11.3,10.4,9.3,9.0,7.9,6.6
2025-06-24,风向(°),184.0,184.0,198.0,205.0,204.0,189.0,189.0,208.0,222.0,210.0,224.0,229.0,230.0,220.0,213.0,208.0,189.0,179.0,171.0,160.0,156.0,165.0,163.0,164.0
2025-06-24,云量(%),76.0,100.0,100.0,100.0,100.0,99.0,82.0,80.0,91.0,100.0,99.0,100.0,100.0,100.0,100.0,100.0,97.0,54.0,4.0,3.0,2.0,13.0,41.0,77.0
2025-06-24,太阳总辐射(MJ/m²),0.0,0.0,0.0,0.0,0.0,0.0,0.007,0.317,0.979,1.613,2.282,2.79,3.157,3.337,3.236,2.772,2.012,1.663,0.936,0.299,0.004,0.0,0.0,0.0
2025-06-25,气温(℃),26.3,26.0,25.9,25.7,25.5,25.1,24.9,26.7,28.7,30.2,31.0,31.9,32.9,33.4,33.3,32.8,32.3,31.5,30.2,28.9,28.2,27.9,27.7,27.2
2025-06-25,降水量(mm),0.0,0.0,0.0,0.0,0.0,0.0,0.0,0.0,0.0,0.2,0.2,0.1,0.0,0.0,0.0,0.0,0.0,0.0,0.0,0.0,0.0,0.0,0.0,0.0
2025-06-25,风速(km/h),3.6,4.5,6.1,3.8,2.9,2.4,0.6,0.2,1.3,0.3,5.1,6.7,6.7,8.5,11.2,11.1,12.1,12.5,13.0,11.8,11.5,10.5,11.5,10.3
2025-06-25,风向(°),183.0,194.0,178.0,177.0,180.0,171.0,146.0,90.0,164.0,135.0,107.0,104.0,104.0,103.0,106.0,121.0,128.0,129.0,132.0,133.0,129.0,139.0,131.0,126.0
2025-06-25,云量(%),1.0,90.0,3.0,46.0,2.0,1.0,99.0,1.0,7.0,39.0,29.0,10.0,29.0,11.0,14.0,10.0,24.0,5.0,9.0,43.0,92.0,100.0,99.0,93.0
2025-06-25,太阳总辐射(MJ/m²),0.0,0.0,0.0,0.0,0.0,0.0,0.007,0.313,1.012,1.645,2.257,2.79,3.103,3.222,3.064,2.7,2.333,1.624,0.983,0.299,0.004,0.0,0.0,0.0
2025-06-26,气温(℃),26.9,26.7,26.5,26.1,25.9,25.2,24.5,25.6,26.2,26.7,28.1,29.2,29.4,26.8,28.2,28.6,28.3,27.8,27.3,26.5,26.0,25.7,26.0,26.1
2025-06-26,降水量(mm),0.0,0.0,0.4,0.1,0.2,0.5,2.3,0.3,0.4,1.5,0.2,0.2,0.3,3.4,0.0,0.1,0.9,0.7,0.1,0.1,0.1,3.2,0.2,0.1
2025-06-26,风速(km/h),8.3,7.3,9.5,12.8,10.2,11.0,8.1,7.7,13.8,11.1,11.7,12.0,12.7,10.6,15.1,16.0,13.8,14.1,14.4,12.9,10.9,9.9,10.1,10.7
2025-06-26,风向(°),124.0,115.0,127.0,124.0,129.0,128.0,148.0,141.0,129.0,113.0,124.0,147.0,126.0,130.0,125.0,123.0,131.0,129.0,127.0,127.0,134.0,119.0,110.0,117.0
2025-06-26,云量(%),95.0,83.0,81.0,100.0,82.0,94.0,100.0,100.0,100.0,100.0,100.0,100.0,100.0,100.0,100.0,100.0,100.0,100.0,100.0,100.0,100.0,100.0,100.0,100.0
2025-06-26,太阳总辐射(MJ/m²),0.0,0.0,0.0,0.0,0.0,0.0,0.004,0.13,0.428,0.587,1.321,1.53,1.717,1.181,1.397,1.357,1.235,0.965,0.533,0.176,0.004,0.0,0.0,0.0
2025-06-27,气温(℃),25.9,25.5,25.0,24.9,24.7,24.7,24.6,25.3,26.3,26.3,27.6,28.9,29.6,29.0,29.6,28.7,29.2,28.6,28.0,27.3,26.8,25.7,25.7,25.8
2025-06-27,降水量(mm),0.2,0.5,1.5,4.7,0.9,0.1,0.1,0.0,0.2,0.1,0.4,0.9,0.2,4.5,5.0,0.1,0.1,0.0,0.0,0.0,0.0,0.0,0.0,0.0
2025-06-27,风速(km/h),11.6,11.6,7.8,8.5,12.3,6.5,6.7,1.5,9.0,6.5,7.8,10.3,10.4,14.4,6.1,11.1,15.0,13.6,11.5,8.6,8.5,4.7,4.7,3.7
2025-06-27,风向(°),111.0,137.0,136.0,144.0,149.0,141.0,146.0,7.0,164.0,148.0,132.0,123.0,124.0,138.0,168.0,138.0,136.0,136.0,138.0,141.0,136.0,106.0,118.0,119.0
2025-06-27,云量(%),100.0,100.0,100.0,100.0,100.0,100.0,100.0,100.0,100.0,100.0,99.0,100.0,100.0,98.0,99.0,93.0,100.0,93.0,99.0,100.0,100.0,100.0,100.0,100.0
2025-06-27,太阳总辐射(MJ/m²),0.0,0.0,0.0,0.0,0.0,0.0,0.004,0.191,0.59,0.547,1.379,2.03,2.297,2.466,2.635,0.54,1.861,1.228,0.691,0.194,0.004,0.0,0.0,0.0
2025-06-28,气温(℃),24.8,24.1,24.0,24.0,24.0,24.2,24.4,25.3,26.7,25.9,27.5,28.7,28.9,29.3,29.5,29.5,29.1,28.5,27.6,27.0,26.1,26.4,26.6,26.5
2025-06-28,降水量(mm),3.6,0.5,0.3,0.2,0.1,0.0,0.0,0.0,0.1,0.3,0.1,0.1,0.4,0.2,0.2,0.1,0.2,1.0,0.0,0.0,0.0,0.0,0.1,0.0
2025-06-28,风速(km/h),9.4,5.0,3.3,6.4,6.0,6.0,6.6,8.7,8.5,9.3,12.3,9.6,10.1,9.7,9.0,10.4,12.2,10.0,8.5,8.7,6.8,5.9,9.7,12.8
2025-06-28,风向(°),130.0,131.0,84.0,126.0,111.0,143.0,131.0,132.0,144.0,131.0,130.0,123.0,134.0,145.0,151.0,136.0,137.0,150.0,159.0,159.0,153.0,104.0,109.0,118.0
2025-06-28,云量(%),94.0,100.0,100.0,100.0,100.0,100.0,100.0,100.0,91.0,100.0,100.0,100.0,100.0,100.0,100.0,100.0,100.0,100.0,100.0,100.0,100.0,100.0,100.0,100.0
2025-06-28,太阳总辐射(MJ/m²),0.0,0.0,0.0,0.0,0.0,0.0,0.004,0.187,0.799,0.428,1.296,1.728,1.429,1.904,1.566,1.278,1.12,0.972,0.446,0.184,0.004,0.0,0.0,0.0
2025-06-29,气温(℃),26.1,26.0,25.8,25.6,25.6,25.4,25.4,26.9,28.1,27.3,27.4,28.9,29.9,30.6,30.3,29.2,29.3,28.7,28.1,27.4,26.9,27.3,27.2,26.8
2025-06-29,降水量(mm),0.0,0.0,0.0,0.0,0.0,0.0,0.0,0.1,0.4,2.5,0.3,0.0,0.1,0.1,0.2,0.5,0.1,0.0,0.0,0.0,0.0,0.0,0.0,0.0
2025-06-29,风速(km/h),10.6,8.8,6.0,3.6,1.3,3.4,5.0,5.5,6.7,12.0,13.1,12.8,10.1,13.2,12.5,11.2,12.5,11.8,10.5,8.3,7.4,9.0,9.0,9.4
2025-06-29,风向(°),132.0,147.0,143.0,143.0,90.0,106.0,120.0,128.0,146.0,156.0,139.0,125.0,123.0,129.0,120.0,132.0,133.0,130.0,147.0,132.0,141.0,120.0,123.0,122.0
2025-06-29,云量(%),100.0,100.0,100.0,100.0,99.0,98.0,100.0,100.0,100.0,100.0,100.0,100.0,100.0,100.0,100.0,100.0,100.0,100.0,100.0,100.0,99.0,100.0,100.0,100.0
2025-06-29,太阳总辐射(MJ/m²),0.0,0.0,0.0,0.0,0.0,0.0,0.004,0.284,0.734,1.246,1.699,2.038,2.819,2.639,1.649,1.048,1.228,0.796,0.454,0.184,0.004,0.0,0.0,0.0
2025-06-30,气温(℃),26.7,26.5,26.4,26.2,25.9,26.0,25.8,26.3,27.6,28.8,26.3,27.5,29.4,30.2,29.5,29.9,28.8,27.7,27.9,26.6,26.0,26.9,25.3,25.3
2025-06-30,降水量(mm),0.0,0.0,0.0,0.0,0.0,0.1,0.1,0.0,0.1,0.2,4.7,0.1,0.1,0.2,1.8,0.0,2.6,0.6,0.1,0.1,0.1,0.0,4.3,0.1
2025-06-30,风速(km/h),7.0,7.9,8.0,6.6,6.7,7.4,8.6,7.1,7.6,13.5,11.4,13.4,12.1,17.9,16.6,15.7,15.3,12.1,9.9,15.1,11.1,11.7,12.4,8.4
2025-06-30,风向(°),122.0,120.0,121.0,133.0,106.0,113.0,123.0,96.0,109.0,113.0,105.0,123.0,113.0,115.0,121.0,118.0,129.0,128.0,132.0,117.0,112.0,122.0,139.0,113.0
2025-06-30,云量(%),100.0,100.0,100.0,100.0,100.0,100.0,100.0,100.0,100.0,100.0,100.0,98.0,100.0,97.0,100.0,100.0,100.0,100.0,100.0,100.0,100.0,99.0,100.0,100.0
2025-06-30,太阳总辐射(MJ/m²),0.0,0.0,0.0,0.0,0.0,0.0,0.004,0.241,0.889,1.472,1.091,1.357,2.149,3.15,2.963,2.135,1.926,0.889,0.569,0.18,0.004,0.0,0.0,0.0
2025-07-01,气温(℃),25.6,25.5,25.5,25.3,24.9,24.4,24.1,25.1,26.0,26.5,27.4,28.8,28.9,29.8,29.7,28.8,28.8,26.6,26.0,25.9,26.0,25.8,25.6,25.6
2025-07-01,降水量(mm),0.0,0.0,0.0,0.0,0.5,1.7,3.3,0.4,0.6,0.2,0.4,0.2,0.3,1.3,1.2,2.8,1.2,6.7,0.7,0.0,0.0,0.8,0.4,0.0
2025-07-01,风速(km/h),11.3,12.0,10.9,9.0,7.7,8.4,4.6,10.9,12.0,10.1,12.8,11.8,11.1,14.6,15.2,15.7,13.0,13.9,10.1,8.0,8.4,7.0,7.6,5.0
2025-07-01,风向(°),107.0,116.0,112.0,123.0,106.0,130.0,193.0,98.0,114.0,85.0,95.0,98.0,113.0,109.0,113.0,109.0,110.0,123.0,93.0,118.0,105.0,93.0,102.0,77.0
2025-07-01,云量(%),100.0,100.0,100.0,85.0,80.0,100.0,100.0,100.0,99.0,100.0,99.0,100.0,100.0,100.0,100.0,100.0,100.0,100.0,100.0,100.0,100.0,100.0,100.0,100.0
2025-07-01,太阳总辐射(MJ/m²),0.0,0.0,0.0,0.0,0.0,0.0,0.004,0.108,0.36,0.972,0.94,1.397,1.634,2.732,2.419,1.966,1.541,1.228,0.407,0.115,0.004,0.0,0.0,0.0
2025-07-02,气温(℃),25.5,25.5,25.5,25.5,25.4,25.5,25.2,25.7,26.9,28.8,29.9,30.6,30.8,30.4,30.7,31.1,30.8,30.0,29.6,28.5,27.5,27.4,27.1,26.6
2025-07-02,降水量(mm),0.0,0.0,0.0,0.0,0.0,0.1,0.6,0.1,0.1,0.0,0.1,0.1,0.1,0.8,0.0,0.0,0.6,0.0,0.2,0.0,0.0,0.0,0.0,0.0
2025-07-02,风速(km/h),6.9,8.5,10.1,9.4,8.2,8.7,9.2,11.7,12.4,13.8,14.0,12.5,15.2,16.5,13.7,14.2,15.5,13.3,9.8,6.1,5.4,3.7,4.9,3.9
2025-07-02,风向(°),75.0,73.0,74.0,77.0,80.0,82.0,97.0,86.0,98.0,102.0,112.0,110.0,101.0,106.0,115.0,119.0,118.0,123.0,125.0,137.0,143.0,157.0,129.0,124.0
2025-07-02,云量(%),100.0,100.0,100.0,100.0,100.0,99.0,100.0,86.0,67.0,62.0,58.0,62.0,80.0,77.0,85.0,99.0,100.0,100.0,100.0,100.0,10.0,76.0,100.0,100.0
2025-07-02,太阳总辐射(MJ/m²),0.0,0.0,0.0,0.0,0.0,0.0,0.004,0.148,0.756,1.534,2.297,2.729,2.84,2.855,2.236,2.174,2.034,1.134,0.781,0.241,0.004,0.0,0.0,0.0
2025-07-03,气温(℃),26.0,25.7,25.7,25.8,25.6,25.3,25.2,26.5,28.2,29.4,30.6,31.2,31.8,32.1,31.8,31.1,32.4,31.8,31.0,29.4,27.9,27.5,27.2,26.9
2025-07-03,降水量(mm),0.0,0.0,0.0,0.0,0.0,0.0,0.0,0.0,0.0,0.0,0.0,0.1,0.1,0.1,0.4,0.1,0.0,0.0,0.0,0.0,0.0,0.0,0.0,0.0
2025-07-03,风速(km/h),3.1,3.1,5.2,5.3,3.9,4.0,3.7,5.1,6.1,8.0,8.3,7.2,8.5,8.9,8.7,7.0,8.1,6.1,5.9,6.6,7.7,4.4,5.4,6.0
2025-07-03,风向(°),126.0,93.0,94.0,62.0,47.0,30.0,23.0,8.0,30.0,48.0,56.0,68.0,73.0,84.0,82.0,113.0,103.0,109.0,125.0,131.0,144.0,161.0,160.0,164.0
2025-07-03,云量(%),98.0,100.0,100.0,100.0,100.0,100.0,99.0,91.0,100.0,100.0,100.0,100.0,100.0,100.0,100.0,98.0,86.0,86.0,39.0,47.0,84.0,98.0,90.0,32.0
2025-07-03,太阳总辐射(MJ/m²),0.0,0.0,0.0,0.0,0.0,0.0,0.004,0.284,0.882,1.429,2.056,2.398,2.851,2.804,2.765,1.656,2.254,1.688,0.936,0.263,0.004,0.0,0.0,0.0
2025-07-04,气温(℃),26.5,25.9,25.6,25.3,25.1,24.9,24.8,25.9,28.0,29.1,30.7,31.2,32.0,32.5,32.9,32.8,32.2,31.7,30.6,29.3,27.9,28.3,27.9,27.6
2025-07-04,降水量(mm),0.0,0.0,0.0,0.0,0.0,0.0,0.0,0.0,0.0,0.0,0.1,0.2,0.1,0.0,0.0,0.0,0.0,0.0,0.0,0.0,0.0,0.0,0.0,0.0
2025-07-04,风速(km/h),3.8,3.1,1.9,1.8,2.1,0.9,2.3,3.1,4.3,3.5,6.0,6.4,4.5,5.1,5.8,7.1,6.7,8.4,8.3,5.9,7.0,6.4,7.4,7.1
2025-07-04,风向(°),191.0,190.0,248.0,204.0,160.0,101.0,162.0,100.0,66.0,78.0,69.0,80.0,90.0,84.0,92.0,100.0,99.0,124.0,123.0,117.0,138.0,158.0,154.0,144.0
2025-07-04,云量(%),52.0,100.0,100.0,100.0,99.0,99.0,100.0,100.0,88.0,96.0,99.0,92.0,100.0,100.0,39.0,19.0,33.0,58.0,48.0,28.0,36.0,3.0,10.0,12.0
2025-07-04,太阳总辐射(MJ/m²),0.0,0.0,0.0,0.0,0.0,0.0,0.004,0.212,0.828,1.613,2.286,2.563,2.923,3.168,3.06,2.794,2.034,1.494,0.907,0.284,0.004,0.0,0.0,0.0
2025-07-05,气温(℃),27.3,26.9,26.5,26.2,25.8,25.8,25.9,26.6,28.3,29.5,31.0,31.4,32.5,33.4,33.6,34.0,32.0,31.4,31.0,29.6,28.7,28.3,27.9,27.5
2025-07-05,降水量(mm),0.0,0.0,0.0,0.0,0.0,0.0,0.2,0.3,0.0,0.0,0.3,0.3,0.1,0.0,0.0,0.0,2.4,0.1,0.0,0.0,0.0,0.0,0.0,0.0
2025-07-05,风速(km/h),4.9,2.4,4.2,3.7,2.2,1.4,0.5,2.1,1.7,5.1,4.2,9.7,8.5,7.5,8.0,5.8,7.1,3.8,8.3,6.8,4.6,9.2,5.9,5.7
2025-07-05,风向(°),144.0,216.0,258.0,256.0,228.0,230.0,135.0,239.0,252.0,264.0,329.0,349.0,356.0,352.0,350.0,356.0,54.0,19.0,88.0,102.0,101.0,130.0,140.0,131.0
2025-07-05,云量(%),57.0,14.0,4.0,9.0,26.0,98.0,100.0,75.0,20.0,41.0,57.0,41.0,13.0,12.0,6.0,23.0,71.0,96.0,99.0,100.0,100.0,94.0,90.0,70.0
2025-07-05,太阳总辐射(MJ/m²),0.0,0.0,0.0,0.0,0.0,0.0,0.004,0.202,0.842,1.624,2.416,2.588,2.995,3.175,3.211,2.891,2.34,1.17,0.846,0.259,0.004,0.0,0.0,0.0
2025-07-06,气温(℃),27.1,26.9,26.2,25.9,26.0,25.9,26.0,27.0,28.1,30.6,31.5,32.4,33.2,33.9,34.1,34.3,34.3,33.1,31.7,30.3,29.4,28.7,28.4,28.1
2025-07-06,降水量(mm),0.0,0.0,0.0,0.0,0.0,0.0,0.0,0.0,0.0,0.0,0.0,0.0,0.0,0.0,0.0,0.0,0.0,0.1,0.3,0.0,0.0,0.0,0.0,0.0
2025-07-06,风速(km/h),3.8,2.8,5.6,5.7,5.6,3.3,7.7,10.4,9.6,10.4,11.3,9.3,8.7,11.0,9.2,8.9,7.0,5.1,7.4,8.4,11.0,9.5,5.4,3.5
2025-07-06,风向(°),161.0,225.0,241.0,242.0,263.0,319.0,300.0,290.0,308.0,300.0,304.0,302.0,312.0,308.0,312.0,298.0,293.0,260.0,223.0,228.0,222.0,248.0,268.0,231.0
2025-07-06,云量(%),37.0,26.0,3.0,10.0,56.0,55.0,43.0,80.0,20.0,5.0,9.0,5.0,12.0,17.0,13.0,100.0,100.0,76.0,93.0,100.0,100.0,36.0,61.0,100.0
2025-07-06,太阳总辐射(MJ/m²),0.0,0.0,0.0,0.0,0.0,0.0,0.004,0.288,0.958,1.681,2.236,2.812,3.244,3.334,3.139,2.729,2.329,1.706,0.882,0.212,0.004,0.0,0.0,0.0
2025-07-07,气温(℃),27.6,27.4,27.2,27.1,27.1,27.0,27.0,28.2,29.6,31.7,32.9,34.1,35.0,35.7,36.0,35.1,34.7,33.1,32.4,31.3,30.0,29.2,29.1,28.7
2025-07-07,降水量(mm),0.0,0.0,0.0,0.0,0.0,0.0,0.0,0.0,0.0,0.0,0.1,0.0,0.0,0.0,0.0,0.0,0.0,0.0,0.0,0.0,0.0,0.0,0.0,0.0
2025-07-07,风速(km/h),6.5,6.6,6.0,7.6,8.7,9.2,9.4,10.1,11.5,8.9,8.9,9.6,8.8,8.5,6.5,6.0,7.8,9.0,9.4,8.6,11.2,12.3,9.4,7.7
2025-07-07,风向(°),222.0,223.0,219.0,232.0,240.0,237.0,241.0,245.0,250.0,263.0,279.0,293.0,293.0,283.0,276.0,277.0,247.0,241.0,218.0,203.0,195.0,210.0,209.0,219.0
2025-07-07,云量(%),100.0,98.0,100.0,100.0,78.0,33.0,73.0,19.0,7.0,25.0,52.0,46.0,45.0,38.0,97.0,99.0,98.0,90.0,83.0,81.0,84.0,66.0,42.0,40.0
2025-07-07,太阳总辐射(MJ/m²),0.0,0.0,0.0,0.0,0.0,0.0,0.004,0.288,0.965,1.724,2.398,2.866,3.089,3.103,3.002,2.639,2.009,1.512,0.702,0.277,0.004,0.0,0.0,0.0
2025-07-08,气温(℃),28.4,28.0,27.7,27.4,27.3,27.1,27.0,28.3,29.7,29.9,31.4,33.3,30.8,30.6,32.1,33.0,32.8,32.2,30.7,29.9,28.9,28.2,28.0,27.7
2025-07-08,降水量(mm),0.0,0.0,0.0,0.0,0.0,0.0,0.0,0.0,0.1,0.1,0.1,0.1,1.4,0.1,0.0,0.0,0.0,0.0,0.4,0.0,0.0,0.0,0.0,0.0
2025-07-08,风速(km/h),10.4,6.9,6.6,4.8,5.0,3.6,4.2,6.3,8.1,5.4,6.6,8.6,12.7,7.7,9.0,9.2,8.6,8.0,10.2,6.5,6.6,9.9,9.7,9.1
2025-07-08,风向(°),224.0,231.0,235.0,222.0,218.0,180.0,200.0,231.0,239.0,214.0,221.0,244.0,212.0,242.0,239.0,242.0,239.0,243.0,240.0,219.0,189.0,209.0,208.0,212.0
2025-07-08,云量(%),90.0,100.0,100.0,100.0,100.0,100.0,58.0,11.0,32.0,99.0,73.0,99.0,100.0,100.0,100.0,100.0,100.0,100.0,100.0,100.0,100.0,99.0,100.0,98.0
2025-07-08,太阳总辐射(MJ/m²),0.0,0.0,0.0,0.0,0.0,0.0,0.004,0.277,0.954,1.17,1.822,2.552,2.93,1.789,2.38,2.462,1.973,1.116,0.778,0.245,0.004,0.0,0.0,0.0
2025-07-09,气温(℃),27.6,27.5,27.5,27.1,26.9,26.0,25.8,26.9,28.8,30.9,29.8,31.9,33.1,34.5,34.7,32.5,32.5,32.1,31.1,30.3,29.6,27.9,28.5,28.5
2025-07-09,降水量(mm),0.0,0.0,0.0,0.0,0.0,1.3,0.1,0.0,0.0,0.2,0.3,0.2,0.1,0.0,0.0,1.4,0.4,0.0,0.0,0.0,0.0,1.2,0.1,0.0
2025-07-09,风速(km/h),9.1,9.6,5.4,6.4,5.4,9.6,8.5,5.5,5.3,5.5,4.8,5.3,5.8,7.5,11.2,10.6,10.2,8.3,7.3,7.3,5.8,4.1,7.8,7.7
2025-07-09,风向(°),218.0,214.0,201.0,188.0,188.0,146.0,185.0,218.0,258.0,311.0,299.0,258.0,270.0,280.0,269.0,281.0,238.0,236.0,224.0,224.0,216.0,193.0,222.0,217.0
2025-07-09,云量(%),100.0,99.0,99.0,100.0,100.0,99.0,95.0,100.0,35.0,99.0,99.0,100.0,99.0,91.0,100.0,100.0,100.0,100.0,100.0,100.0,100.0,100.0,100.0,100.0
2025-07-09,太阳总辐射(MJ/m²),0.0,0.0,0.0,0.0,0.0,0.0,0.004,0.245,0.932,1.386,1.202,2.214,2.905,3.154,3.035,2.16,1.714,1.195,0.36,0.133,0.004,0.0,0.0,0.0
2025-07-10,气温(℃),28.4,27.9,27.6,27.3,27.3,26.9,26.1,26.4,26.7,28.8,26.8,28.0,30.6,32.4,28.0,27.4,27.7,27.7,27.2,26.8,26.5,25.8,25.7,25.8
2025-07-10,降水量(mm),0.0,0.3,0.4,0.7,0.7,0.3,2.6,0.4,1.2,0.7,0.2,0.1,0.0,0.2,15.0,0.4,0.3,0.2,0.8,1.0,0.5,0.0,0.2,0.1
2025-07-10,风速(km/h),5.9,8.4,9.1,10.0,11.1,11.8,14.5,14.6,10.8,4.5,10.2,5.3,5.4,5.2,15.1,4.6,11.9,7.7,8.2,6.7,6.7,7.2,5.2,4.4
2025-07-10,风向(°),230.0,227.0,234.0,242.0,257.0,234.0,238.0,254.0,249.0,178.0,149.0,172.0,200.0,256.0,329.0,259.0,267.0,267.0,279.0,308.0,329.0,321.0,254.0,258.0
2025-07-10,云量(%),100.0,100.0,100.0,100.0,100.0,100.0,100.0,100.0,100.0,100.0,100.0,100.0,100.0,100.0,100.0,100.0,100.0,100.0,100.0,100.0,100.0,100.0,100.0,100.0
2025-07-10,太阳总辐射(MJ/m²),0.0,0.0,0.0,0.0,0.0,0.0,0.0,0.086,0.454,0.72,0.562,1.022,1.624,1.818,1.037,0.284,0.655,0.5,0.263,0.101,0.0,0.0,0.0,0.0
2025-07-11,气温(℃),25.8,25.8,26.0,25.7,25.2,25.0,25.0,25.5,26.4,27.0,26.9,27.1,27.7,27.5,28.4,28.9,29.4,29.2,28.5,27.4,27.1,26.6,26.5,26.3
2025-07-11,降水量(mm),0.0,0.0,0.0,0.0,0.2,0.0,0.0,0.0,0.0,0.3,0.5,0.6,0.3,0.2,0.2,0.2,0.2,0.2,0.1,0.3,0.0,0.0,0.0,0.0
2025-07-11,风速(km/h),6.5,7.4,9.6,10.4,11.7,9.6,9.0,9.8,10.0,7.6,6.0,6.1,4.4,2.8,0.8,3.1,2.3,3.4,6.6,3.5,0.6,0.9,1.3,1.9
2025-07-11,风向(°),267.0,256.0,287.0,315.0,342.0,343.0,330.0,334.0,343.0,5.0,353.0,337.0,308.0,305.0,297.0,357.0,45.0,106.0,143.0,125.0,342.0,307.0,16.0,22.0
2025-07-11,云量(%),100.0,100.0,100.0,100.0,100.0,100.0,100.0,100.0,100.0,100.0,100.0,100.0,100.0,100.0,100.0,100.0,100.0,100.0,100.0,100.0,100.0,100.0,100.0,84.0
2025-07-11,太阳总辐射(MJ/m²),0.0,0.0,0.0,0.0,0.0,0.0,0.0,0.173,0.605,0.972,0.439,0.58,1.13,0.817,1.555,1.447,1.62,1.267,0.641,0.184,0.0,0.0,0.0,0.0
2025-07-12,气温(℃),26.0,25.7,25.6,25.5,24.9,24.8,25.1,25.9,26.9,27.4,29.1,30.8,31.7,31.0,28.2,29.8,30.7,30.2,29.9,28.6,27.8,27.2,26.9,26.6
2025-07-12,降水量(mm),0.0,0.0,0.0,0.0,0.5,0.2,0.1,0.2,1.3,0.1,0.0,0.3,0.4,1.1,1.1,0.2,0.1,0.2,0.5,0.0,0.0,0.0,0.0,0.0
2025-07-12,风速(km/h),1.7,1.8,1.5,2.9,3.6,4.3,2.6,3.3,4.9,7.0,6.3,8.5,10.5,15.1,8.5,10.5,10.4,10.9,9.7,7.7,6.1,5.1,3.2,2.9
2025-07-12,风向(°),162.0,186.0,166.0,83.0,110.0,112.0,106.0,112.0,147.0,159.0,149.0,180.0,185.0,192.0,175.0,184.0,197.0,189.0,180.0,169.0,157.0,132.0,142.0,133.0
2025-07-12,云量(%),90.0,91.0,100.0,100.0,100.0,100.0,100.0,100.0,100.0,100.0,100.0,100.0,100.0,100.0,100.0,100.0,100.0,100.0,100.0,100.0,100.0,100.0,100.0,100.0
2025-07-12,太阳总辐射(MJ/m²),0.0,0.0,0.0,0.0,0.0,0.0,0.0,0.216,0.778,0.72,1.537,2.095,2.29,1.865,1.019,1.368,1.598,1.224,0.673,0.205,0.004,0.0,0.0,0.0
2025-07-13,气温(℃),26.5,26.3,26.6,26.7,26.6,26.6,26.5,27.3,28.8,29.5,30.4,31.0,32.5,32.7,31.1,30.9,31.3,31.5,31.1,29.7,28.6,28.3,27.9,27.5
2025-07-13,降水量(mm),0.0,0.0,0.0,0.0,0.0,0.0,0.0,0.0,0.0,0.1,0.3,0.2,0.2,0.2,0.2,0.3,0.1,0.0,0.0,0.0,0.0,0.0,0.0,0.0
2025-07-13,风速(km/h),3.5,4.0,5.9,7.6,8.2,8.0,6.3,6.8,5.8,7.7,7.8,6.1,6.5,5.7,4.5,7.6,6.9,5.3,4.5,4.0,4.4,6.0,5.2,6.1
2025-07-13,风向(°),111.0,141.0,169.0,180.0,188.0,188.0,193.0,205.0,196.0,183.0,203.0,210.0,214.0,169.0,180.0,211.0,187.0,190.0,194.0,180.0,189.0,159.0,184.0,185.0
2025-07-13,云量(%),100.0,100.0,100.0,100.0,100.0,100.0,100.0,96.0,93.0,86.0,99.0,100.0,100.0,100.0,100.0,100.0,100.0,100.0,100.0,100.0,100.0,100.0,100.0,100.0
2025-07-13,太阳总辐射(MJ/m²),0.0,0.0,0.0,0.0,0.0,0.0,0.0,0.23,0.745,1.386,1.616,1.868,2.797,2.52,1.548,1.256,1.426,1.058,0.648,0.209,0.004,0.0,0.0,0.0
2025-07-14,气温(℃),27.3,27.1,26.9,26.7,26.6,26.5,26.3,27.5,29.2,28.5,29.6,29.6,30.0,31.0,30.4,31.2,31.9,31.1,30.0,28.9,28.1,26.9,27.0,26.9
2025-07-14,降水量(mm),0.0,0.0,0.0,0.0,0.0,0.0,0.0,0.0,0.0,0.3,0.1,0.4,0.3,0.1,2.3,0.5,0.1,0.2,0.2,0.0,0.0,0.1,0.0,0.0
2025-07-14,风速(km/h),4.9,5.2,6.2,5.8,5.8,6.3,4.4,3.2,2.8,5.5,2.4,2.4,4.5,5.2,9.8,8.5,4.5,4.7,4.5,4.9,6.4,1.4,7.5,5.6
2025-07-14,风向(°),178.0,186.0,190.0,202.0,200.0,193.0,192.0,223.0,288.0,136.0,103.0,9.0,307.0,250.0,234.0,234.0,277.0,274.0,227.0,219.0,209.0,67.0,11.0,75.0
2025-07-14,云量(%),100.0,100.0,100.0,96.0,92.0,100.0,20.0,5.0,14.0,100.0,100.0,100.0,100.0,100.0,100.0,100.0,100.0,100.0,100.0,100.0,100.0,100.0,100.0,100.0
2025-07-14,太阳总辐射(MJ/m²),0.0,0.0,0.0,0.0,0.0,0.0,0.0,0.263,0.929,0.979,1.404,1.649,1.357,1.71,1.886,2.182,2.012,1.343,0.554,0.14,0.004,0.0,0.0,0.0
2025-07-15,气温(℃),26.9,26.8,26.7,26.7,26.9,26.8,26.7,27.5,29.1,27.6,27.9,29.7,31.1,32.5,32.4,30.9,29.7,29.9,29.5,28.7,28.3,28.7,28.3,28.1
2025-07-15,降水量(mm),0.0,0.0,0.0,0.0,0.0,0.0,0.0,0.0,0.0,0.1,0.1,0.0,0.2,0.3,0.3,1.8,0.2,0.0,0.0,0.0,0.0,0.0,0.0,0.0
2025-07-15,风速(km/h),3.3,5.1,5.1,6.4,6.2,4.4,4.6,3.1,4.6,5.3,11.8,8.9,11.4,11.6,10.1,5.3,0.8,2.6,4.8,5.4,5.6,7.4,9.1,9.7
2025-07-15,风向(°),99.0,234.0,216.0,227.0,232.0,235.0,222.0,170.0,234.0,280.0,253.0,228.0,243.0,258.0,264.0,308.0,333.0,141.0,158.0,176.0,176.0,174.0,197.0,199.0
2025-07-15,云量(%),100.0,100.0,100.0,100.0,98.0,100.0,99.0,100.0,99.0,100.0,100.0,100.0,100.0,100.0,100.0,100.0,100.0,100.0,100.0,100.0,100.0,100.0,100.0,100.0
2025-07-15,太阳总辐射(MJ/m²),0.0,0.0,0.0,0.0,0.0,0.0,0.0,0.227,0.857,0.626,0.817,1.84,2.783,3.071,2.362,1.422,0.889,0.558,0.32,0.137,0.004,0.0,0.0,0.0
2025-07-16,气温(℃),27.9,27.9,27.8,27.7,27.6,27.3,27.1,28.3,29.8,29.9,31.5,33.1,33.2,34.1,34.4,34.5,32.7,31.2,31.1,30.3,29.3,29.6,29.0,28.8
2025-07-16,降水量(mm),0.0,0.0,0.0,0.0,0.0,0.0,0.0,0.0,0.1,0.3,0.0,0.0,0.2,0.1,0.1,0.0,1.5,0.1,0.0,0.0,0.0,0.0,0.0,0.0
2025-07-16,风速(km/h),11.4,10.8,11.3,11.2,8.4,6.6,5.5,6.6,9.6,8.0,6.2,8.6,8.1,4.8,4.4,2.9,7.4,5.2,7.5,6.8,8.6,10.0,11.2,11.4
2025-07-16,风向(°),206.0,208.0,209.0,212.0,217.0,215.0,203.0,227.0,244.0,265.0,229.0,244.0,245.0,241.0,251.0,270.0,269.0,209.0,204.0,198.0,191.0,187.0,198.0,199.0
2025-07-16,云量(%),24.0,95.0,100.0,7.0,4.0,8.0,25.0,19.0,20.0,47.0,19.0,36.0,78.0,36.0,47.0,100.0,82.0,98.0,97.0,99.0,99.0,93.0,87.0,35.0
2025-07-16,太阳总辐射(MJ/m²),0.0,0.0,0.0,0.0,0.0,0.0,0.0,0.256,0.893,1.436,2.009,2.704,2.963,3.186,3.013,2.354,1.93,1.17,0.76,0.284,0.004,0.0,0.0,0.0
2025-07-17,气温(℃),28.6,28.4,28.1,27.9,27.7,27.5,27.4,28.7,30.3,31.4,32.8,33.7,34.8,35.0,31.4,32.0,32.9,33.0,32.7,31.5,30.2,30.6,30.2,29.8
2025-07-17,降水量(mm),0.0,0.0,0.0,0.0,0.0,0.0,0.0,0.0,0.0,0.1,0.1,0.1,0.0,0.0,1.8,0.2,0.0,0.0,0.0,0.0,0.0,0.0,0.0,0.0
2025-07-17,风速(km/h),11.3,9.7,8.7,8.2,7.5,7.1,5.8,6.3,7.9,7.6,7.1,6.4,5.8,4.9,6.5,2.5,1.2,2.1,2.2,2.1,5.3,6.8,7.4,6.6
2025-07-17,风向(°),205.0,205.0,212.0,209.0,210.0,199.0,202.0,219.0,237.0,258.0,277.0,280.0,290.0,321.0,357.0,30.0,321.0,308.0,279.0,149.0,142.0,158.0,193.0,191.0
2025-07-17,云量(%),29.0,100.0,83.0,14.0,15.0,55.0,1.0,35.0,81.0,83.0,93.0,100.0,100.0,100.0,100.0,100.0,100.0,100.0,100.0,100.0,100.0,97.0,97.0,85.0
2025-07-17,太阳总辐射(MJ/m²),0.0,0.0,0.0,0.0,0.0,0.0,0.0,0.256,0.922,1.476,2.358,2.596,3.168,3.028,1.955,2.16,1.588,1.267,0.77,0.248,0.004,0.0,0.0,0.0
2025-07-18,气温(℃),29.4,29.0,28.9,28.6,28.5,28.1,28.2,27.2,27.9,32.7,34.4,32.8,31.6,30.6,30.2,30.7,31.6,31.1,30.7,29.9,28.8,26.5,26.3,26.2
2025-07-18,降水量(mm),0.0,0.0,0.0,0.0,0.0,0.0,0.0,2.5,0.1,0.0,0.1,1.6,1.9,0.1,0.6,0.1,0.0,0.0,0.0,0.0,0.0,0.0,0.0,0.0
2025-07-18,风速(km/h),7.1,8.3,7.4,7.1,5.2,3.2,3.9,8.4,4.9,6.0,12.4,10.8,9.3,4.1,3.2,1.8,3.8,5.8,5.9,4.2,5.6,5.3,5.4,3.0
2025-07-18,风向(°),195.0,204.0,221.0,225.0,224.0,236.0,257.0,97.0,186.0,287.0,313.0,339.0,338.0,61.0,93.0,336.0,352.0,351.0,2.0,36.0,61.0,352.0,15.0,303.0
2025-07-18,云量(%),6.0,100.0,91.0,98.0,98.0,100.0,100.0,100.0,100.0,100.0,100.0,100.0,100.0,100.0,100.0,100.0,100.0,100.0,100.0,100.0,100.0,100.0,100.0,100.0
2025-07-18,太阳总辐射(MJ/m²),0.0,0.0,0.0,0.0,0.0,0.0,0.0,0.227,0.4,1.22,2.11,2.387,1.318,0.965,1.346,1.094,1.408,0.634,0.439,0.148,0.004,0.0,0.0,0.0
2025-07-19,气温(℃),26.2,26.1,26.1,26.3,26.3,25.8,25.6,26.6,28.2,30.5,32.1,33.2,33.9,33.1,30.1,28.9,30.9,31.1,30.8,28.1,27.5,28.3,26.9,26.1
2025-07-19,降水量(mm),0.0,0.0,0.0,0.0,0.0,0.0,0.0,0.0,0.0,0.0,0.0,0.1,0.1,0.2,8.6,4.1,0.0,0.0,0.0,6.3,0.7,0.1,2.0,8.5
2025-07-19,风速(km/h),4.8,4.7,5.1,6.7,7.6,7.1,6.2,7.3,7.1,8.0,9.1,11.1,10.8,11.0,12.8,5.3,7.8,6.6,8.3,11.7,5.6,6.3,4.4,8.7
2025-07-19,风向(°),333.0,268.0,287.0,301.0,326.0,326.0,300.0,308.0,333.0,337.0,342.0,348.0,357.0,26.0,14.0,336.0,299.0,299.0,288.0,4.0,295.0,13.0,333.0,320.0
2025-07-19,云量(%),100.0,100.0,100.0,100.0,30.0,21.0,72.0,56.0,86.0,93.0,100.0,100.0,100.0,100.0,100.0,93.0,100.0,100.0,58.0,100.0,100.0,100.0,100.0,100.0
2025-07-19,太阳总辐射(MJ/m²),0.0,0.0,0.0,0.0,0.0,0.0,0.0,0.238,0.907,1.66,2.351,2.891,3.013,3.341,1.537,0.652,1.562,1.364,0.544,0.238,0.0,0.0,0.0,0.0
2025-07-20,气温(℃),26.0,26.2,26.2,26.3,26.5,26.9,26.6,26.8,25.9,27.2,25.9,26.0,26.3,27.4,26.2,25.8,25.9,26.1,26.1,26.0,26.1,26.2,26.1,26.2
2025-07-20,降水量(mm),3.2,0.3,0.0,0.1,0.5,0.0,1.1,1.3,4.0,1.2,6.4,2.1,2.8,0.9,4.3,4.6,5.0,3.9,3.9,2.4,5.4,1.4,1.4,1.6
2025-07-20,风速(km/h),3.6,10.7,13.2,14.9,16.6,19.0,20.7,24.2,26.1,31.1,31.7,35.9,41.3,44.2,47.9,50.4,50.2,45.7,40.7,36.8,37.3,29.2,24.5,20.8
2025-07-20,风向(°),276.0,301.0,307.0,322.0,326.0,330.0,335.0,340.0,340.0,359.0,358.0,3.0,17.0,35.0,44.0,59.0,76.0,90.0,101.0,106.0,116.0,110.0,110.0,112.0
2025-07-20,云量(%),100.0,100.0,100.0,100.0,100.0,100.0,100.0,100.0,100.0,100.0,100.0,100.0,100.0,100.0,100.0,100.0,100.0,100.0,100.0,100.0,100.0,100.0,100.0,100.0
2025-07-20,太阳总辐射(MJ/m²),0.0,0.0,0.0,0.0,0.0,0.0,0.0,0.04,0.144,0.158,0.299,0.493,0.342,1.062,0.936,0.187,0.241,0.288,0.133,0.032,0.0,0.0,0.0,0.0
2025-07-21,气温(℃),26.3,25.8,25.7,25.9,25.8,25.2,25.3,26.1,26.6,27.6,28.9,28.1,27.9,28.0,27.1,28.0,28.4,27.4,27.3,27.0,26.5,26.1,26.1,25.9
2025-07-21,降水量(mm),1.0,0.9,2.6,0.7,0.3,1.8,2.2,0.1,2.8,0.4,0.1,2.1,2.0,0.4,1.7,0.1,0.2,0.3,0.1,0.1,0.1,0.3,0.3,0.5
2025-07-21,风速(km/h),21.8,21.7,15.9,16.4,15.0,13.1,12.0,13.6,14.8,16.1,14.3,16.3,12.4,13.6,13.4,15.0,15.7,14.7,13.5,9.5,12.0,12.9,14.4,16.7
2025-07-21,风向(°),119.0,132.0,128.0,129.0,127.0,122.0,103.0,112.0,113.0,106.0,108.0,123.0,144.0,138.0,138.0,134.0,140.0,147.0,149.0,148.0,140.0,140.0,150.0,146.0
2025-07-21,云量(%),100.0,100.0,100.0,100.0,100.0,100.0,100.0,100.0,100.0,98.0,100.0,100.0,100.0,100.0,100.0,100.0,100.0,100.0,100.0,100.0,100.0,100.0,100.0,100.0
2025-07-21,太阳总辐射(MJ/m²),0.0,0.0,0.0,0.0,0.0,0.0,0.0,0.151,0.536,1.282,1.775,1.879,1.418,1.397,0.889,1.13,1.015,0.756,0.54,0.173,0.004,0.0,0.0,0.0
2025-07-22,气温(℃),25.9,26.0,25.4,25.5,25.2,25.0,24.6,25.0,26.7,28.3,30.3,27.7,29.0,30.3,30.9,30.4,30.2,29.6,29.1,28.3,27.7,25.6,24.6,24.8
2025-07-22,降水量(mm),0.3,0.5,1.7,0.7,0.3,0.2,0.2,0.9,0.0,0.0,0.0,3.3,0.2,0.0,0.1,0.3,0.4,0.0,0.0,0.0,0.0,0.1,0.2,0.0
2025-07-22,风速(km/h),13.7,13.7,15.4,14.9,14.0,14.5,11.6,11.3,11.9,12.2,11.8,16.3,16.3,18.1,21.3,17.8,17.8,17.2,17.4,15.7,15.3,18.2,15.2,10.8
2025-07-22,风向(°),148.0,136.0,162.0,143.0,156.0,157.0,139.0,160.0,142.0,134.0,129.0,142.0,132.0,132.0,131.0,138.0,133.0,132.0,122.0,112.0,111.0,92.0,95.0,120.0
2025-07-22,云量(%),100.0,100.0,100.0,98.0,100.0,100.0,100.0,100.0,100.0,100.0,100.0,100.0,100.0,100.0,100.0,100.0,100.0,100.0,100.0,100.0,100.0,100.0,100.0,100.0
2025-07-22,太阳总辐射(MJ/m²),0.0,0.0,0.0,0.0,0.0,0.0,0.0,0.101,0.594,1.076,1.728,2.077,2.257,1.818,2.333,1.753,1.472,0.767,0.479,0.216,0.0,0.0,0.0,0.0
2025-07-23,气温(℃),25.2,25.5,25.6,25.2,25.4,25.3,25.4,25.8,26.5,26.3,28.4,29.4,30.8,31.5,29.9,28.5,28.6,28.0,27.3,26.7,26.0,26.4,26.2,26.0
2025-07-23,降水量(mm),0.1,0.0,0.0,0.0,0.0,0.1,0.0,0.0,0.3,2.8,0.2,0.0,0.1,1.1,6.7,0.1,0.0,0.2,0.4,0.1,0.0,1.0,0.2,0.1
2025-07-23,风速(km/h),10.5,10.3,9.5,8.0,7.9,7.9,8.0,8.0,10.8,11.6,10.4,7.3,8.5,11.3,5.8,5.5,4.8,5.5,5.1,2.2,1.3,1.2,0.5,2.9
2025-07-23,风向(°),115.0,102.0,111.0,110.0,91.0,90.0,85.0,96.0,108.0,120.0,110.0,100.0,102.0,110.0,104.0,103.0,191.0,52.0,6.0,24.0,135.0,297.0,270.0,86.0
2025-07-23,云量(%),100.0,100.0,100.0,100.0,100.0,100.0,100.0,100.0,100.0,100.0,100.0,100.0,100.0,99.0,100.0,100.0,100.0,100.0,100.0,100.0,100.0,100.0,100.0,100.0
2025-07-23,太阳总辐射(MJ/m²),0.0,0.0,0.0,0.0,0.0,0.0,0.0,0.054,0.338,0.59,1.429,1.292,2.034,3.146,2.275,1.098,0.673,0.598,0.292,0.148,0.0,0.0,0.0,0.0
2025-07-24,气温(℃),25.7,25.1,25.1,24.8,24.6,24.4,24.5,25.4,26.8,28.2,29.9,31.0,31.3,32.5,33.1,33.0,32.7,29.9,26.6,25.2,25.2,27.2,26.8,26.7
2025-07-24,降水量(mm),0.8,5.5,1.3,0.0,0.1,0.0,0.0,0.0,0.0,0.0,0.0,0.0,0.5,0.1,0.1,0.0,0.6,3.0,3.5,6.0,0.1,0.0,0.0,0.0
2025-07-24,风速(km/h),6.1,3.3,3.3,4.3,5.7,5.2,5.5,7.1,7.7,8.4,10.3,10.5,9.1,7.6,7.3,6.5,5.4,6.6,7.1,2.0,1.1,1.1,4.7,4.1
2025-07-24,风向(°),24.0,354.0,347.0,345.0,332.0,333.0,322.0,319.0,324.0,315.0,322.0,325.0,328.0,324.0,329.0,337.0,318.0,81.0,174.0,90.0,351.0,342.0,187.0,182.0
2025-07-24,云量(%),99.0,100.0,99.0,42.0,96.0,81.0,100.0,97.0,37.0,27.0,7.0,19.0,26.0,12.0,20.0,32.0,30.0,100.0,49.0,99.0,56.0,81.0,59.0,30.0
2025-07-24,太阳总辐射(MJ/m²),0.0,0.0,0.0,0.0,0.0,0.0,0.0,0.162,0.698,1.163,2.128,2.815,3.006,3.139,3.15,2.711,2.214,1.519,0.54,0.223,0.0,0.0,0.0,0.0
2025-07-25,气温(℃),26.5,26.3,26.1,25.9,25.8,25.5,25.3,26.3,27.8,30.0,31.4,32.5,33.3,33.8,34.0,32.6,33.0,31.2,28.3,27.8,27.4,25.1,25.3,25.4
2025-07-25,降水量(mm),0.0,0.0,0.0,0.0,0.0,0.0,0.0,0.0,0.0,0.0,0.0,0.0,0.0,0.0,0.1,4.1,0.0,0.5,1.5,0.1,0.0,7.7,1.5,1.0
2025-07-25,风速(km/h),4.0,3.3,6.9,6.1,7.6,7.4,7.5,8.2,10.4,8.9,11.0,10.6,9.4,8.6,8.2,9.2,0.3,10.4,5.8,6.2,3.1,2.4,11.7,6.1
2025-07-25,风向(°),265.0,248.0,293.0,293.0,289.0,299.0,310.0,302.0,306.0,308.0,318.0,321.0,328.0,324.0,327.0,318.0,315.0,236.0,351.0,278.0,260.0,132.0,290.0,265.0
2025-07-25,云量(%),64.0,21.0,17.0,19.0,0.0,0.0,0.0,1.0,13.0,19.0,97.0,97.0,92.0,54.0,17.0,65.0,76.0,93.0,46.0,22.0,29.0,100.0,78.0,45.0
2025-07-25,太阳总辐射(MJ/m²),0.0,0.0,0.0,0.0,0.0,0.0,0.0,0.23,0.904,1.667,2.372,2.88,3.269,3.33,3.233,2.848,1.966,1.285,0.763,0.22,0.004,0.0,0.0,0.0
2025-07-26,气温(℃),25.3,25.2,25.2,25.2,25.2,25.2,25.1,25.9,27.4,29.7,31.3,32.5,33.7,34.7,35.3,34.2,31.4,30.2,30.8,29.9,29.2,29.4,29.1,28.7
2025-07-26,降水量(mm),0.2,0.0,0.0,0.0,0.0,0.0,0.0,0.0,0.0,0.0,0.0,0.0,0.0,0.0,0.0,0.4,0.7,0.0,0.0,0.0,0.0,0.0,0.0,0.0
2025-07-26,风速(km/h),7.3,7.3,5.5,7.3,7.9,8.2,7.5,6.4,6.6,5.8,7.8,7.5,6.8,6.6,6.4,3.3,14.0,10.1,6.6,3.2,4.3,9.3,7.3,6.9
2025-07-26,风向(°),287.0,314.0,319.0,286.0,286.0,293.0,280.0,278.0,291.0,292.0,318.0,320.0,310.0,303.0,308.0,225.0,213.0,243.0,225.0,251.0,272.0,209.0,205.0,225.0
2025-07-26,云量(%),27.0,24.0,12.0,5.0,4.0,1.0,2.0,9.0,3.0,6.0,5.0,8.0,6.0,9.0,26.0,43.0,57.0,11.0,15.0,6.0,3.0,88.0,94.0,100.0
2025-07-26,太阳总辐射(MJ/m²),0.0,0.0,0.0,0.0,0.0,0.0,0.0,0.22,0.886,1.609,2.351,2.88,3.222,3.334,3.236,2.801,1.966,1.123,0.925,0.266,0.0,0.0,0.0,0.0
2025-07-27,气温(℃),28.3,28.1,28.0,27.6,27.3,27.0,26.9,27.8,29.5,30.9,32.1,33.0,33.7,34.1,34.1,34.6,34.3,33.7,32.3,30.7,29.7,29.3,28.9,28.5
2025-07-27,降水量(mm),0.0,0.0,0.0,0.0,0.0,0.0,0.0,0.0,0.0,0.0,0.1,0.1,0.1,0.1,0.0,0.0,0.0,0.2,0.0,0.0,0.0,0.0,0.0,0.0
2025-07-27,风速(km/h),5.7,7.5,8.6,7.8,6.4,6.1,6.7,6.8,7.7,5.2,6.8,6.8,5.2,5.4,7.2,7.6,8.7,9.3,9.4,7.5,7.6,9.8,9.7,10.0
2025-07-27,风向(°),235.0,243.0,241.0,228.0,225.0,236.0,234.0,243.0,261.0,266.0,287.0,288.0,276.0,274.0,271.0,275.0,252.0,234.0,210.0,195.0,192.0,203.0,208.0,206.0
2025-07-27,云量(%),99.0,99.0,98.0,99.0,98.0,100.0,100.0,100.0,100.0,15.0,14.0,22.0,100.0,100.0,100.0,100.0,100.0,100.0,100.0,100.0,100.0,100.0,100.0,100.0
2025-07-27,太阳总辐射(MJ/m²),0.0,0.0,0.0,0.0,0.0,0.0,0.0,0.22,0.868,1.681,2.387,2.851,3.013,3.049,2.704,2.786,2.3,1.656,0.86,0.23,0.0,0.0,0.0,0.0
2025-07-28,气温(℃),28.1,27.9,27.8,27.7,27.6,27.5,27.4,28.2,29.5,30.6,31.8,32.8,33.8,30.4,30.8,31.0,29.2,29.2,29.0,28.5,28.2,26.9,26.8,26.7
2025-07-28,降水量(mm),0.0,0.0,0.0,0.0,0.0,0.0,0.0,0.0,0.0,0.0,0.1,0.1,0.0,2.5,0.4,0.0,3.2,0.1,0.0,0.0,0.0,0.8,0.5,0.1
2025-07-28,风速(km/h),10.7,10.4,11.4,9.8,9.2,9.4,8.5,8.5,10.3,7.3,8.3,8.9,10.4,12.3,7.4,9.6,9.9,3.8,3.1,3.3,4.3,1.1,3.1,4.7
2025-07-28,风向(°),210.0,214.0,215.0,223.0,225.0,228.0,242.0,245.0,251.0,263.0,276.0,279.0,285.0,293.0,269.0,266.0,295.0,287.0,234.0,221.0,253.0,288.0,324.0,187.0
2025-07-28,云量(%),95.0,100.0,100.0,100.0,100.0,99.0,100.0,100.0,100.0,100.0,100.0,100.0,100.0,100.0,100.0,100.0,100.0,100.0,100.0,100.0,100.0,100.0,100.0,100.0
2025-07-28,太阳总辐射(MJ/m²),0.0,0.0,0.0,0.0,0.0,0.0,0.0,0.191,0.778,1.145,1.732,2.192,2.581,2.221,1.339,1.138,0.871,0.605,0.299,0.108,0.0,0.0,0.0,0.0
2025-07-29,气温(℃),26.7,26.6,26.8,26.5,26.0,24.8,25.1,25.5,25.9,26.9,27.7,29.9,31.1,31.9,32.3,32.3,31.7,30.9,29.2,28.0,27.5,28.2,28.0,27.8
2025-07-29,降水量(mm),0.0,0.0,0.0,1.6,1.4,8.5,5.1,12.7,8.1,1.3,0.2,0.2,0.4,0.2,3.9,1.9,0.0,0.1,0.0,0.0,0.0,0.0,0.0,0.0
2025-07-29,风速(km/h),2.9,2.3,5.9,6.0,3.1,4.5,5.6,6.5,2.5,6.7,6.5,8.3,8.5,8.3,8.2,5.0,4.4,8.0,7.3,5.9,6.5,11.1,12.1,9.9
2025-07-29,风向(°),187.0,252.0,232.0,185.0,100.0,119.0,153.0,182.0,172.0,306.0,304.0,269.0,257.0,269.0,293.0,308.0,9.0,203.0,222.0,220.0,208.0,202.0,212.0,224.0
2025-07-29,云量(%),100.0,100.0,42.0,96.0,93.0,100.0,100.0,100.0,100.0,100.0,100.0,100.0,100.0,100.0,100.0,100.0,100.0,100.0,100.0,100.0,100.0,100.0,100.0,99.0
2025-07-29,太阳总辐射(MJ/m²),0.0,0.0,0.0,0.0,0.0,0.0,0.0,0.144,0.378,0.32,0.734,1.832,2.412,2.372,2.239,2.167,1.188,1.199,0.45,0.173,0.0,0.0,0.0,0.0
2025-07-30,气温(℃),27.6,27.4,27.4,27.4,27.3,26.9,26.5,27.0,27.3,27.3,29.4,30.8,32.0,33.1,33.0,30.5,29.7,28.7,28.3,27.9,27.5,29.0,28.3,27.6
2025-07-30,降水量(mm),0.0,0.0,0.0,0.0,0.0,0.0,0.1,0.0,0.0,0.2,0.1,0.0,0.2,0.2,1.5,7.2,0.9,1.6,0.0,0.0,0.0,0.0,0.0,0.8
2025-07-30,风速(km/h),9.4,8.7,9.1,9.5,9.8,7.3,4.1,4.6,4.3,4.1,3.6,6.2,6.7,6.7,7.3,7.4,2.5,4.9,1.1,1.1,0.4,4.0,1.7,2.4
2025-07-30,风向(°),227.0,232.0,234.0,241.0,294.0,303.0,270.0,18.0,57.0,268.0,273.0,278.0,278.0,284.0,279.0,346.0,274.0,321.0,81.0,171.0,27.0,185.0,13.0,73.0
2025-07-30,云量(%),98.0,100.0,100.0,100.0,98.0,100.0,100.0,100.0,100.0,100.0,100.0,100.0,100.0,100.0,100.0,100.0,100.0,100.0,100.0,100.0,100.0,100.0,100.0,100.0
2025-07-30,太阳总辐射(MJ/m²),0.0,0.0,0.0,0.0,0.0,0.0,0.0,0.13,0.436,0.608,1.444,1.526,2.405,2.779,2.398,1.354,0.965,0.522,0.187,0.09,0.0,0.0,0.0,0.0
2025-07-31,气温(℃),27.6,27.1,27.1,26.8,26.3,25.9,25.9,26.6,27.4,27.9,29.5,30.6,31.5,32.1,32.1,30.6,29.8,28.3,28.0,27.8,27.5,26.4,26.3,25.4
2025-07-31,降水量(mm),0.1,3.3,2.4,0.4,0.2,0.0,0.0,0.0,0.0,0.1,0.2,0.3,0.2,0.2,0.2,1.0,1.2,0.3,0.0,0.0,0.0,0.0,0.0,1.8
2025-07-31,风速(km/h),1.5,3.8,11.7,11.7,8.2,4.0,4.0,6.5,7.8,5.1,6.7,2.9,1.9,2.5,1.9,5.9,7.6,5.7,3.1,4.8,1.4,6.6,6.2,4.7
2025-07-31,风向(°),159.0,135.0,211.0,232.0,247.0,270.0,302.0,265.0,279.0,231.0,304.0,300.0,287.0,266.0,124.0,102.0,273.0,328.0,83.0,143.0,140.0,159.0,105.0,74.0
2025-07-31,云量(%),99.0,100.0,100.0,100.0,100.0,100.0,100.0,100.0,100.0,100.0,100.0,100.0,100.0,100.0,100.0,100.0,100.0,100.0,100.0,100.0,28.0,100.0,100.0,100.0
2025-07-31,太阳总辐射(MJ/m²),0.0,0.0,0.0,0.0,0.0,0.0,0.0,0.166,0.637,0.828,1.487,1.919,2.128,2.128,2.135,1.195,1.098,0.734,0.306,0.133,0.0,0.0,0.0,0.0
2025-08-01,气温(℃),25.3,25.3,25.2,25.1,25.0,24.9,24.8,25.5,25.8,27.8,29.0,30.9,31.7,32.1,27.9,29.1,30.4,31.2,30.9,29.6,28.3,27.6,27.6,27.4
2025-08-01,降水量(mm),1.3,0.4,0.1,0.1,0.0,0.0,0.0,0.0,0.1,0.5,0.0,0.0,0.1,0.5,2.3,0.9,0.1,0.0,0.1,0.0,0.0,0.0,0.0,0.0
2025-08-01,风速(km/h),2.3,4.1,3.8,3.2,3.3,4.2,1.5,3.1,3.0,1.8,1.6,3.6,4.0,12.4,1.0,10.5,7.7,7.9,7.1,5.5,9.0,8.1,7.1,6.8
2025-08-01,风向(°),212.0,347.0,115.0,117.0,45.0,70.0,104.0,347.0,14.0,135.0,180.0,252.0,267.0,268.0,112.0,217.0,198.0,200.0,190.0,161.0,170.0,183.0,171.0,183.0
2025-08-01,云量(%),100.0,100.0,100.0,100.0,100.0,100.0,100.0,100.0,100.0,100.0,100.0,99.0,33.0,95.0,47.0,35.0,13.0,67.0,95.0,100.0,100.0,100.0,100.0,100.0
2025-08-01,太阳总辐射(MJ/m²),0.0,0.0,0.0,0.0,0.0,0.0,0.0,0.119,0.234,0.979,1.062,1.67,1.685,2.948,1.26,2.218,2.315,1.627,0.842,0.202,0.0,0.0,0.0,0.0
2025-08-02,气温(℃),27.4,27.2,27.3,27.1,27.1,26.8,26.8,27.5,28.6,27.1,27.9,27.9,29.9,31.3,28.9,27.7,27.8,27.8,27.6,27.4,27.2,26.2,26.1,26.1
2025-08-02,降水量(mm),0.0,0.0,0.0,0.0,0.0,0.0,0.0,0.0,0.1,0.5,0.2,1.0,0.3,0.2,11.7,1.6,0.2,0.1,0.1,0.0,0.1,1.1,0.9,0.5
2025-08-02,风速(km/h),8.0,8.8,7.7,4.5,4.9,6.0,6.7,7.7,6.2,1.4,6.3,4.8,6.5,7.3,13.2,13.8,10.2,9.8,10.3,8.0,8.8,9.0,9.5,11.5
2025-08-02,风向(°),198.0,203.0,208.0,209.0,197.0,196.0,199.0,217.0,218.0,157.0,183.0,153.0,204.0,189.0,202.0,207.0,172.0,172.0,178.0,166.0,165.0,154.0,159.0,163.0
2025-08-02,云量(%),99.0,92.0,98.0,99.0,100.0,100.0,100.0,100.0,100.0,100.0,100.0,100.0,100.0,100.0,100.0,100.0,100.0,100.0,100.0,100.0,100.0,100.0,100.0,100.0
2025-08-02,太阳总辐射(MJ/m²),0.0,0.0,0.0,0.0,0.0,0.0,0.0,0.166,0.637,0.385,0.724,0.313,1.71,1.987,1.958,0.497,0.58,0.601,0.331,0.126,0.0,0.0,0.0,0.0
2025-08-03,气温(℃),26.2,26.2,26.1,26.1,25.5,25.9,26.0,26.3,26.8,27.7,28.8,28.6,29.0,29.1,29.6,28.1,28.4,28.5,28.2,27.8,27.8,26.6,26.7,26.8
2025-08-03,降水量(mm),0.2,0.0,0.1,1.3,10.5,0.2,0.0,0.3,0.5,0.0,0.0,0.9,0.1,1.4,0.1,1.7,0.0,0.1,0.0,0.0,0.0,0.2,0.2,0.2
2025-08-03,风速(km/h),10.4,8.3,7.9,8.6,10.0,11.2,10.5,11.2,10.6,7.8,9.4,10.8,10.2,16.4,11.7,15.1,16.3,13.3,10.4,10.5,10.0,8.7,6.1,6.4
2025-08-03,风向(°),171.0,166.0,191.0,192.0,247.0,215.0,213.0,199.0,199.0,217.0,206.0,201.0,214.0,215.0,203.0,209.0,186.0,196.0,189.0,192.0,188.0,103.0,130.0,153.0
2025-08-03,云量(%),100.0,34.0,98.0,100.0,100.0,100.0,100.0,100.0,100.0,100.0,100.0,100.0,100.0,100.0,100.0,100.0,100.0,100.0,100.0,100.0,100.0,100.0,100.0,100.0
2025-08-03,太阳总辐射(MJ/m²),0.0,0.0,0.0,0.0,0.0,0.0,0.0,0.043,0.14,0.378,0.612,0.659,0.652,1.386,1.429,1.48,0.756,0.738,0.338,0.104,0.0,0.0,0.0,0.0
2025-08-04,气温(℃),27.0,27.0,26.3,26.5,26.4,26.3,26.4,26.6,26.9,25.0,26.1,27.1,27.6,28.3,28.6,28.8,28.7,28.9,28.1,27.5,27.2,25.6,25.9,26.3
2025-08-04,降水量(mm),0.5,0.0,2.7,1.8,0.5,0.2,0.1,0.0,3.4,4.0,3.1,1.0,0.4,0.3,0.4,0.8,0.5,0.5,0.5,0.5,1.4,0.6,0.9,0.1
2025-08-04,风速(km/h),7.6,7.1,7.4,5.1,5.8,6.7,5.6,3.5,4.2,14.1,6.8,7.2,10.4,10.9,15.3,12.8,10.4,9.9,9.5,6.7,7.3,8.7,7.2,5.4
2025-08-04,风向(°),175.0,171.0,223.0,170.0,194.0,199.0,220.0,165.0,126.0,212.0,191.0,108.0,146.0,209.0,208.0,212.0,217.0,205.0,212.0,182.0,171.0,24.0,108.0,154.0
2025-08-04,云量(%),100.0,100.0,100.0,100.0,100.0,100.0,100.0,100.0,100.0,100.0,100.0,100.0,100.0,100.0,100.0,100.0,100.0,100.0,100.0,100.0,100.0,100.0,100.0,100.0
2025-08-04,太阳总辐射(MJ/m²),0.0,0.0,0.0,0.0,0.0,0.0,0.0,0.065,0.338,0.263,0.133,0.439,1.001,0.522,0.547,0.788,0.547,0.522,0.187,0.05,0.0,0.0,0.0,0.0
2025-08-05,气温(℃),26.0,25.4,25.4,25.1,24.9,24.6,24.4,24.9,25.4,25.5,26.7,27.4,28.4,29.0,29.6,28.6,27.0,26.6,26.4,25.9,25.8,26.3,26.1,26.2
2025-08-05,降水量(mm),0.0,0.7,13.8,3.1,3.2,3.9,4.2,1.6,11.1,0.6,0.8,1.2,0.8,0.2,1.4,3.5,0.5,0.5,0.5,1.0,1.5,1.0,1.0,1.5
2025-08-05,风速(km/h),10.6,13.5,9.1,5.9,3.5,4.7,6.4,6.7,4.9,0.4,6.1,7.0,7.5,7.7,14.7,12.3,12.9,13.6,12.4,10.6,12.1,12.5,3.8,9.4
2025-08-05,风向(°),169.0,199.0,229.0,191.0,189.0,16.0,100.0,85.0,213.0,180.0,168.0,180.0,191.0,191.0,206.0,201.0,188.0,195.0,194.0,169.0,168.0,196.0,155.0,163.0
2025-08-05,云量(%),100.0,100.0,100.0,100.0,100.0,100.0,100.0,100.0,100.0,100.0,100.0,100.0,100.0,100.0,91.0,100.0,100.0,100.0,100.0,100.0,100.0,100.0,100.0,100.0
2025-08-05,太阳总辐射(MJ/m²),0.0,0.0,0.0,0.0,0.0,0.0,0.0,0.036,0.173,0.346,0.576,0.662,0.947,0.752,1.04,1.206,0.263,0.184,0.209,0.061,0.0,0.0,0.0,0.0
2025-08-06,气温(℃),26.6,26.7,25.5,25.6,25.6,25.2,25.1,25.3,25.5,24.5,23.8,24.1,25.9,28.5,29.2,29.2,29.1,28.6,28.2,27.3,26.7,26.7,26.7,26.7
2025-08-06,降水量(mm),2.6,1.6,1.5,1.0,0.4,0.5,1.6,1.2,1.5,3.2,3.5,3.0,0.7,0.2,0.0,0.1,0.0,0.0,0.0,0.0,0.0,0.0,0.0,0.0
2025-08-06,风速(km/h),10.0,6.6,12.3,10.8,9.5,9.1,8.4,7.7,7.4,6.7,10.9,13.3,13.9,14.2,9.3,6.4,7.7,7.2,6.3,6.9,8.1,7.8,7.5,7.9
2025-08-06,风向(°),173.0,167.0,212.0,191.0,216.0,171.0,161.0,155.0,158.0,146.0,189.0,179.0,183.0,204.0,209.0,202.0,189.0,167.0,149.0,147.0,148.0,136.0,134.0,141.0
2025-08-06,云量(%),100.0,100.0,100.0,100.0,100.0,100.0,100.0,100.0,100.0,100.0,100.0,100.0,100.0,100.0,100.0,100.0,100.0,100.0,100.0,100.0,100.0,100.0,100.0,100.0
2025-08-06,太阳总辐射(MJ/m²),0.0,0.0,0.0,0.0,0.0,0.0,0.0,0.029,0.101,0.302,0.277,0.194,0.994,1.462,1.404,0.896,0.616,0.468,0.331,0.061,0.0,0.0,0.0,0.0
2025-08-07,气温(℃),26.8,26.8,26.9,26.6,26.4,26.3,26.4,27.0,28.0,29.2,30.5,31.4,32.2,32.8,32.5,31.5,31.2,30.8,30.6,28.9,27.8,26.2,25.6,25.1
2025-08-07,降水量(mm),0.0,0.4,0.0,0.0,0.0,0.0,0.0,0.0,0.1,0.0,0.2,0.1,0.2,0.1,0.0,0.1,0.2,0.0,0.0,0.1,0.5,0.0,0.0,0.0
2025-08-07,风速(km/h),7.9,8.1,8.1,8.5,6.3,5.8,7.3,8.6,10.4,9.7,12.4,11.2,11.3,8.9,9.6,11.7,10.8,5.7,4.8,4.0,6.0,4.5,4.6,3.2
2025-08-07,风向(°),153.0,167.0,185.0,176.0,175.0,176.0,169.0,178.0,180.0,183.0,193.0,196.0,209.0,204.0,160.0,167.0,217.0,212.0,214.0,212.0,213.0,299.0,351.0,360.0
2025-08-07,云量(%),100.0,100.0,100.0,100.0,100.0,100.0,100.0,64.0,98.0,98.0,100.0,85.0,65.0,86.0,99.0,40.0,53.0,41.0,63.0,64.0,32.0,23.0,7.0,94.0
2025-08-07,太阳总辐射(MJ/m²),0.0,0.0,0.0,0.0,0.0,0.0,0.0,0.086,0.569,1.044,1.782,2.25,2.804,2.833,2.128,2.156,1.804,0.806,0.796,0.198,0.0,0.0,0.0,0.0
2025-08-08,气温(℃),24.9,24.8,24.7,24.7,24.6,24.5,24.5,25.1,26.5,28.6,30.2,31.7,32.7,33.2,31.6,31.7,32.1,32.3,31.6,29.7,28.2,27.7,27.5,27.3
2025-08-08,降水量(mm),0.0,0.0,0.0,0.0,0.0,0.0,0.0,0.0,0.0,0.0,0.1,0.0,0.0,0.1,0.9,0.2,0.0,0.0,0.0,0.0,0.0,0.0,0.0,0.0
2025-08-08,风速(km/h),0.4,1.0,1.5,1.8,2.2,2.5,2.2,1.5,3.6,3.8,5.3,5.6,6.1,3.1,7.3,6.9,5.9,5.5,5.7,7.1,8.8,7.6,7.6,8.2
2025-08-08,风向(°),153.0,211.0,225.0,264.0,305.0,315.0,325.0,291.0,225.0,262.0,258.0,272.0,268.0,249.0,138.0,110.0,215.0,226.0,221.0,199.0,184.0,183.0,184.0,206.0
2025-08-08,云量(%),99.0,100.0,100.0,99.0,100.0,100.0,100.0,100.0,100.0,75.0,74.0,80.0,99.0,70.0,100.0,90.0,86.0,76.0,92.0,96.0,100.0,100.0,100.0,100.0
2025-08-08,太阳总辐射(MJ/m²),0.0,0.0,0.0,0.0,0.0,0.0,0.0,0.112,0.529,1.152,1.922,2.75,3.218,3.211,3.229,2.138,1.714,1.469,0.875,0.223,0.0,0.0,0.0,0.0
2025-08-09,气温(℃),27.2,26.9,26.7,26.3,26.0,25.6,25.5,26.1,27.8,30.2,31.8,32.9,33.3,33.6,34.1,33.8,32.9,31.6,30.0,28.3,27.3,27.8,27.3,26.9
2025-08-09,降水量(mm),0.0,0.0,0.0,0.0,0.0,0.0,0.0,0.0,0.0,0.0,0.0,0.0,0.0,0.0,0.0,0.1,0.2,0.0,0.0,0.0,0.0,0.0,0.0,0.0
2025-08-09,风速(km/h),8.6,8.5,6.6,5.4,3.9,2.7,2.0,3.1,2.1,0.9,3.2,4.4,5.2,5.2,5.5,7.4,10.2,12.9,11.7,9.8,9.0,7.2,7.1,7.1
2025-08-09,风向(°),217.0,212.0,217.0,230.0,254.0,233.0,175.0,121.0,110.0,90.0,137.0,125.0,110.0,110.0,109.0,116.0,129.0,138.0,144.0,149.0,151.0,168.0,159.0,150.0
2025-08-09,云量(%),100.0,100.0,100.0,100.0,98.0,100.0,100.0,100.0,100.0,75.0,80.0,83.0,45.0,52.0,95.0,82.0,91.0,80.0,45.0,0.0,0.0,0.0,5.0,0.0
2025-08-09,太阳总辐射(MJ/m²),0.0,0.0,0.0,0.0,0.0,0.0,0.0,0.173,0.752,1.566,2.318,2.808,3.06,3.06,3.247,2.722,2.171,1.465,0.9,0.223,0.0,0.0,0.0,0.0
2025-08-10,气温(℃),26.8,26.7,26.6,26.5,26.3,26.0,25.7,26.3,27.7,29.7,30.6,31.6,32.1,32.4,32.3,30.6,31.8,31.9,30.7,29.1,28.2,28.3,27.9,27.4
2025-08-10,降水量(mm),0.0,0.0,0.0,0.0,0.0,0.0,0.0,0.5,0.0,0.1,0.3,0.0,0.0,0.0,0.0,1.1,0.1,0.0,0.0,0.0,0.0,0.0,0.0,0.0
2025-08-10,风速(km/h),7.9,6.8,4.5,5.2,2.6,1.8,1.8,1.9,1.4,2.4,1.0,1.4,1.6,1.9,6.7,6.9,3.7,3.2,7.3,6.4,7.2,7.6,5.9,5.4
2025-08-10,风向(°),153.0,168.0,182.0,151.0,192.0,264.0,101.0,107.0,310.0,312.0,315.0,230.0,207.0,119.0,92.0,105.0,157.0,142.0,171.0,169.0,155.0,173.0,169.0,165.0
2025-08-10,云量(%),79.0,94.0,99.0,93.0,67.0,37.0,95.0,100.0,96.0,89.0,94.0,100.0,100.0,99.0,100.0,80.0,99.0,88.0,95.0,96.0,100.0,99.0,99.0,100.0
2025-08-10,太阳总辐射(MJ/m²),0.0,0.0,0.0,0.0,0.0,0.0,0.0,0.162,0.619,1.4,2.102,2.542,2.268,2.329,2.718,2.261,1.955,1.562,0.763,0.198,0.0,0.0,0.0,0.0
2025-08-11,气温(℃),27.1,26.7,26.4,26.3,26.3,26.4,26.2,26.9,28.2,30.0,31.0,32.0,32.8,33.1,30.4,31.2,30.4,29.8,29.9,29.0,28.3,27.1,27.2,27.3
2025-08-11,降水量(mm),0.0,0.0,0.0,0.0,0.0,0.0,0.0,0.0,0.0,0.1,0.1,0.1,0.0,0.0,3.3,0.2,2.6,0.1,0.0,0.0,0.0,0.0,0.0,0.0
2025-08-11,风速(km/h),4.7,4.5,5.1,5.5,6.3,4.8,5.0,3.2,2.1,5.5,6.1,6.6,7.9,7.0,5.8,5.6,8.7,5.7,6.1,5.6,8.6,6.9,7.3,7.0
2025-08-11,风向(°),178.0,185.0,190.0,191.0,207.0,209.0,215.0,214.0,200.0,238.0,240.0,237.0,235.0,228.0,184.0,222.0,223.0,191.0,194.0,197.0,188.0,149.0,160.0,167.0
2025-08-11,云量(%),99.0,100.0,100.0,100.0,100.0,100.0,100.0,100.0,99.0,66.0,71.0,60.0,98.0,98.0,99.0,100.0,100.0,98.0,95.0,74.0,76.0,85.0,96.0,96.0
2025-08-11,太阳总辐射(MJ/m²),0.0,0.0,0.0,0.0,0.0,0.0,0.0,0.148,0.623,1.48,2.113,2.646,2.927,2.974,2.336,1.912,1.944,1.231,0.688,0.184,0.0,0.0,0.0,0.0
2025-08-12,气温(℃),27.2,27.0,27.0,26.8,26.8,26.6,26.0,26.0,27.3,27.9,30.0,31.4,32.4,32.9,31.7,30.5,29.3,29.8,28.9,27.9,27.6,27.5,27.5,27.3
2025-08-12,降水量(mm),0.0,0.0,0.0,0.0,0.0,0.0,0.2,0.0,0.0,0.0,0.0,0.3,0.2,0.1,0.1,5.4,1.5,0.1,0.1,0.0,0.0,0.0,0.0,0.0
2025-08-12,风速(km/h),7.7,8.6,9.0,8.2,8.0,9.5,8.6,5.5,5.4,6.9,4.4,5.0,5.7,3.4,4.1,3.8,3.6,0.4,2.3,0.0,3.2,6.7,6.7,7.1
2025-08-12,风向(°),171.0,180.0,192.0,188.0,196.0,191.0,216.0,197.0,186.0,129.0,153.0,215.0,235.0,252.0,52.0,95.0,276.0,27.0,86.0,270.0,146.0,171.0,178.0,189.0
2025-08-12,云量(%),97.0,92.0,96.0,90.0,100.0,100.0,100.0,99.0,100.0,100.0,100.0,100.0,100.0,100.0,100.0,99.0,99.0,99.0,100.0,99.0,91.0,94.0,76.0,77.0
2025-08-12,太阳总辐射(MJ/m²),0.0,0.0,0.0,0.0,0.0,0.0,0.0,0.14,0.684,1.076,2.124,2.603,2.959,2.862,2.012,1.321,1.894,1.022,0.619,0.144,0.0,0.0,0.0,0.0
2025-08-13,气温(℃),27.0,26.7,26.7,26.6,26.5,26.4,26.0,26.7,28.4,28.4,30.5,31.9,32.6,33.1,33.8,33.1,30.3,29.2,28.8,28.1,27.7,26.9,26.6,26.6
2025-08-13,降水量(mm),0.0,0.0,0.0,0.0,0.0,0.0,0.0,0.0,0.0,0.1,0.1,0.0,0.1,0.2,0.0,0.0,2.5,0.1,0.0,0.0,0.0,0.1,0.0,0.0
2025-08-13,风速(km/h),6.8,7.1,8.3,7.4,7.1,6.0,3.2,1.4,1.0,1.4,3.2,6.3,7.3,6.3,3.3,3.4,1.5,13.0,7.3,6.3,6.2,6.6,6.8,6.0
2025-08-13,风向(°),182.0,187.0,202.0,206.0,214.0,213.0,223.0,130.0,301.0,203.0,254.0,277.0,290.0,285.0,283.0,6.0,256.0,245.0,239.0,272.0,263.0,281.0,198.0,241.0
2025-08-13,云量(%),2.0,20.0,11.0,17.0,1.0,2.0,4.0,98.0,91.0,41.0,26.0,98.0,85.0,100.0,100.0,100.0,100.0,99.0,75.0,36.0,10.0,100.0,48.0,100.0
2025-08-13,太阳总辐射(MJ/m²),0.0,0.0,0.0,0.0,0.0,0.0,0.0,0.166,0.767,1.163,2.174,2.74,3.096,3.06,2.902,1.951,1.256,1.148,0.709,0.155,0.0,0.0,0.0,0.0
2025-08-14,气温(℃),26.7,26.9,27.0,26.9,26.1,25.1,24.8,24.6,24.8,25.2,24.8,24.9,27.6,25.9,25.9,26.2,27.5,26.6,25.7,25.0,24.9,24.7,25.0,24.5
2025-08-14,降水量(mm),0.0,0.0,0.0,0.0,2.0,4.0,1.0,4.0,3.4,5.8,1.9,2.8,1.0,4.8,2.7,1.2,0.8,0.8,0.7,0.6,0.6,1.9,1.8,2.1
2025-08-14,风速(km/h),9.2,10.4,8.6,10.6,11.5,13.5,11.9,6.1,11.2,10.9,12.1,6.3,5.7,4.1,8.3,7.3,10.9,11.5,15.2,12.7,9.4,19.1,13.4,14.8
2025-08-14,风向(°),250.0,250.0,250.0,256.0,219.0,239.0,236.0,267.0,229.0,204.0,235.0,215.0,198.0,67.0,134.0,128.0,164.0,179.0,137.0,173.0,173.0,135.0,140.0,147.0
2025-08-14,云量(%),100.0,100.0,98.0,100.0,100.0,100.0,100.0,100.0,100.0,100.0,100.0,100.0,100.0,100.0,100.0,100.0,100.0,100.0,100.0,100.0,100.0,100.0,100.0,100.0
2025-08-14,太阳总辐射(MJ/m²),0.0,0.0,0.0,0.0,0.0,0.0,0.0,0.072,0.306,0.23,0.198,0.176,1.444,1.206,0.371,0.31,0.727,0.288,0.259,0.029,0.0,0.0,0.0,0.0
2025-08-15,气温(℃),24.8,24.9,25.3,25.4,25.4,25.3,25.6,25.6,26.6,27.3,28.5,29.4,29.5,27.8,29.4,29.6,29.7,28.7,27.9,26.6,26.0,24.5,23.4,23.7
2025-08-15,降水量(mm),1.7,1.1,0.4,0.0,0.0,0.1,0.1,0.2,0.2,0.3,0.2,0.1,0.1,0.9,0.7,3.7,0.2,0.5,0.1,0.2,0.0,0.0,1.0,0.6
2025-08-15,风速(km/h),15.3,16.3,14.9,12.4,10.4,11.8,9.7,12.2,14.9,15.6,18.0,18.4,17.8,17.2,15.8,13.3,15.9,13.9,12.3,6.4,7.1,14.6,2.4,3.3
2025-08-15,风向(°),141.0,139.0,132.0,137.0,134.0,136.0,100.0,98.0,109.0,113.0,116.0,116.0,117.0,127.0,125.0,113.0,119.0,120.0,112.0,112.0,126.0,202.0,99.0,354.0
2025-08-15,云量(%),100.0,100.0,99.0,100.0,100.0,100.0,100.0,99.0,100.0,100.0,98.0,88.0,94.0,71.0,43.0,46.0,60.0,74.0,91.0,51.0,50.0,88.0,99.0,54.0
2025-08-15,太阳总辐射(MJ/m²),0.0,0.0,0.0,0.0,0.0,0.0,0.0,0.061,0.648,1.408,1.688,2.329,2.66,2.642,2.545,2.524,1.962,1.307,0.594,0.14,0.0,0.0,0.0,0.0
2025-08-16,气温(℃),23.2,23.3,23.3,23.3,23.5,23.7,23.8,24.6,26.2,28.6,29.5,30.4,31.5,32.0,32.3,32.5,32.0,31.2,29.9,28.2,27.6,26.8,26.9,26.9
2025-08-16,降水量(mm),0.1,0.0,0.0,0.0,0.0,0.0,0.0,0.0,0.0,0.0,0.2,0.0,0.0,0.0,0.0,0.0,0.0,0.0,0.0,0.0,0.0,0.0,0.0,0.0
2025-08-16,风速(km/h),8.5,9.6,8.1,7.8,9.5,7.2,6.9,7.5,8.2,11.1,14.4,13.1,12.7,13.0,13.6,13.9,13.4,13.4,11.4,12.0,8.9,9.7,11.4,11.6
2025-08-16,风向(°),287.0,319.0,335.0,37.0,53.0,53.0,51.0,53.0,58.0,63.0,75.0,74.0,77.0,80.0,84.0,85.0,96.0,116.0,131.0,137.0,111.0,121.0,95.0,94.0
2025-08-16,云量(%),100.0,96.0,85.0,42.0,44.0,14.0,61.0,22.0,26.0,10.0,24.0,4.0,6.0,13.0,5.0,5.0,7.0,9.0,5.0,6.0,5.0,27.0,29.0,13.0
2025-08-16,太阳总辐射(MJ/m²),0.0,0.0,0.0,0.0,0.0,0.0,0.0,0.151,0.752,1.53,2.2,2.693,3.193,3.319,3.035,2.729,2.254,1.519,0.767,0.173,0.0,0.0,0.0,0.0
2025-08-17,气温(℃),26.9,26.7,26.5,26.5,26.1,25.9,25.6,26.0,26.8,27.4,27.5,27.3,29.1,30.4,29.9,27.7,27.1,26.7,26.2,25.7,25.4,24.9,24.8,24.8
2025-08-17,降水量(mm),0.0,0.0,0.0,0.0,0.0,0.0,0.0,0.0,0.0,0.2,0.8,0.5,0.1,0.1,0.4,2.2,3.2,0.2,0.8,0.3,0.6,1.1,1.1,0.5
2025-08-17,风速(km/h),12.6,9.5,10.9,12.2,14.1,13.0,11.9,13.0,16.5,16.5,17.0,13.5,16.5,17.6,17.4,15.8,13.8,18.0,18.2,17.9,16.8,17.9,14.9,15.7
2025-08-17,风向(°),104.0,91.0,84.0,82.0,97.0,84.0,70.0,56.0,67.0,82.0,85.0,74.0,72.0,77.0,85.0,79.0,74.0,90.0,83.0,85.0,96.0,95.0,91.0,96.0
2025-08-17,云量(%),17.0,7.0,24.0,19.0,46.0,45.0,39.0,42.0,53.0,100.0,100.0,100.0,99.0,100.0,100.0,100.0,100.0,100.0,100.0,100.0,100.0,100.0,100.0,100.0
2025-08-17,太阳总辐射(MJ/m²),0.0,0.0,0.0,0.0,0.0,0.0,0.0,0.151,0.738,1.181,1.397,1.026,1.53,2.891,1.976,0.742,0.886,0.522,0.338,0.054,0.0,0.0,0.0,0.0
2025-08-18,气温(℃),24.6,24.6,24.4,24.5,24.4,24.4,24.5,24.5,25.0,25.2,25.4,26.2,27.1,27.7,28.1,28.3,28.7,26.8,25.4,25.5,25.5,25.2,25.4,25.5
2025-08-18,降水量(mm),0.8,2.4,1.3,0.7,0.9,1.5,1.3,2.2,1.0,1.1,0.9,1.4,0.6,0.2,0.3,0.2,0.3,2.3,1.1,0.2,0.2,1.7,1.6,0.4
2025-08-18,风速(km/h),14.9,12.9,14.8,14.4,13.3,13.5,15.6,14.8,13.2,14.8,13.6,16.5,16.1,16.8,17.4,15.6,19.6,20.5,10.1,9.2,9.8,9.3,12.2,11.5
2025-08-18,风向(°),105.0,115.0,106.0,103.0,106.0,104.0,119.0,119.0,124.0,124.0,119.0,128.0,127.0,132.0,134.0,131.0,141.0,152.0,130.0,123.0,120.0,103.0,98.0,101.0
2025-08-18,云量(%),100.0,100.0,100.0,100.0,100.0,100.0,100.0,100.0,100.0,100.0,100.0,100.0,100.0,100.0,100.0,99.0,100.0,100.0,100.0,100.0,100.0,100.0,100.0,100.0
2025-08-18,太阳总辐射(MJ/m²),0.0,0.0,0.0,0.0,0.0,0.0,0.0,0.058,0.223,0.49,0.367,0.99,1.163,1.127,1.523,1.267,1.832,1.246,0.277,0.112,0.0,0.0,0.0,0.0
2025-08-19,气温(℃),25.3,25.0,24.8,25.1,24.9,24.6,24.4,24.8,26.0,24.8,25.7,26.7,27.8,28.5,28.4,28.2,28.6,28.7,28.1,27.0,26.5,26.4,26.5,26.3
2025-08-19,降水量(mm),0.2,0.3,0.5,0.3,0.2,0.1,3.4,0.2,0.1,3.0,1.8,0.2,0.1,0.1,2.4,0.3,0.0,0.0,0.0,0.0,0.0,0.0,0.0,0.0
2025-08-19,风速(km/h),13.0,11.6,11.4,10.8,8.4,3.8,6.5,4.0,12.0,14.7,7.1,8.7,7.4,9.5,12.1,6.8,7.2,9.9,8.8,7.3,7.6,7.3,9.9,11.2
2025-08-19,风向(°),123.0,127.0,125.0,143.0,155.0,149.0,148.0,144.0,159.0,141.0,139.0,158.0,177.0,158.0,170.0,169.0,183.0,185.0,163.0,144.0,133.0,136.0,136.0,136.0
2025-08-19,云量(%),100.0,100.0,100.0,100.0,100.0,100.0,100.0,100.0,100.0,100.0,100.0,100.0,100.0,100.0,100.0,100.0,100.0,100.0,100.0,100.0,100.0,100.0,100.0,100.0
2025-08-19,太阳总辐射(MJ/m²),0.0,0.0,0.0,0.0,0.0,0.0,0.0,0.061,0.454,0.22,0.331,0.727,0.997,1.278,1.505,1.004,0.608,0.54,0.367,0.086,0.0,0.0,0.0,0.0
2025-08-20,气温(℃),26.1,26.0,26.0,25.7,25.6,25.8,25.9,26.5,28.0,29.3,30.4,30.9,31.4,32.0,31.5,31.7,31.2,30.4,29.4,28.2,27.5,26.5,26.4,26.3
2025-08-20,降水量(mm),0.0,0.0,0.0,0.0,0.0,0.0,0.0,0.1,0.0,0.1,0.2,0.1,0.1,0.1,0.1,0.1,0.0,0.1,0.0,0.0,0.0,0.0,0.0,0.0
2025-08-20,风速(km/h),11.0,10.3,10.8,9.5,8.4,6.5,6.5,7.0,10.9,9.1,12.5,13.3,14.9,14.3,16.0,16.1,15.2,11.8,7.3,8.3,6.8,5.8,5.9,6.6
2025-08-20,风向(°),131.0,136.0,143.0,144.0,149.0,141.0,148.0,162.0,172.0,170.0,175.0,188.0,188.0,184.0,182.0,184.0,199.0,208.0,197.0,167.0,162.0,185.0,166.0,133.0
2025-08-20,云量(%),100.0,96.0,88.0,98.0,100.0,100.0,99.0,99.0,100.0,65.0,99.0,100.0,55.0,78.0,75.0,94.0,99.0,96.0,100.0,99.0,100.0,100.0,100.0,100.0
2025-08-20,太阳总辐射(MJ/m²),0.0,0.0,0.0,0.0,0.0,0.0,0.0,0.126,0.547,1.418,1.915,1.696,2.61,3.049,2.898,2.419,1.764,1.048,0.551,0.104,0.0,0.0,0.0,0.0
2025-08-21,气温(℃),26.5,26.4,26.4,26.4,26.3,26.1,26.1,26.5,27.9,29.4,30.8,31.0,31.7,31.6,31.7,30.7,30.8,30.8,29.8,28.3,27.3,27.1,26.6,26.3
2025-08-21,降水量(mm),0.0,0.0,0.0,0.0,0.0,0.0,0.0,0.0,0.0,0.0,0.1,0.0,0.0,0.0,0.1,0.2,0.0,0.0,0.0,0.0,0.0,0.0,0.0,0.0
2025-08-21,风速(km/h),6.5,5.9,6.0,8.5,9.2,8.7,7.6,8.0,7.2,6.5,8.4,9.4,8.9,9.6,10.8,10.0,9.3,10.3,5.9,4.8,6.1,5.7,5.4,7.0
2025-08-21,风向(°),161.0,160.0,164.0,167.0,169.0,172.0,173.0,171.0,174.0,185.0,203.0,200.0,198.0,206.0,204.0,194.0,188.0,182.0,180.0,153.0,150.0,162.0,130.0,140.0
2025-08-21,云量(%),100.0,100.0,100.0,100.0,100.0,100.0,99.0,96.0,97.0,100.0,100.0,99.0,100.0,100.0,98.0,96.0,97.0,100.0,100.0,100.0,100.0,100.0,100.0,100.0
2025-08-21,太阳总辐射(MJ/m²),0.0,0.0,0.0,0.0,0.0,0.0,0.0,0.094,0.562,1.458,1.886,1.415,1.379,1.447,1.872,1.177,1.033,1.224,0.67,0.13,0.0,0.0,0.0,0.0
2025-08-22,气温(℃),25.8,25.5,25.5,25.5,25.4,25.4,25.3,25.7,27.1,29.5,30.1,30.6,30.8,30.7,31.1,31.3,31.6,31.4,30.3,28.4,27.4,28.0,27.5,26.9
2025-08-22,降水量(mm),0.0,0.0,0.0,0.0,0.0,0.0,0.0,0.0,0.0,0.0,0.0,0.0,0.0,0.0,0.0,0.0,0.0,0.0,0.0,0.0,0.0,0.0,0.0,0.0
2025-08-22,风速(km/h),3.4,5.2,5.6,5.6,5.8,5.8,3.2,5.0,3.4,1.4,1.4,2.4,2.2,3.2,3.4,1.5,1.1,4.0,5.1,6.9,7.0,4.0,2.3,3.9
2025-08-22,风向(°),162.0,202.0,202.0,178.0,185.0,184.0,196.0,178.0,174.0,270.0,293.0,297.0,294.0,333.0,342.0,324.0,99.0,90.0,73.0,97.0,138.0,210.0,299.0,326.0
2025-08-22,云量(%),100.0,100.0,100.0,100.0,100.0,100.0,100.0,100.0,100.0,100.0,100.0,100.0,100.0,100.0,86.0,52.0,8.0,12.0,7.0,11.0,18.0,31.0,26.0,3.0
2025-08-22,太阳总辐射(MJ/m²),0.0,0.0,0.0,0.0,0.0,0.0,0.0,0.054,0.295,1.483,1.217,1.458,1.31,0.904,1.152,1.127,1.343,1.508,0.724,0.14,0.0,0.0,0.0,0.0
2025-08-23,气温(℃),26.5,26.3,25.7,25.6,25.1,24.9,25.0,25.8,27.6,29.9,31.3,32.3,33.0,33.4,33.2,30.2,31.3,29.1,28.2,27.5,26.9,27.8,27.3,27.0
2025-08-23,降水量(mm),0.0,0.0,0.0,0.0,0.0,0.0,0.0,0.0,0.0,0.0,0.0,0.0,0.0,0.0,0.1,2.4,0.0,1.0,0.2,0.0,0.3,0.0,0.0,0.0
2025-08-23,风速(km/h),2.7,1.9,2.1,3.1,3.2,4.6,3.7,4.3,4.9,5.4,7.0,8.9,9.9,11.8,10.1,10.4,9.7,13.4,7.9,10.3,11.6,12.8,13.5,13.4
2025-08-23,风向(°),262.0,202.0,239.0,249.0,218.0,259.0,293.0,355.0,4.0,15.0,32.0,36.0,46.0,61.0,80.0,45.0,59.0,84.0,93.0,102.0,66.0,85.0,74.0,85.0
2025-08-23,云量(%),1.0,0.0,1.0,9.0,21.0,96.0,97.0,100.0,16.0,1.0,11.0,10.0,4.0,22.0,27.0,58.0,30.0,91.0,76.0,100.0,98.0,100.0,100.0,99.0
2025-08-23,太阳总辐射(MJ/m²),0.0,0.0,0.0,0.0,0.0,0.0,0.0,0.14,0.713,1.58,2.311,2.837,3.143,3.229,2.855,2.419,1.757,1.397,0.414,0.112,0.0,0.0,0.0,0.0
2025-08-24,气温(℃),26.9,26.7,26.5,26.4,26.2,26.0,26.0,26.6,27.5,28.6,29.2,28.7,29.9,29.9,30.0,29.9,29.9,28.8,28.2,27.4,27.2,27.7,27.3,26.9
2025-08-24,降水量(mm),0.1,0.1,0.1,0.0,0.0,0.1,0.1,0.1,0.2,0.4,0.2,2.1,0.5,1.0,0.6,0.2,0.4,0.1,0.0,0.0,0.0,0.0,0.0,0.0
2025-08-24,风速(km/h),13.5,12.0,13.5,12.0,12.6,14.3,13.8,17.4,19.6,21.1,18.6,22.8,14.6,18.7,17.3,18.4,17.2,18.5,16.2,14.1,13.8,11.9,11.0,9.8
2025-08-24,风向(°),88.0,81.0,77.0,68.0,76.0,80.0,81.0,85.0,88.0,89.0,82.0,106.0,106.0,112.0,104.0,105.0,108.0,120.0,109.0,100.0,97.0,95.0,93.0,85.0
2025-08-24,云量(%),100.0,100.0,100.0,100.0,99.0,93.0,62.0,56.0,24.0,70.0,20.0,94.0,96.0,100.0,100.0,100.0,100.0,100.0,96.0,100.0,100.0,100.0,100.0,100.0
2025-08-24,太阳总辐射(MJ/m²),0.0,0.0,0.0,0.0,0.0,0.0,0.0,0.122,0.698,1.458,1.84,2.452,2.344,1.811,2.045,1.75,1.426,0.857,0.529,0.122,0.0,0.0,0.0,0.0
2025-08-25,气温(℃),26.6,26.6,26.2,26.0,25.8,26.0,25.9,26.4,27.9,26.9,28.8,30.2,31.3,31.4,30.4,29.6,28.8,28.0,27.5,26.8,26.7,26.9,26.9,26.7
2025-08-25,降水量(mm),0.0,0.0,0.0,0.0,0.0,0.0,0.0,0.1,0.0,0.0,0.0,0.0,0.0,0.3,1.5,0.3,0.0,0.0,0.0,0.0,0.0,0.0,0.0,0.0
2025-08-25,风速(km/h),10.3,11.6,10.8,10.7,11.5,13.3,10.5,11.2,12.8,11.8,7.9,7.1,10.9,14.9,12.1,15.9,12.5,10.7,11.9,8.6,7.7,10.2,10.4,8.8
2025-08-25,风向(°),74.0,78.0,88.0,85.0,86.0,88.0,84.0,88.0,95.0,102.0,86.0,75.0,96.0,112.0,130.0,134.0,123.0,117.0,124.0,123.0,106.0,104.0,111.0,113.0
2025-08-25,云量(%),100.0,100.0,89.0,97.0,100.0,100.0,100.0,100.0,59.0,100.0,100.0,100.0,100.0,100.0,100.0,100.0,100.0,100.0,100.0,100.0,100.0,100.0,100.0,99.0
2025-08-25,太阳总辐射(MJ/m²),0.0,0.0,0.0,0.0,0.0,0.0,0.0,0.112,0.612,0.997,1.836,2.394,2.984,2.916,2.221,1.973,0.954,0.515,0.364,0.083,0.0,0.0,0.0,0.0
2025-08-26,气温(℃),26.5,26.5,26.1,25.7,25.5,25.4,25.2,25.7,27.3,28.8,29.9,31.0,31.8,32.3,32.7,32.6,32.2,31.6,30.5,28.9,27.7,27.5,26.6,26.2
2025-08-26,降水量(mm),0.0,0.0,0.0,0.0,0.0,0.0,0.0,0.0,0.0,0.1,0.1,0.0,0.0,0.0,0.0,0.0,0.0,0.1,0.0,0.0,0.0,0.0,0.0,0.0
2025-08-26,风速(km/h),7.9,8.1,4.7,4.0,4.1,4.3,3.2,6.3,6.7,9.1,9.1,8.7,8.8,9.2,8.8,8.2,8.0,6.9,4.8,5.8,4.9,2.8,1.7,2.0
2025-08-26,风向(°),101.0,119.0,97.0,117.0,88.0,57.0,63.0,55.0,59.0,49.0,60.0,76.0,89.0,110.0,110.0,104.0,104.0,107.0,112.0,160.0,141.0,50.0,58.0,185.0
2025-08-26,云量(%),100.0,100.0,100.0,100.0,100.0,100.0,100.0,99.0,18.0,86.0,90.0,83.0,50.0,41.0,100.0,99.0,100.0,100.0,70.0,64.0,7.0,65.0,27.0,49.0
2025-08-26,太阳总辐射(MJ/m²),0.0,0.0,0.0,0.0,0.0,0.0,0.0,0.076,0.601,1.4,2.131,2.826,3.085,3.197,3.15,2.74,2.016,1.397,0.59,0.104,0.0,0.0,0.0,0.0
2025-08-27,气温(℃),25.7,25.3,25.3,25.0,24.8,24.7,24.5,25.2,27.1,29.5,30.4,31.5,30.5,30.5,31.3,30.9,28.0,28.3,28.1,26.9,26.3,25.4,25.0,24.8
2025-08-27,降水量(mm),0.0,0.0,0.0,0.0,0.0,0.0,0.0,0.0,0.0,0.1,0.2,0.2,2.6,1.9,0.7,2.0,3.5,0.2,0.0,0.0,0.0,0.0,0.0,0.0
2025-08-27,风速(km/h),2.7,5.0,3.9,2.3,3.5,2.7,4.5,3.8,2.4,2.3,3.1,4.8,9.0,6.2,8.8,5.0,10.8,4.4,4.4,3.2,2.7,1.5,0.7,1.5
2025-08-27,风向(°),176.0,193.0,208.0,219.0,192.0,160.0,106.0,85.0,77.0,331.0,10.0,29.0,74.0,98.0,78.0,69.0,33.0,60.0,60.0,71.0,90.0,45.0,166.0,225.0
2025-08-27,云量(%),3.0,14.0,13.0,31.0,13.0,24.0,64.0,41.0,9.0,20.0,16.0,34.0,87.0,61.0,45.0,32.0,75.0,16.0,5.0,17.0,63.0,10.0,12.0,100.0
2025-08-27,太阳总辐射(MJ/m²),0.0,0.0,0.0,0.0,0.0,0.0,0.0,0.112,0.648,1.512,2.066,2.693,2.675,2.268,2.29,2.498,1.948,1.116,0.616,0.115,0.0,0.0,0.0,0.0
2025-08-28,气温(℃),24.6,24.5,24.4,24.4,24.5,24.5,24.6,25.3,26.6,25.5,27.2,29.2,30.1,31.0,31.0,29.0,28.5,28.7,27.8,27.2,26.7,28.1,27.8,27.0
2025-08-28,降水量(mm),0.0,0.0,0.0,0.0,0.0,0.0,0.0,0.0,0.0,3.0,0.4,0.1,0.1,0.0,0.1,7.5,0.0,0.0,0.0,0.0,0.1,0.0,0.0,0.0
2025-08-28,风速(km/h),2.2,2.5,2.7,1.9,2.2,4.1,3.8,6.2,6.4,2.6,5.6,6.9,6.9,9.6,8.8,14.8,8.8,10.1,11.5,13.0,12.6,12.6,13.0,11.7
2025-08-28,风向(°),138.0,188.0,278.0,311.0,351.0,326.0,341.0,334.0,43.0,146.0,353.0,354.0,14.0,41.0,49.0,72.0,95.0,90.0,90.0,92.0,90.0,100.0,92.0,91.0
2025-08-28,云量(%),94.0,13.0,27.0,25.0,66.0,100.0,97.0,100.0,100.0,100.0,100.0,100.0,100.0,100.0,100.0,100.0,100.0,100.0,100.0,100.0,100.0,100.0,100.0,100.0
2025-08-28,太阳总辐射(MJ/m²),0.0,0.0,0.0,0.0,0.0,0.0,0.0,0.13,0.493,0.691,1.148,1.638,1.8,2.275,1.872,1.861,0.72,0.824,0.292,0.05,0.0,0.0,0.0,0.0
2025-08-29,气温(℃),26.6,26.3,26.5,26.7,26.6,26.5,25.8,26.6,28.0,30.0,30.9,32.1,32.8,33.0,33.3,32.2,32.0,30.9,29.8,28.6,28.0,28.3,27.7,27.0
2025-08-29,降水量(mm),0.0,0.0,0.0,0.0,0.0,0.0,0.0,0.0,0.0,0.0,0.0,0.0,0.0,0.0,0.0,0.0,0.0,0.0,0.0,0.0,0.0,0.0,0.1,0.0
2025-08-29,风速(km/h),8.8,9.5,9.0,10.3,12.1,9.0,5.1,8.6,12.3,17.6,17.0,17.9,19.5,20.2,21.3,21.7,20.1,18.5,16.4,13.5,12.7,10.7,17.2,12.4
2025-08-29,风向(°),85.0,65.0,67.0,67.0,67.0,67.0,72.0,57.0,60.0,76.0,69.0,75.0,87.0,98.0,104.0,101.0,102.0,108.0,99.0,102.0,103.0,97.0,108.0,91.0
2025-08-29,云量(%),100.0,100.0,100.0,100.0,100.0,100.0,100.0,100.0,99.0,100.0,98.0,100.0,100.0,89.0,95.0,82.0,64.0,68.0,86.0,100.0,99.0,99.0,100.0,94.0
2025-08-29,太阳总辐射(MJ/m²),0.0,0.0,0.0,0.0,0.0,0.0,0.0,0.101,0.63,1.433,2.243,2.797,3.064,3.168,3.071,2.39,2.153,1.346,0.623,0.101,0.0,0.0,0.0,0.0
2025-08-30,气温(℃),26.8,26.7,26.6,26.6,26.6,26.7,26.5,26.9,28.0,27.7,26.6,29.1,30.6,31.1,31.4,31.2,30.6,29.7,28.6,27.8,27.3,27.6,27.2,26.8
2025-08-30,降水量(mm),0.0,0.0,0.0,0.0,0.1,0.0,0.0,0.0,0.0,0.3,1.8,0.1,0.1,0.0,0.3,0.0,0.0,0.0,0.0,0.0,0.0,0.0,0.0,0.0
2025-08-30,风速(km/h),12.1,11.7,9.9,11.4,11.9,14.1,12.8,13.0,16.6,14.4,20.0,17.2,18.6,19.9,18.0,17.4,18.9,16.0,14.5,11.2,11.7,8.6,8.4,6.7
2025-08-30,风向(°),89.0,80.0,74.0,85.0,94.0,86.0,89.0,90.0,91.0,106.0,104.0,104.0,105.0,111.0,115.0,110.0,114.0,113.0,117.0,116.0,115.0,110.0,105.0,99.0
2025-08-30,云量(%),82.0,76.0,18.0,63.0,89.0,82.0,68.0,99.0,100.0,100.0,100.0,94.0,96.0,98.0,72.0,57.0,91.0,100.0,97.0,87.0,73.0,84.0,96.0,99.0
2025-08-30,太阳总辐射(MJ/m²),0.0,0.0,0.0,0.0,0.0,0.0,0.0,0.126,0.641,1.087,1.706,1.699,2.826,2.984,2.524,2.48,1.876,1.12,0.544,0.076,0.0,0.0,0.0,0.0
2025-08-31,气温(℃),26.5,26.2,26.0,25.8,25.4,25.4,25.3,26.3,28.0,28.4,27.4,29.5,30.8,31.6,32.1,31.9,31.4,30.5,29.2,27.7,27.0,27.7,27.4,27.0
2025-08-31,降水量(mm),0.0,0.0,0.0,0.0,0.0,0.0,0.0,0.0,0.0,0.2,1.6,0.1,0.0,0.0,0.0,0.0,0.0,0.0,0.0,0.0,0.0,0.0,0.0,0.0
2025-08-31,风速(km/h),5.8,5.2,5.8,4.7,4.0,3.6,3.8,6.0,8.0,7.6,8.9,10.9,12.0,11.9,12.1,12.5,11.7,10.9,10.7,7.6,7.2,6.7,6.0,6.9
2025-08-31,风向(°),112.0,102.0,124.0,118.0,108.0,84.0,90.0,53.0,72.0,72.0,84.0,98.0,106.0,110.0,111.0,127.0,126.0,135.0,144.0,146.0,145.0,161.0,147.0,143.0
2025-08-31,云量(%),98.0,99.0,100.0,100.0,98.0,98.0,98.0,97.0,82.0,61.0,95.0,91.0,99.0,100.0,99.0,93.0,24.0,15.0,81.0,100.0,92.0,100.0,99.0,100.0
2025-08-31,太阳总辐射(MJ/m²),0.0,0.0,0.0,0.0,0.0,0.0,0.0,0.126,0.72,1.393,1.8,2.39,2.736,2.804,2.83,2.639,1.973,1.346,0.634,0.094,0.0,0.0,0.0,0.0
2025-09-01,气温(℃),26.8,26.5,26.0,25.8,25.3,24.8,24.7,25.4,27.7,29.4,30.8,31.7,32.7,33.2,32.9,32.9,32.2,31.7,30.1,28.4,27.4,27.1,26.8,26.8
2025-09-01,降水量(mm),0.0,0.0,0.0,0.0,0.0,0.0,0.0,0.0,0.1,0.0,0.0,0.0,0.0,0.0,0.0,0.3,0.1,0.0,0.0,0.0,0.0,0.0,0.0,0.0
2025-09-01,风速(km/h),6.2,5.1,3.6,0.8,0.4,0.8,1.3,3.8,4.4,4.6,7.3,8.3,8.4,11.4,9.5,9.7,7.6,8.2,9.8,8.9,7.9,5.9,6.3,7.5
2025-09-01,风向(°),142.0,141.0,150.0,207.0,297.0,315.0,315.0,335.0,32.0,77.0,81.0,85.0,97.0,114.0,117.0,138.0,161.0,151.0,142.0,144.0,150.0,160.0,165.0,147.0
2025-09-01,云量(%),100.0,100.0,99.0,100.0,97.0,31.0,99.0,100.0,45.0,93.0,52.0,20.0,19.0,77.0,76.0,90.0,83.0,100.0,94.0,98.0,97.0,86.0,99.0,98.0
2025-09-01,太阳总辐射(MJ/m²),0.0,0.0,0.0,0.0,0.0,0.0,0.0,0.119,0.702,1.282,2.113,2.488,2.981,3.038,2.848,2.48,1.822,1.274,0.616,0.09,0.0,0.0,0.0,0.0
2025-09-02,气温(℃),26.9,26.9,26.5,26.0,25.6,25.2,25.2,25.6,27.3,29.8,31.3,32.0,32.4,32.6,32.9,32.4,31.8,31.2,29.9,28.6,27.9,27.8,27.6,27.3
2025-09-02,降水量(mm),0.0,0.0,0.0,0.0,0.0,0.0,0.0,0.2,0.0,0.0,0.0,0.1,0.1,0.1,0.0,0.1,0.2,0.0,0.0,0.0,0.0,0.0,0.0,0.0
2025-09-02,风速(km/h),8.4,7.1,4.1,3.8,1.7,0.5,2.1,4.1,6.1,5.7,7.6,11.1,11.8,12.0,12.9,12.0,11.3,9.4,10.2,8.3,8.5,5.6,7.3,6.9
2025-09-02,风向(°),146.0,156.0,167.0,185.0,198.0,315.0,329.0,49.0,58.0,53.0,98.0,106.0,114.0,123.0,143.0,147.0,147.0,140.0,139.0,132.0,134.0,135.0,149.0,152.0
2025-09-02,云量(%),100.0,70.0,19.0,10.0,25.0,100.0,100.0,99.0,14.0,20.0,60.0,88.0,90.0,99.0,99.0,100.0,93.0,91.0,86.0,37.0,12.0,100.0,100.0,100.0
2025-09-02,太阳总辐射(MJ/m²),0.0,0.0,0.0,0.0,0.0,0.0,0.0,0.115,0.576,1.433,2.11,2.7,2.92,2.927,2.74,2.455,2.041,1.375,0.59,0.086,0.0,0.0,0.0,0.0
2025-09-03,气温(℃),27.0,26.7,26.4,26.1,25.7,25.5,25.2,25.7,27.3,29.4,31.0,32.4,33.3,33.7,33.2,31.1,31.8,31.9,30.8,29.1,28.0,28.5,28.1,27.6
2025-09-03,降水量(mm),0.0,0.0,0.0,0.0,0.0,0.0,0.0,0.0,0.1,0.2,0.0,0.0,0.0,0.0,0.0,2.9,0.0,0.0,0.0,0.0,0.0,0.0,0.0,0.0
2025-09-03,风速(km/h),6.9,6.8,5.5,3.7,2.7,2.7,2.7,1.9,4.4,3.5,4.3,5.6,6.0,6.9,9.2,4.0,3.9,4.4,6.8,8.2,7.5,5.7,7.0,7.7
2025-09-03,风向(°),157.0,162.0,169.0,194.0,203.0,203.0,82.0,17.0,30.0,81.0,112.0,119.0,123.0,129.0,132.0,175.0,158.0,117.0,122.0,131.0,145.0,139.0,145.0,143.0
2025-09-03,云量(%),99.0,99.0,25.0,3.0,10.0,77.0,97.0,91.0,98.0,97.0,94.0,71.0,83.0,100.0,100.0,69.0,92.0,99.0,100.0,100.0,100.0,100.0,98.0,95.0
2025-09-03,太阳总辐射(MJ/m²),0.0,0.0,0.0,0.0,0.0,0.0,0.0,0.086,0.601,1.303,2.095,2.714,2.758,2.596,2.257,1.58,1.591,1.26,0.544,0.076,0.0,0.0,0.0,0.0
2025-09-04,气温(℃),27.4,27.1,26.8,26.4,26.0,25.6,25.3,25.9,28.4,29.1,31.0,32.8,33.9,34.6,34.9,35.0,34.5,33.3,31.7,29.8,28.5,28.7,28.2,27.8
2025-09-04,降水量(mm),0.0,0.0,0.0,0.0,0.0,0.0,0.0,0.0,0.0,0.0,0.0,0.0,0.0,0.0,0.0,0.0,0.0,0.0,0.0,0.0,0.0,0.0,0.0,0.0
2025-09-04,风速(km/h),7.4,7.0,5.8,3.4,2.4,3.0,0.8,1.4,1.1,6.8,4.9,5.9,7.1,8.9,9.7,11.0,11.2,10.5,9.8,9.7,8.9,7.4,8.4,7.4
2025-09-04,风向(°),148.0,159.0,154.0,177.0,257.0,284.0,297.0,67.0,162.0,108.0,123.0,117.0,106.0,114.0,124.0,131.0,138.0,155.0,152.0,145.0,144.0,154.0,152.0,151.0
2025-09-04,云量(%),99.0,66.0,3.0,2.0,8.0,7.0,98.0,96.0,24.0,25.0,25.0,18.0,13.0,13.0,60.0,78.0,62.0,84.0,68.0,55.0,80.0,98.0,88.0,98.0
2025-09-04,太阳总辐射(MJ/m²),0.0,0.0,0.0,0.0,0.0,0.0,0.0,0.119,0.72,1.418,2.012,2.603,2.984,3.114,3.046,2.768,2.106,1.372,0.583,0.076,0.0,0.0,0.0,0.0
2025-09-05,气温(℃),27.5,27.2,26.7,26.4,26.1,25.9,25.8,26.3,28.3,30.4,32.0,33.3,34.1,34.9,35.2,35.0,34.4,33.3,31.9,30.4,29.4,29.3,28.7,28.2
2025-09-05,降水量(mm),0.0,0.0,0.0,0.0,0.0,0.0,0.0,0.0,0.0,0.0,0.0,0.0,0.0,0.0,0.0,0.0,0.0,0.0,0.0,0.0,0.0,0.0,0.0,0.0
2025-09-05,风速(km/h),5.9,5.5,5.2,4.4,2.7,1.3,1.5,2.1,1.3,0.9,2.5,6.1,7.6,8.9,10.2,11.9,11.4,10.7,9.9,8.0,7.3,6.3,6.8,6.2
2025-09-05,风向(°),157.0,167.0,176.0,199.0,238.0,188.0,135.0,128.0,188.0,191.0,86.0,93.0,98.0,108.0,108.0,112.0,121.0,135.0,143.0,155.0,160.0,153.0,151.0,154.0
2025-09-05,云量(%),99.0,97.0,33.0,51.0,15.0,85.0,100.0,100.0,100.0,100.0,45.0,21.0,22.0,25.0,8.0,15.0,13.0,18.0,14.0,27.0,4.0,4.0,2.0,0.0
2025-09-05,太阳总辐射(MJ/m²),0.0,0.0,0.0,0.0,0.0,0.0,0.0,0.104,0.608,1.35,2.005,2.671,2.981,3.179,3.046,2.57,2.045,1.303,0.572,0.072,0.0,0.0,0.0,0.0
2025-09-06,气温(℃),27.8,27.3,27.0,26.5,26.2,25.8,25.5,26.4,28.7,30.9,32.4,34.0,35.0,36.1,36.4,36.5,35.9,35.4,34.5,31.8,29.8,31.3,30.2,29.8
2025-09-06,降水量(mm),0.0,0.0,0.0,0.0,0.0,0.0,0.0,0.0,0.0,0.0,0.0,0.0,0.0,0.0,0.0,0.0,0.0,0.0,0.0,0.0,0.0,0.0,0.0,0.0
2025-09-06,风速(km/h),5.0,3.1,1.3,4.0,3.5,1.6,1.3,3.1,1.5,1.3,3.0,5.2,6.1,6.5,7.9,9.8,9.1,7.5,7.4,8.7,11.1,8.4,5.7,8.7
2025-09-06,风向(°),159.0,173.0,262.0,291.0,282.0,243.0,236.0,263.0,353.0,8.0,17.0,31.0,32.0,32.0,43.0,72.0,60.0,63.0,77.0,130.0,141.0,140.0,167.0,128.0
2025-09-06,云量(%),0.0,1.0,1.0,3.0,5.0,5.0,11.0,15.0,28.0,76.0,54.0,84.0,72.0,14.0,44.0,68.0,18.0,6.0,10.0,35.0,5.0,33.0,42.0,24.0
2025-09-06,太阳总辐射(MJ/m²),0.0,0.0,0.0,0.0,0.0,0.0,0.0,0.115,0.713,1.451,1.951,2.711,2.92,3.254,2.92,2.653,2.056,1.325,0.594,0.065,0.0,0.0,0.0,0.0
2025-09-07,气温(℃),29.3,29.0,28.6,28.3,28.1,28.1,27.8,27.9,28.1,28.3,27.1,28.9,31.3,29.1,30.0,29.9,26.9,26.2,26.7,25.5,25.2,25.9,25.9,25.4
2025-09-07,降水量(mm),0.0,0.0,0.0,0.0,0.0,0.0,0.1,0.4,0.6,0.2,2.4,0.1,0.0,2.1,0.1,0.4,5.8,0.5,0.2,1.3,0.7,0.9,0.7,0.6
2025-09-07,风速(km/h),10.3,9.6,8.3,9.0,9.3,9.2,12.2,13.6,13.9,12.5,11.2,15.3,17.2,13.4,15.9,20.6,15.7,14.4,14.2,14.2,15.5,16.8,17.0,18.4
2025-09-07,风向(°),123.0,111.0,103.0,84.0,65.0,57.0,66.0,68.0,63.0,74.0,62.0,72.0,77.0,82.0,85.0,85.0,106.0,78.0,75.0,72.0,61.0,86.0,73.0,81.0
2025-09-07,云量(%),40.0,89.0,82.0,14.0,8.0,36.0,63.0,67.0,86.0,65.0,82.0,77.0,76.0,99.0,57.0,81.0,97.0,85.0,100.0,100.0,100.0,100.0,100.0,100.0
2025-09-07,太阳总辐射(MJ/m²),0.0,0.0,0.0,0.0,0.0,0.0,0.0,0.083,0.576,1.044,1.368,1.346,2.416,2.466,2.218,2.092,1.3,0.284,0.385,0.047,0.0,0.0,0.0,0.0
2025-09-08,气温(℃),24.7,24.8,24.6,24.5,24.6,24.9,25.4,25.7,26.1,25.4,25.7,26.4,27.2,27.0,27.4,27.0,26.8,26.2,26.0,25.8,25.5,25.3,25.3,25.1
2025-09-08,降水量(mm),1.1,2.8,3.5,5.3,8.9,5.2,1.5,0.7,0.2,3.3,2.2,2.2,1.0,1.7,1.7,1.9,0.4,0.3,0.2,0.1,0.2,0.7,0.5,0.3
2025-09-08,风速(km/h),17.5,18.6,21.7,23.7,26.7,26.7,26.0,28.5,30.4,28.7,26.4,29.0,27.5,23.2,23.0,22.9,22.0,22.7,19.5,17.3,18.3,15.1,19.3,15.3
2025-09-08,风向(°),81.0,75.0,66.0,54.0,57.0,70.0,102.0,101.0,113.0,128.0,137.0,145.0,155.0,160.0,173.0,172.0,172.0,166.0,177.0,177.0,173.0,178.0,176.0,168.0
2025-09-08,云量(%),100.0,100.0,100.0,100.0,100.0,100.0,100.0,100.0,100.0,100.0,100.0,100.0,100.0,100.0,100.0,100.0,100.0,100.0,100.0,100.0,100.0,100.0,100.0,100.0
2025-09-08,太阳总辐射(MJ/m²),0.0,0.0,0.0,0.0,0.0,0.0,0.0,0.022,0.148,0.238,0.385,1.105,1.516,1.289,1.577,0.95,1.069,0.58,0.281,0.043,0.0,0.0,0.0,0.0
2025-09-09,气温(℃),25.8,25.6,25.4,25.1,25.2,24.9,24.8,24.8,26.2,27.4,28.9,29.8,30.9,31.7,28.4,29.6,28.3,27.9,27.5,26.6,26.2,26.9,26.9,26.8
2025-09-09,降水量(mm),0.1,0.2,0.3,0.1,0.1,0.6,0.3,0.2,0.1,0.2,0.2,0.2,0.1,0.1,5.0,0.6,0.7,0.1,0.0,0.0,0.0,0.0,0.0,0.0
2025-09-09,风速(km/h),16.8,14.0,14.8,11.9,11.1,11.4,11.9,11.7,11.4,13.1,11.7,12.2,11.2,11.9,10.2,12.6,12.1,9.9,8.9,8.3,7.3,7.4,8.6,8.8
2025-09-09,风向(°),174.0,181.0,179.0,178.0,157.0,153.0,176.0,184.0,167.0,171.0,182.0,188.0,176.0,186.0,204.0,200.0,205.0,184.0,173.0,175.0,171.0,148.0,147.0,134.0
2025-09-09,云量(%),100.0,100.0,100.0,100.0,100.0,100.0,100.0,100.0,100.0,100.0,64.0,79.0,98.0,100.0,98.0,100.0,95.0,93.0,93.0,100.0,92.0,99.0,100.0,100.0
2025-09-09,太阳总辐射(MJ/m²),0.0,0.0,0.0,0.0,0.0,0.0,0.0,0.076,0.497,1.105,1.75,2.412,2.783,2.891,1.969,1.163,0.972,0.85,0.374,0.05,0.0,0.0,0.0,0.0
2025-09-10,气温(℃),26.7,26.6,26.5,25.6,24.6,24.3,24.1,24.9,26.6,28.8,30.1,31.1,31.8,31.7,28.6,29.9,30.0,27.9,27.5,26.6,26.0,25.4,25.2,25.1
2025-09-10,降水量(mm),0.0,0.0,0.0,0.1,0.4,0.0,0.0,0.0,0.2,0.0,0.2,0.1,0.2,0.1,4.4,0.1,0.0,5.3,0.0,0.0,0.0,0.1,0.1,0.0
2025-09-10,风速(km/h),8.5,7.8,8.5,12.4,3.8,2.8,2.0,2.4,2.2,6.7,7.7,5.9,6.7,6.2,5.5,7.9,10.5,7.0,5.8,6.6,7.1,7.1,4.7,5.2
2025-09-10,风向(°),134.0,146.0,151.0,201.0,155.0,101.0,63.0,312.0,222.0,161.0,162.0,182.0,182.0,150.0,171.0,167.0,196.0,170.0,175.0,169.0,186.0,195.0,148.0,124.0
2025-09-10,云量(%),98.0,62.0,86.0,97.0,99.0,98.0,100.0,100.0,100.0,98.0,47.0,52.0,96.0,99.0,100.0,99.0,100.0,100.0,100.0,99.0,100.0,99.0,100.0,100.0
2025-09-10,太阳总辐射(MJ/m²),0.0,0.0,0.0,0.0,0.0,0.0,0.0,0.094,0.594,1.35,2.005,2.297,2.722,2.318,1.112,1.332,1.613,0.997,0.27,0.036,0.0,0.0,0.0,0.0
2025-09-11,气温(℃),24.8,24.5,24.5,24.3,24.2,24.1,24.1,24.7,26.1,29.3,30.6,31.8,32.6,32.5,32.1,31.1,31.4,31.3,29.7,27.9,27.0,27.1,26.7,26.3
2025-09-11,降水量(mm),0.0,0.0,0.0,0.0,0.0,0.0,0.0,0.9,0.0,0.0,0.0,0.0,0.0,0.1,0.1,0.1,0.1,0.0,0.0,0.0,0.0,0.0,0.0,0.0
2025-09-11,风速(km/h),3.1,3.1,2.7,2.2,2.2,0.8,2.1,4.3,1.7,3.3,3.3,3.1,3.1,5.0,6.9,7.3,6.3,8.1,6.9,7.0,6.4,6.8,6.4,6.0
2025-09-11,风向(°),130.0,130.0,157.0,171.0,228.0,297.0,308.0,265.0,77.0,229.0,193.0,126.0,118.0,120.0,141.0,150.0,173.0,175.0,165.0,157.0,148.0,169.0,169.0,173.0
2025-09-11,云量(%),100.0,99.0,100.0,97.0,97.0,98.0,98.0,94.0,57.0,11.0,8.0,51.0,28.0,35.0,95.0,69.0,75.0,64.0,100.0,97.0,93.0,70.0,18.0,27.0
2025-09-11,太阳总辐射(MJ/m²),0.0,0.0,0.0,0.0,0.0,0.0,0.0,0.097,0.547,1.436,2.124,2.7,3.049,3.028,2.743,1.919,1.418,1.271,0.522,0.047,0.0,0.0,0.0,0.0
2025-09-12,气温(℃),26.0,25.8,25.5,25.2,24.9,24.5,24.2,24.8,27.7,29.2,30.0,31.0,31.8,32.3,31.8,31.5,31.1,30.6,29.4,27.5,26.7,27.3,26.9,26.6
2025-09-12,降水量(mm),0.0,0.0,0.0,0.0,0.0,0.0,0.0,0.0,0.0,0.2,0.2,0.0,0.0,0.0,0.1,0.6,0.1,0.0,0.0,0.0,0.0,0.0,0.0,0.0
2025-09-12,风速(km/h),6.1,5.6,5.1,4.7,3.4,2.8,1.9,3.5,1.6,0.8,4.0,4.0,4.2,4.7,6.9,7.6,7.8,8.2,7.3,7.9,7.6,4.7,5.2,5.9
2025-09-12,风向(°),182.0,173.0,174.0,176.0,186.0,207.0,197.0,189.0,243.0,45.0,90.0,87.0,97.0,99.0,105.0,112.0,151.0,151.0,138.0,135.0,152.0,162.0,166.0,160.0
2025-09-12,云量(%),13.0,0.0,0.0,0.0,0.0,0.0,25.0,0.0,50.0,24.0,26.0,28.0,99.0,99.0,37.0,54.0,31.0,18.0,4.0,1.0,8.0,3.0,7.0,0.0
2025-09-12,太阳总辐射(MJ/m²),0.0,0.0,0.0,0.0,0.0,0.0,0.0,0.108,0.702,1.354,2.059,2.52,2.941,2.437,1.796,2.12,1.613,0.983,0.529,0.047,0.0,0.0,0.0,0.0
2025-09-13,气温(℃),26.3,25.8,25.4,25.1,24.9,24.7,24.3,25.0,27.8,29.5,30.6,31.3,32.0,32.5,32.7,32.6,32.0,30.9,29.1,27.8,27.2,27.2,26.7,26.5
2025-09-13,降水量(mm),0.0,0.0,0.0,0.0,0.0,0.0,0.0,0.0,0.0,0.0,0.0,0.0,0.0,0.0,0.0,0.0,0.0,0.0,0.0,0.0,0.0,0.0,0.0,0.0
2025-09-13,风速(km/h),5.6,5.1,4.2,4.5,4.1,4.0,3.5,4.6,2.0,6.0,6.6,7.2,7.2,6.7,6.4,7.4,8.7,10.5,9.7,8.5,7.2,6.8,6.6,6.5
2025-09-13,风向(°),163.0,163.0,173.0,178.0,182.0,190.0,192.0,154.0,175.0,111.0,112.0,115.0,122.0,134.0,140.0,133.0,137.0,139.0,140.0,142.0,155.0,168.0,154.0,156.0
2025-09-13,云量(%),0.0,0.0,0.0,1.0,5.0,10.0,26.0,2.0,4.0,21.0,19.0,14.0,18.0,20.0,24.0,22.0,51.0,49.0,35.0,17.0,5.0,1.0,1.0,0.0
2025-09-13,太阳总辐射(MJ/m²),0.0,0.0,0.0,0.0,0.0,0.0,0.0,0.108,0.716,1.386,2.138,2.614,2.887,2.959,2.826,2.365,1.832,1.094,0.464,0.036,0.0,0.0,0.0,0.0
2025-09-14,气温(℃),26.3,25.9,25.5,25.1,24.7,24.4,24.0,24.4,27.2,29.3,30.8,31.7,32.6,33.1,33.2,32.6,32.0,31.0,29.8,28.2,27.3,27.2,26.7,26.2
2025-09-14,降水量(mm),0.0,0.0,0.0,0.0,0.0,0.0,0.0,0.0,0.0,0.0,0.0,0.0,0.0,0.0,0.0,0.0,0.0,0.0,0.0,0.0,0.0,0.0,0.0,0.0
2025-09-14,风速(km/h),6.1,5.3,4.4,4.0,3.6,2.3,0.4,0.9,0.4,2.1,3.2,3.8,4.1,5.5,6.8,7.7,8.3,9.6,6.8,6.5,6.5,5.0,4.0,4.0
2025-09-14,风向(°),161.0,168.0,187.0,188.0,186.0,209.0,63.0,101.0,333.0,218.0,161.0,135.0,124.0,117.0,125.0,143.0,150.0,164.0,168.0,148.0,148.0,193.0,148.0,170.0
2025-09-14,云量(%),0.0,0.0,0.0,0.0,0.0,0.0,2.0,98.0,3.0,7.0,18.0,18.0,13.0,18.0,23.0,15.0,12.0,23.0,5.0,2.0,0.0,0.0,0.0,0.0
2025-09-14,太阳总辐射(MJ/m²),0.0,0.0,0.0,0.0,0.0,0.0,0.0,0.104,0.673,1.498,2.164,2.56,2.974,3.042,2.898,2.21,1.627,1.116,0.454,0.036,0.0,0.0,0.0,0.0
2025-09-15,气温(℃),25.8,25.5,25.2,24.8,24.6,24.5,24.7,25.3,27.7,29.7,30.6,31.6,32.6,33.4,33.2,32.5,31.5,30.6,29.5,28.5,28.2,27.9,27.9,26.8
2025-09-15,降水量(mm),0.0,0.0,0.0,0.0,0.0,0.0,0.0,0.0,0.0,0.1,0.2,0.0,0.0,0.0,0.5,0.3,0.0,0.0,0.0,0.0,0.0,0.0,0.0,0.1
2025-09-15,风速(km/h),4.8,4.3,3.4,3.1,2.6,2.6,5.0,3.6,1.8,5.6,6.1,5.3,4.0,6.9,10.8,12.1,13.9,11.1,10.8,8.5,9.7,7.1,9.6,12.5
2025-09-15,风向(°),167.0,178.0,205.0,204.0,164.0,129.0,111.0,135.0,96.0,86.0,95.0,102.0,87.0,85.0,95.0,105.0,114.0,119.0,114.0,132.0,112.0,117.0,110.0,120.0
2025-09-15,云量(%),0.0,0.0,0.0,4.0,18.0,99.0,94.0,19.0,15.0,13.0,79.0,27.0,19.0,16.0,28.0,26.0,43.0,29.0,38.0,53.0,95.0,46.0,32.0,40.0
2025-09-15,太阳总辐射(MJ/m²),0.0,0.0,0.0,0.0,0.0,0.0,0.0,0.09,0.623,1.357,1.994,2.268,2.491,3.114,2.812,2.387,1.786,1.04,0.479,0.032,0.0,0.0,0.0,0.0
2025-09-16,气温(℃),26.2,25.9,25.7,25.3,25.2,25.3,25.5,25.7,27.1,27.5,29.2,30.2,31.1,32.1,31.0,30.0,29.8,29.6,29.2,28.4,27.4,27.7,27.2,26.5
2025-09-16,降水量(mm),0.1,0.0,0.0,0.0,0.0,0.1,0.1,0.1,0.1,0.0,0.1,0.2,0.1,0.0,0.5,0.1,0.0,0.0,0.0,0.1,0.2,0.0,0.0,0.2
2025-09-16,风速(km/h),9.5,4.1,2.0,6.2,6.0,5.6,3.0,6.2,7.2,6.0,10.1,10.4,14.8,15.6,16.0,12.6,11.2,9.4,7.2,5.9,6.3,1.6,3.9,5.4
2025-09-16,风向(°),123.0,105.0,360.0,348.0,21.0,105.0,128.0,82.0,71.0,16.0,106.0,98.0,93.0,101.0,116.0,124.0,127.0,138.0,145.0,162.0,178.0,297.0,196.0,176.0
2025-09-16,云量(%),32.0,51.0,76.0,89.0,56.0,100.0,67.0,99.0,100.0,100.0,100.0,100.0,100.0,74.0,100.0,100.0,100.0,100.0,100.0,100.0,100.0,100.0,100.0,100.0
2025-09-16,太阳总辐射(MJ/m²),0.0,0.0,0.0,0.0,0.0,0.0,0.0,0.079,0.486,0.767,1.364,1.822,2.239,2.758,2.556,1.318,1.087,0.652,0.295,0.022,0.0,0.0,0.0,0.0
2025-09-17,气温(℃),25.5,24.8,24.4,24.3,24.2,24.0,24.2,24.7,26.5,29.7,31.5,32.0,32.5,32.2,31.9,31.1,29.4,29.2,28.5,27.4,27.0,27.2,27.1,26.9
2025-09-17,降水量(mm),0.0,0.0,0.0,0.0,0.0,0.0,0.0,0.0,0.0,0.0,0.1,0.0,0.0,1.0,0.6,1.3,1.0,0.1,0.0,0.0,0.0,0.1,0.0,0.0
2025-09-17,风速(km/h),9.7,7.2,5.4,5.6,5.3,6.6,6.4,5.1,4.7,4.2,9.3,10.9,10.2,9.6,10.4,14.2,14.7,10.1,7.4,6.9,7.6,5.9,5.1,4.8
2025-09-17,风向(°),78.0,55.0,34.0,6.0,12.0,13.0,47.0,356.0,50.0,54.0,82.0,81.0,77.0,70.0,80.0,89.0,108.0,100.0,94.0,115.0,115.0,92.0,96.0,70.0
2025-09-17,云量(%),100.0,100.0,100.0,91.0,71.0,94.0,96.0,14.0,26.0,18.0,60.0,60.0,73.0,44.0,93.0,96.0,67.0,86.0,100.0,100.0,84.0,100.0,100.0,100.0
2025-09-17,太阳总辐射(MJ/m²),0.0,0.0,0.0,0.0,0.0,0.0,0.0,0.094,0.684,1.462,2.11,2.333,2.484,2.2,2.718,2.322,1.354,0.997,0.45,0.029,0.0,0.0,0.0,0.0
2025-09-18,气温(℃),26.7,26.1,25.5,25.2,25.0,24.8,24.6,25.0,26.7,29.3,30.8,32.0,32.7,32.9,31.0,31.0,30.8,30.5,29.4,28.3,27.9,28.1,27.7,27.4
2025-09-18,降水量(mm),0.0,0.0,0.0,0.0,0.0,0.0,0.0,0.0,0.0,0.0,0.2,0.0,0.0,0.0,1.5,0.2,0.2,0.1,0.0,0.0,0.0,0.0,0.0,0.0
2025-09-18,风速(km/h),7.6,7.5,7.0,5.5,5.4,5.7,4.6,5.7,5.4,4.7,7.1,9.8,9.8,9.0,8.7,8.4,7.5,8.8,7.9,5.0,6.3,10.8,10.1,9.9
2025-09-18,风向(°),28.0,46.0,61.0,41.0,21.0,18.0,9.0,351.0,6.0,7.0,41.0,67.0,66.0,57.0,95.0,75.0,57.0,57.0,70.0,71.0,95.0,94.0,79.0,75.0
2025-09-18,云量(%),92.0,70.0,29.0,39.0,55.0,42.0,10.0,2.0,3.0,7.0,46.0,77.0,98.0,95.0,98.0,95.0,66.0,97.0,84.0,73.0,50.0,83.0,36.0,51.0
2025-09-18,太阳总辐射(MJ/m²),0.0,0.0,0.0,0.0,0.0,0.0,0.0,0.097,0.673,1.404,2.117,2.488,2.884,2.876,2.628,1.123,1.732,1.091,0.425,0.029,0.0,0.0,0.0,0.0
2025-09-19,气温(℃),27.1,26.8,26.4,26.0,25.8,25.5,25.2,25.6,27.6,30.1,31.3,32.2,31.7,32.2,32.1,31.5,30.7,29.7,27.5,26.9,26.5,26.5,26.0,25.9
2025-09-19,降水量(mm),0.0,0.0,0.0,0.0,0.0,0.0,0.0,0.0,0.0,0.0,0.1,0.0,0.0,0.0,0.0,0.1,0.3,0.6,1.8,3.7,2.4,0.4,0.6,0.1
2025-09-19,风速(km/h),9.3,7.9,7.0,6.0,6.2,6.9,7.2,8.1,10.0,12.8,14.0,13.5,11.6,11.4,12.8,12.9,14.1,11.5,6.4,6.3,10.3,11.8,15.8,14.3
2025-09-19,风向(°),68.0,51.0,42.0,21.0,12.0,335.0,328.0,328.0,334.0,351.0,353.0,13.0,354.0,345.0,349.0,354.0,343.0,331.0,333.0,333.0,306.0,283.0,299.0,295.0
2025-09-19,云量(%),19.0,11.0,5.0,41.0,19.0,83.0,99.0,92.0,100.0,100.0,100.0,100.0,100.0,100.0,100.0,100.0,100.0,100.0,100.0,100.0,100.0,100.0,100.0,100.0
2025-09-19,太阳总辐射(MJ/m²),0.0,0.0,0.0,0.0,0.0,0.0,0.0,0.09,0.634,1.318,1.944,2.138,1.498,1.148,1.667,1.195,0.936,0.565,0.148,0.004,0.0,0.0,0.0,0.0
2025-09-20,气温(℃),26.1,26.1,25.8,25.4,25.2,25.2,25.3,25.4,26.4,26.4,28.0,28.5,26.5,27.1,26.7,26.5,27.0,26.6,26.3,25.6,25.2,24.7,24.5,24.3
2025-09-20,降水量(mm),0.0,0.0,0.3,0.6,0.3,0.1,0.1,0.1,1.1,0.6,0.1,0.0,3.9,1.8,1.7,1.7,0.1,0.3,0.0,0.0,0.1,2.6,0.3,2.0
2025-09-20,风速(km/h),16.3,14.7,13.7,14.0,13.7,13.2,11.9,13.0,12.1,10.8,9.8,12.0,14.7,10.8,12.0,7.6,8.3,6.5,3.9,2.4,1.1,3.3,4.3,4.1
2025-09-20,风向(°),298.0,292.0,275.0,271.0,268.0,275.0,275.0,270.0,263.0,272.0,275.0,279.0,278.0,281.0,300.0,285.0,300.0,302.0,304.0,243.0,198.0,202.0,195.0,247.0
2025-09-20,云量(%),100.0,100.0,100.0,100.0,100.0,96.0,77.0,86.0,99.0,100.0,100.0,99.0,100.0,100.0,100.0,100.0,100.0,79.0,100.0,100.0,100.0,100.0,100.0,100.0
2025-09-20,太阳总辐射(MJ/m²),0.0,0.0,0.0,0.0,0.0,0.0,0.0,0.058,0.36,0.428,1.264,0.788,0.803,1.066,0.612,0.76,0.99,0.436,0.302,0.011,0.0,0.0,0.0,0.0
2025-09-21,气温(℃),24.0,23.8,24.0,24.1,24.2,24.4,24.6,24.7,25.2,26.3,25.9,26.4,27.0,28.2,29.3,29.9,28.7,27.6,26.8,25.9,25.6,25.5,24.3,24.1
2025-09-21,降水量(mm),3.2,4.7,4.7,5.3,5.0,5.4,4.2,3.5,2.7,0.5,0.9,0.8,0.6,0.2,0.1,0.1,0.5,0.9,0.5,0.1,0.1,0.3,0.6,0.3
2025-09-21,风速(km/h),6.6,5.1,7.1,7.4,8.8,10.7,10.2,6.5,6.6,6.4,9.5,10.8,11.3,12.9,11.3,11.4,11.2,10.8,8.9,8.7,7.9,12.6,6.6,6.2
2025-09-21,风向(°),237.0,231.0,137.0,154.0,145.0,143.0,126.0,132.0,123.0,101.0,119.0,118.0,103.0,113.0,117.0,117.0,108.0,108.0,108.0,114.0,114.0,115.0,154.0,237.0
2025-09-21,云量(%),100.0,100.0,100.0,100.0,100.0,100.0,100.0,100.0,100.0,100.0,100.0,100.0,100.0,100.0,100.0,100.0,100.0,99.0,97.0,99.0,100.0,100.0,99.0,87.0
2025-09-21,太阳总辐射(MJ/m²),0.0,0.0,0.0,0.0,0.0,0.0,0.0,0.007,0.119,0.432,0.41,0.839,1.433,1.699,2.189,1.789,0.63,0.77,0.313,0.014,0.0,0.0,0.0,0.0
2025-09-22,气温(℃),23.7,23.4,23.6,23.6,23.6,23.6,23.6,24.1,25.4,27.6,29.2,30.2,31.3,32.0,32.2,32.1,31.8,31.3,29.9,28.7,28.1,28.1,27.6,27.1
2025-09-22,降水量(mm),0.0,0.0,0.0,0.0,0.3,0.1,0.0,0.0,0.0,0.0,0.2,0.2,0.0,0.0,0.0,0.0,0.0,0.0,0.0,0.0,0.0,0.0,0.0,0.0
2025-09-22,风速(km/h),2.3,1.8,5.4,6.2,5.1,6.8,6.7,8.4,10.4,8.0,8.6,10.2,9.7,10.5,11.7,11.9,11.1,8.1,4.8,6.8,6.6,11.2,12.0,11.2
2025-09-22,风向(°),252.0,11.0,356.0,339.0,315.0,328.0,326.0,326.0,339.0,354.0,360.0,10.0,10.0,3.0,2.0,6.0,7.0,3.0,340.0,331.0,331.0,349.0,353.0,354.0
2025-09-22,云量(%),99.0,100.0,99.0,97.0,100.0,98.0,99.0,76.0,49.0,36.0,17.0,21.0,12.0,11.0,24.0,19.0,14.0,14.0,9.0,12.0,3.0,3.0,100.0,98.0
2025-09-22,太阳总辐射(MJ/m²),0.0,0.0,0.0,0.0,0.0,0.0,0.0,0.072,0.583,1.274,2.02,2.459,2.812,2.927,2.833,2.311,1.76,1.084,0.407,0.018,0.0,0.0,0.0,0.0
2025-09-23,气温(℃),26.9,26.6,26.3,25.9,25.6,25.5,25.3,25.6,26.9,28.2,27.9,29.5,31.2,31.8,30.8,31.2,30.4,29.5,28.9,28.0,27.6,26.3,25.9,25.9
2025-09-23,降水量(mm),0.0,0.0,0.0,0.0,0.0,0.0,0.0,0.0,0.0,0.0,0.0,0.0,0.1,0.1,2.1,0.3,0.0,0.0,0.1,0.0,0.0,1.0,0.7,0.2
2025-09-23,风速(km/h),11.7,12.4,12.2,11.9,11.6,12.8,12.5,13.4,13.6,15.2,13.0,14.1,18.3,19.3,17.1,19.1,12.8,11.0,12.6,16.5,19.8,22.3,26.3,27.0
2025-09-23,风向(°),356.0,347.0,344.0,338.0,338.0,340.0,337.0,336.0,336.0,346.0,341.0,350.0,6.0,16.0,14.0,357.0,349.0,330.0,2.0,346.0,347.0,346.0,348.0,351.0
2025-09-23,云量(%),100.0,100.0,100.0,99.0,80.0,38.0,7.0,79.0,90.0,100.0,100.0,49.0,82.0,49.0,100.0,100.0,100.0,100.0,100.0,100.0,100.0,100.0,100.0,100.0
2025-09-23,太阳总辐射(MJ/m²),0.0,0.0,0.0,0.0,0.0,0.0,0.0,0.09,0.652,1.375,0.702,1.174,2.549,2.779,2.729,2.023,1.21,0.385,0.259,0.014,0.0,0.0,0.0,0.0
2025-09-24,气温(℃),26.0,26.2,26.0,25.4,24.7,24.7,24.5,24.5,24.3,24.5,24.7,25.0,25.3,25.3,25.6,25.7,25.7,25.6,25.7,25.0,25.3,25.5,24.8,25.2
2025-09-24,降水量(mm),0.2,0.1,0.3,1.4,2.8,2.1,4.9,4.6,4.3,11.7,13.5,7.0,7.4,5.4,4.5,2.4,1.4,1.2,0.5,0.7,0.7,0.4,0.8,0.8
2025-09-24,风速(km/h),29.4,30.5,33.1,38.3,38.1,43.1,45.8,47.2,50.0,48.7,48.6,52.9,50.3,48.9,44.7,40.9,35.5,34.6,31.8,29.0,27.4,25.4,26.6,26.2
2025-09-24,风向(°),353.0,356.0,359.0,360.0,7.0,11.0,16.0,25.0,30.0,37.0,49.0,58.0,73.0,86.0,97.0,105.0,113.0,118.0,122.0,122.0,117.0,120.0,113.0,118.0
2025-09-24,云量(%),100.0,100.0,100.0,100.0,100.0,100.0,100.0,100.0,100.0,100.0,100.0,100.0,100.0,100.0,100.0,100.0,100.0,100.0,100.0,100.0,100.0,100.0,100.0,100.0
2025-09-24,太阳总辐射(MJ/m²),0.0,0.0,0.0,0.0,0.0,0.0,0.0,0.007,0.05,0.058,0.086,0.133,0.209,0.148,0.259,0.457,0.374,0.378,0.101,0.007,0.0,0.0,0.0,0.0
2025-09-25,气温(℃),24.9,25.3,25.1,25.0,25.3,25.6,25.0,25.0,25.6,26.3,27.2,27.5,28.8,28.3,28.4,27.6,27.7,26.6,25.1,25.4,25.1,24.7,24.7,25.3
2025-09-25,降水量(mm),1.4,0.5,2.3,1.6,0.2,0.1,0.4,0.4,0.6,8.7,0.4,0.7,0.3,0.8,0.1,2.3,0.4,0.7,1.0,0.2,0.2,1.0,0.8,0.3
2025-09-25,风速(km/h),25.3,25.0,24.3,24.4,20.8,20.1,19.3,19.6,17.1,17.8,19.9,23.8,20.9,21.3,21.8,16.4,18.9,17.7,16.2,14.6,15.5,15.3,12.4,15.7
2025-09-25,风向(°),124.0,126.0,125.0,123.0,117.0,124.0,130.0,123.0,119.0,111.0,113.0,122.0,121.0,124.0,122.0,128.0,120.0,131.0,121.0,116.0,105.0,108.0,82.0,89.0
2025-09-25,云量(%),100.0,100.0,100.0,100.0,100.0,96.0,99.0,100.0,100.0,100.0,100.0,97.0,98.0,100.0,100.0,100.0,100.0,100.0,100.0,100.0,100.0,100.0,98.0,90.0
2025-09-25,太阳总辐射(MJ/m²),0.0,0.0,0.0,0.0,0.0,0.0,0.0,0.043,0.389,0.576,1.3,2.218,1.926,2.768,1.361,1.465,1.008,0.72,0.169,0.007,0.0,0.0,0.0,0.0
2025-09-26,气温(℃),25.1,25.0,25.1,24.9,24.9,24.8,24.8,25.0,26.3,27.6,28.9,29.5,30.3,31.3,31.8,32.2,32.0,31.4,29.7,28.4,28.0,26.1,25.8,25.6
2025-09-26,降水量(mm),0.1,0.0,0.0,0.0,0.1,0.1,0.1,0.2,0.0,0.0,0.0,0.1,0.1,0.0,0.0,0.0,0.0,0.0,0.0,0.0,0.0,0.1,0.0,0.0
2025-09-26,风速(km/h),13.2,11.0,11.9,12.4,12.2,11.2,10.9,11.7,10.5,12.4,16.8,17.1,17.9,16.1,13.0,11.2,10.3,9.6,9.4,8.4,7.9,3.6,2.7,4.2
2025-09-26,风向(°),85.0,72.0,68.0,66.0,71.0,74.0,83.0,72.0,63.0,77.0,86.0,82.0,84.0,80.0,68.0,71.0,78.0,74.0,58.0,53.0,74.0,60.0,332.0,340.0
2025-09-26,云量(%),98.0,100.0,100.0,100.0,100.0,100.0,100.0,97.0,100.0,100.0,100.0,48.0,100.0,100.0,100.0,99.0,100.0,100.0,96.0,100.0,85.0,83.0,65.0,84.0
2025-09-26,太阳总辐射(MJ/m²),0.0,0.0,0.0,0.0,0.0,0.0,0.0,0.05,0.475,1.141,1.782,2.279,2.765,2.902,2.83,2.401,1.699,0.972,0.32,0.011,0.0,0.0,0.0,0.0
2025-09-27,气温(℃),25.3,25.1,25.2,24.9,25.1,24.9,24.7,25.2,26.6,28.9,29.8,30.9,31.8,32.2,32.3,32.4,32.1,31.0,29.5,28.6,28.2,28.1,27.9,27.4
2025-09-27,降水量(mm),0.0,0.0,0.0,1.7,0.1,0.0,0.0,0.0,0.0,0.0,0.1,0.1,0.1,0.0,0.0,0.0,0.0,0.0,0.0,0.0,0.0,0.0,0.0,0.0
2025-09-27,风速(km/h),3.5,2.7,6.3,11.5,9.5,11.0,7.5,8.4,9.8,12.5,14.8,15.5,15.1,15.9,14.9,15.7,16.6,13.6,12.5,13.2,16.0,11.9,11.4,9.7
2025-09-27,风向(°),9.0,48.0,92.0,107.0,90.0,79.0,53.0,34.0,55.0,60.0,66.0,63.0,70.0,77.0,79.0,85.0,95.0,105.0,113.0,107.0,104.0,108.0,95.0,88.0
2025-09-27,云量(%),100.0,95.0,99.0,100.0,99.0,99.0,99.0,92.0,78.0,47.0,22.0,10.0,17.0,29.0,6.0,17.0,19.0,29.0,44.0,66.0,93.0,86.0,69.0,59.0
2025-09-27,太阳总辐射(MJ/m²),0.0,0.0,0.0,0.0,0.0,0.0,0.0,0.072,0.551,1.346,1.498,2.513,2.873,2.948,2.711,2.477,1.739,1.019,0.342,0.011,0.0,0.0,0.0,0.0
2025-09-28,气温(℃),26.6,26.3,26.5,26.5,26.5,26.4,26.5,26.8,27.8,27.0,26.6,27.3,27.0,27.3,28.2,28.5,29.0,28.6,27.9,27.3,27.1,27.0,26.7,26.6
2025-09-28,降水量(mm),0.0,0.0,0.0,0.0,0.0,0.0,0.0,0.0,0.0,0.6,2.1,0.3,5.9,0.3,0.2,0.0,0.0,0.0,0.0,0.0,0.0,0.0,0.0,0.0
2025-09-28,风速(km/h),7.9,10.6,13.9,15.1,13.9,13.6,13.4,12.6,11.9,15.1,11.9,14.3,8.9,11.9,9.6,10.3,11.0,9.9,8.7,8.4,10.1,8.7,9.1,10.2
2025-09-28,风向(°),69.0,69.0,69.0,70.0,85.0,83.0,82.0,85.0,85.0,119.0,125.0,118.0,99.0,112.0,94.0,92.0,92.0,85.0,85.0,83.0,80.0,85.0,80.0,73.0
2025-09-28,云量(%),69.0,100.0,96.0,1.0,92.0,100.0,100.0,98.0,100.0,99.0,100.0,100.0,100.0,100.0,100.0,100.0,100.0,100.0,100.0,100.0,100.0,100.0,100.0,100.0
2025-09-28,太阳总辐射(MJ/m²),0.0,0.0,0.0,0.0,0.0,0.0,0.0,0.076,0.443,0.648,0.99,1.21,1.764,1.13,1.159,1.3,1.39,0.655,0.216,0.007,0.0,0.0,0.0,0.0
2025-09-29,气温(℃),26.5,26.3,26.0,25.6,25.5,25.6,25.7,26.2,28.1,27.9,29.0,30.5,31.0,31.5,31.8,31.7,31.3,30.3,28.8,27.3,26.5,26.8,26.4,26.1
2025-09-29,降水量(mm),0.0,0.0,0.0,0.0,0.0,0.0,0.0,0.0,0.0,0.0,0.0,0.0,0.0,0.0,0.0,0.0,0.0,0.0,0.0,0.0,0.0,0.0,0.0,0.0
2025-09-29,风速(km/h),10.2,8.3,7.8,7.1,7.1,7.6,7.1,8.3,9.7,13.9,10.1,10.9,11.0,10.0,9.4,9.3,9.5,8.2,6.2,6.6,6.8,5.8,6.3,6.5
2025-09-29,风向(°),72.0,89.0,116.0,106.0,105.0,105.0,111.0,110.0,117.0,114.0,115.0,112.0,109.0,111.0,114.0,117.0,119.0,126.0,144.0,164.0,162.0,160.0,153.0,152.0
2025-09-29,云量(%),100.0,100.0,35.0,23.0,9.0,44.0,100.0,100.0,98.0,99.0,100.0,100.0,100.0,100.0,100.0,100.0,100.0,100.0,63.0,63.0,1.0,100.0,100.0,100.0
2025-09-29,太阳总辐射(MJ/m²),0.0,0.0,0.0,0.0,0.0,0.0,0.0,0.079,0.612,1.134,1.8,2.491,2.758,2.761,2.66,2.275,1.685,1.058,0.346,0.007,0.0,0.0,0.0,0.0
2025-09-30,气温(℃),25.8,25.1,24.9,24.9,25.0,25.2,25.2,25.1,26.1,28.3,29.8,31.0,31.9,32.5,32.8,32.7,32.5,32.0,30.1,28.5,27.8,27.4,26.7,26.2
2025-09-30,降水量(mm),0.0,0.0,0.0,0.0,0.0,0.0,0.0,0.0,0.0,0.0,0.0,0.0,0.0,0.0,0.0,0.0,0.0,0.0,0.0,0.0,0.0,0.0,0.0,0.0
2025-09-30,风速(km/h),4.3,2.8,2.5,3.0,3.6,3.1,2.7,2.0,2.8,2.7,3.1,3.9,2.9,1.7,1.9,1.4,0.2,3.2,4.4,5.1,5.2,6.8,5.4,5.0
2025-09-30,风向(°),178.0,215.0,225.0,218.0,225.0,234.0,228.0,275.0,325.0,4.0,13.0,24.0,30.0,32.0,61.0,40.0,360.0,124.0,117.0,138.0,186.0,191.0,172.0,178.0
2025-09-30,云量(%),85.0,85.0,100.0,100.0,100.0,100.0,100.0,100.0,100.0,100.0,100.0,100.0,100.0,100.0,100.0,100.0,100.0,100.0,77.0,70.0,70.0,87.0,99.0,82.0
2025-09-30,太阳总辐射(MJ/m²),0.0,0.0,0.0,0.0,0.0,0.0,0.0,0.054,0.464,1.274,1.93,2.441,2.826,2.804,2.624,1.969,1.444,0.943,0.32,0.007,0.0,0.0,0.0,0.0
2025-10-01,气温(℃),25.8,25.5,24.4,24.6,24.4,24.4,24.3,24.5,26.8,29.2,30.8,31.6,32.4,33.0,33.2,32.7,32.0,30.9,29.0,27.4,27.1,26.6,26.0,25.4
2025-10-01,降水量(mm),0.0,0.0,0.0,0.0,0.0,0.0,0.0,0.0,0.0,0.0,0.0,0.0,0.0,0.0,0.0,0.0,0.0,0.0,0.0,0.0,0.0,0.0,0.0,0.0
2025-10-01,风速(km/h),4.7,4.0,11.3,4.2,1.8,3.2,3.1,2.9,3.9,2.3,0.6,2.2,4.0,5.3,8.0,9.1,10.1,8.7,7.7,7.9,9.5,8.1,6.2,4.3
2025-10-01,风向(°),189.0,212.0,180.0,168.0,264.0,251.0,280.0,292.0,304.0,288.0,198.0,99.0,100.0,108.0,99.0,104.0,107.0,117.0,131.0,153.0,158.0,162.0,163.0,165.0
2025-10-01,云量(%),100.0,100.0,100.0,99.0,98.0,99.0,99.0,24.0,76.0,97.0,91.0,93.0,100.0,97.0,97.0,98.0,22.0,7.0,66.0,94.0,20.0,39.0,8.0,50.0
2025-10-01,太阳总辐射(MJ/m²),0.0,0.0,0.0,0.0,0.0,0.0,0.0,0.068,0.533,1.393,2.102,2.272,2.57,2.869,2.693,2.246,1.688,1.019,0.328,0.004,0.0,0.0,0.0,0.0
2025-10-02,气温(℃),25.0,24.6,24.2,24.2,24.0,24.0,24.1,24.4,26.6,28.4,29.9,31.0,31.7,32.0,32.4,32.1,31.3,30.0,28.3,27.0,27.0,26.8,26.6,26.4
2025-10-02,降水量(mm),0.0,0.0,0.0,0.0,0.0,0.0,0.0,0.1,0.0,0.1,0.1,0.1,0.0,0.0,0.0,0.0,0.0,0.0,0.0,0.0,0.0,0.0,0.0,0.0
2025-10-02,风速(km/h),3.7,3.1,2.4,2.5,3.1,1.8,0.2,4.7,3.2,4.9,7.1,8.2,8.6,8.6,9.1,9.9,10.5,10.6,9.4,8.9,8.2,8.5,8.3,8.1
2025-10-02,风向(°),169.0,167.0,222.0,262.0,239.0,233.0,90.0,97.0,47.0,84.0,120.0,128.0,129.0,127.0,112.0,111.0,119.0,132.0,145.0,156.0,158.0,145.0,139.0,141.0
2025-10-02,云量(%),72.0,6.0,0.0,0.0,97.0,98.0,99.0,100.0,21.0,19.0,13.0,15.0,19.0,41.0,34.0,30.0,1.0,4.0,0.0,3.0,4.0,2.0,2.0,2.0
2025-10-02,太阳总辐射(MJ/m²),0.0,0.0,0.0,0.0,0.0,0.0,0.0,0.068,0.479,1.292,1.991,2.502,2.743,2.725,2.484,2.34,1.739,1.037,0.328,0.004,0.0,0.0,0.0,0.0
2025-10-03,气温(℃),26.2,25.9,25.7,25.6,25.2,25.1,24.7,25.0,27.1,28.7,30.1,31.2,31.8,32.2,32.0,32.2,32.0,31.0,28.8,27.5,27.1,26.7,26.2,25.8
2025-10-03,降水量(mm),0.0,0.0,0.0,0.0,0.0,0.0,0.0,0.0,0.0,0.0,0.0,0.0,0.0,0.0,0.0,0.0,0.0,0.0,0.0,0.0,0.0,0.0,0.0,0.0
2025-10-03,风速(km/h),7.6,7.2,5.6,4.4,3.3,1.2,0.7,2.8,2.9,5.0,4.9,5.1,5.9,7.4,4.9,3.7,5.3,8.9,8.7,7.3,5.6,5.4,4.2,4.5
2025-10-03,风向(°),137.0,141.0,140.0,142.0,131.0,141.0,360.0,11.0,90.0,103.0,92.0,80.0,90.0,97.0,118.0,133.0,118.0,117.0,128.0,157.0,180.0,195.0,216.0,233.0
2025-10-03,云量(%),1.0,0.0,2.0,3.0,4.0,2.0,3.0,16.0,13.0,13.0,11.0,17.0,27.0,29.0,21.0,6.0,8.0,8.0,2.0,2.0,9.0,2.0,0.0,0.0
2025-10-03,太阳总辐射(MJ/m²),0.0,0.0,0.0,0.0,0.0,0.0,0.0,0.076,0.594,1.26,1.991,2.549,2.797,2.84,2.452,2.149,1.634,0.997,0.302,0.004,0.0,0.0,0.0,0.0
2025-10-04,气温(℃),25.4,25.1,24.8,24.9,24.9,24.9,24.8,25.3,27.1,29.2,31.0,32.2,32.2,31.9,32.2,32.1,28.9,27.1,26.5,25.8,27.1,27.1,26.7,26.7
2025-10-04,降水量(mm),0.0,0.0,0.0,0.0,0.0,0.0,0.0,0.0,0.0,0.0,0.0,0.0,0.0,0.4,2.0,0.0,2.6,3.9,0.5,0.6,0.7,0.0,0.0,0.0
2025-10-04,风速(km/h),4.5,3.9,3.2,3.4,5.2,6.8,7.5,7.8,5.2,7.4,10.1,11.8,13.3,15.0,13.4,12.3,9.6,14.8,12.4,14.7,18.4,19.2,18.5,19.9
2025-10-04,风向(°),223.0,227.0,254.0,270.0,299.0,318.0,333.0,334.0,344.0,357.0,12.0,33.0,62.0,43.0,51.0,60.0,94.0,58.0,56.0,75.0,64.0,60.0,58.0,66.0
2025-10-04,云量(%),0.0,2.0,45.0,84.0,96.0,96.0,47.0,2.0,0.0,0.0,4.0,21.0,37.0,58.0,44.0,62.0,95.0,99.0,100.0,100.0,100.0,67.0,82.0,85.0
2025-10-04,太阳总辐射(MJ/m²),0.0,0.0,0.0,0.0,0.0,0.0,0.0,0.072,0.623,1.379,2.074,2.552,2.801,2.671,2.308,2.102,1.289,0.77,0.108,0.0,0.0,0.0,0.0,0.0
2025-10-05,气温(℃),26.0,25.8,25.6,25.3,25.2,25.2,25.3,25.4,26.9,25.5,26.3,27.1,28.8,28.1,27.9,27.2,25.9,26.5,26.7,26.6,25.9,25.3,25.0,25.2
2025-10-05,降水量(mm),0.3,0.2,0.3,0.3,0.2,0.0,0.3,0.3,0.7,1.3,0.6,0.5,0.0,0.6,0.8,0.4,0.7,0.1,1.1,0.1,0.0,0.5,0.2,0.0
2025-10-05,风速(km/h),20.2,21.1,20.5,22.3,24.0,25.4,25.5,26.5,28.4,31.6,30.4,24.9,23.9,23.3,22.7,27.2,19.3,21.8,20.6,16.8,14.5,16.6,14.8,14.1
2025-10-05,风向(°),78.0,78.0,77.0,80.0,87.0,80.0,85.0,97.0,99.0,123.0,128.0,112.0,114.0,124.0,128.0,125.0,125.0,132.0,132.0,129.0,127.0,141.0,122.0,109.0
2025-10-05,云量(%),97.0,91.0,100.0,100.0,100.0,100.0,100.0,100.0,100.0,100.0,100.0,100.0,100.0,100.0,100.0,100.0,100.0,100.0,100.0,100.0,100.0,94.0,100.0,100.0
2025-10-05,太阳总辐射(MJ/m²),0.0,0.0,0.0,0.0,0.0,0.0,0.0,0.047,0.31,0.713,0.799,1.21,1.051,1.681,2.066,1.555,0.76,0.652,0.227,0.0,0.0,0.0,0.0,0.0
2025-10-06,气温(℃),25.8,26.0,25.9,25.9,25.5,25.2,25.1,25.8,26.8,26.3,28.7,30.0,28.9,30.3,31.1,30.7,30.0,29.1,27.8,26.8,26.6,26.4,26.1,25.9
2025-10-06,降水量(mm),0.0,0.0,0.0,0.0,0.0,0.1,0.1,0.1,0.0,0.8,0.1,0.0,1.5,0.0,0.1,0.0,0.0,0.0,0.0,0.0,0.0,0.0,0.0,0.0
2025-10-06,风速(km/h),15.7,14.3,13.9,14.3,12.5,11.2,11.6,13.2,14.7,18.0,14.9,14.3,11.5,11.3,13.9,13.0,11.8,10.7,8.3,8.9,9.2,8.9,8.6,7.9
2025-10-06,风向(°),118.0,118.0,117.0,111.0,120.0,127.0,114.0,119.0,115.0,133.0,134.0,132.0,136.0,134.0,134.0,132.0,128.0,127.0,136.0,142.0,140.0,130.0,127.0,125.0
2025-10-06,云量(%),100.0,100.0,100.0,99.0,98.0,100.0,92.0,23.0,65.0,62.0,30.0,41.0,65.0,70.0,100.0,100.0,100.0,100.0,52.0,93.0,31.0,0.0,0.0,0.0
2025-10-06,太阳总辐射(MJ/m²),0.0,0.0,0.0,0.0,0.0,0.0,0.0,0.061,0.558,0.99,1.894,2.16,2.545,2.221,2.405,2.196,1.534,0.889,0.252,0.0,0.0,0.0,0.0,0.0
2025-10-07,气温(℃),25.5,25.1,24.6,24.5,24.5,24.4,24.6,24.9,26.1,28.0,29.8,31.2,31.9,32.2,32.3,32.6,32.2,31.6,30.5,29.1,27.7,26.9,26.3,25.8
2025-10-07,降水量(mm),0.0,0.0,0.0,0.0,0.0,0.0,0.0,0.0,0.0,0.0,0.0,0.0,0.0,0.1,0.0,0.0,0.0,0.0,0.0,0.0,0.0,0.0,0.0,0.0
2025-10-07,风速(km/h),6.4,4.2,1.9,3.4,3.0,2.3,4.8,3.8,4.4,3.5,4.2,4.7,3.9,4.5,3.3,4.3,4.6,3.5,1.6,0.9,5.7,7.7,5.6,4.8
2025-10-07,风向(°),130.0,137.0,151.0,108.0,104.0,51.0,27.0,357.0,12.0,351.0,350.0,2.0,34.0,74.0,29.0,45.0,54.0,55.0,84.0,233.0,212.0,196.0,174.0,191.0
2025-10-07,云量(%),0.0,0.0,0.0,98.0,98.0,99.0,99.0,100.0,45.0,27.0,0.0,5.0,17.0,23.0,12.0,14.0,21.0,16.0,10.0,9.0,5.0,20.0,10.0,9.0
2025-10-07,太阳总辐射(MJ/m²),0.0,0.0,0.0,0.0,0.0,0.0,0.0,0.05,0.418,1.12,2.002,2.552,2.79,2.693,2.408,2.138,1.526,0.878,0.245,0.0,0.0,0.0,0.0,0.0
2025-10-08,气温(℃),25.5,25.5,25.4,25.0,24.7,24.6,24.4,24.7,28.2,30.2,31.4,32.0,32.4,33.0,33.4,33.0,31.8,30.6,29.1,28.0,27.9,27.6,27.1,26.6
2025-10-08,降水量(mm),0.0,0.0,0.0,0.0,0.0,0.0,0.0,0.0,0.0,0.0,0.0,0.0,0.0,0.0,0.0,0.0,0.0,0.0,0.0,0.0,0.0,0.0,0.0,0.0
2025-10-08,风速(km/h),5.0,4.8,2.7,3.4,4.0,4.7,2.5,5.0,3.6,6.5,7.1,7.5,8.1,7.9,9.4,9.9,10.3,9.8,7.2,5.5,9.7,7.9,6.9,3.9
2025-10-08,风向(°),206.0,205.0,8.0,43.0,51.0,358.0,352.0,52.0,9.0,66.0,66.0,73.0,73.0,63.0,67.0,88.0,144.0,150.0,143.0,157.0,133.0,131.0,143.0,156.0
2025-10-08,云量(%),0.0,0.0,5.0,98.0,98.0,96.0,8.0,7.0,4.0,2.0,4.0,25.0,19.0,8.0,15.0,38.0,54.0,73.0,45.0,50.0,7.0,4.0,0.0,1.0
2025-10-08,太阳总辐射(MJ/m²),0.0,0.0,0.0,0.0,0.0,0.0,0.0,0.065,0.594,1.346,2.052,2.513,2.563,2.815,2.506,2.099,1.552,0.878,0.227,0.0,0.0,0.0,0.0,0.0
2025-10-09,气温(℃),26.2,26.3,25.0,25.2,25.3,25.2,25.0,25.4,26.2,27.4,28.7,30.5,31.3,31.9,32.2,32.0,31.9,31.0,29.2,28.0,27.7,27.5,27.1,26.5
2025-10-09,降水量(mm),0.0,0.0,0.0,0.0,0.0,0.0,0.0,0.0,0.0,0.4,0.0,0.0,0.0,0.0,0.0,0.2,0.1,0.0,0.0,0.0,0.0,0.0,0.0,0.0
2025-10-09,风速(km/h),3.8,4.2,1.3,2.2,3.5,4.0,3.2,4.8,5.2,7.2,7.9,7.9,9.7,9.9,9.2,7.8,6.2,6.1,7.8,7.4,9.7,3.7,2.1,1.8
2025-10-09,风向(°),109.0,85.0,196.0,145.0,81.0,117.0,117.0,77.0,12.0,84.0,110.0,106.0,93.0,88.0,92.0,95.0,97.0,102.0,148.0,154.0,133.0,151.0,232.0,217.0
2025-10-09,云量(%),44.0,29.0,69.0,57.0,40.0,9.0,34.0,74.0,63.0,55.0,36.0,17.0,13.0,16.0,23.0,27.0,17.0,18.0,17.0,6.0,16.0,9.0,3.0,4.0
2025-10-09,太阳总辐射(MJ/m²),0.0,0.0,0.0,0.0,0.0,0.0,0.0,0.061,0.569,1.282,1.516,2.38,2.732,2.668,2.581,2.052,1.541,0.828,0.223,0.0,0.0,0.0,0.0,0.0
2025-10-10,气温(℃),26.0,25.5,25.2,25.1,25.1,25.0,25.0,25.3,27.1,29.2,30.6,31.9,32.5,33.1,33.2,33.3,32.4,31.4,29.6,28.0,27.3,27.2,27.0,26.8
2025-10-10,降水量(mm),0.0,0.0,0.0,0.0,0.0,0.0,0.0,0.0,0.0,0.1,0.0,0.0,0.0,0.0,0.0,0.0,0.0,0.0,0.0,0.0,0.0,0.0,0.0,0.0
2025-10-10,风速(km/h),1.4,2.3,3.6,3.7,2.8,1.2,1.9,1.9,1.5,3.0,4.6,7.1,8.9,7.6,7.6,7.7,8.0,8.0,9.6,9.6,7.1,6.2,5.7,7.1
2025-10-10,风向(°),247.0,241.0,261.0,241.0,215.0,219.0,209.0,119.0,14.0,73.0,72.0,75.0,77.0,83.0,89.0,101.0,124.0,142.0,160.0,168.0,164.0,173.0,148.0,137.0
2025-10-10,云量(%),0.0,0.0,5.0,18.0,20.0,95.0,76.0,86.0,8.0,22.0,13.0,23.0,22.0,27.0,54.0,57.0,16.0,12.0,13.0,8.0,36.0,5.0,11.0,6.0
2025-10-10,太阳总辐射(MJ/m²),0.0,0.0,0.0,0.0,0.0,0.0,0.0,0.043,0.4,1.278,1.894,2.444,2.689,2.783,2.434,2.038,1.541,0.799,0.223,0.0,0.0,0.0,0.0,0.0
2025-10-11,气温(℃),26.6,26.3,26.2,26.4,26.4,25.8,25.3,25.6,27.0,28.7,30.0,31.0,31.9,32.7,32.8,33.0,32.6,31.1,28.9,28.1,27.5,27.4,27.1,26.8
2025-10-11,降水量(mm),0.0,0.0,0.0,0.0,0.0,0.0,0.1,0.2,0.1,0.1,0.4,0.3,0.1,0.1,0.0,0.0,0.0,0.0,0.0,0.0,0.0,0.0,0.0,0.0
2025-10-11,风速(km/h),7.0,4.7,2.9,4.7,5.2,2.7,2.9,4.5,3.8,5.9,6.6,9.5,10.6,10.0,8.4,8.6,7.6,9.6,10.7,11.5,9.5,9.9,9.1,7.7
2025-10-11,风向(°),136.0,140.0,150.0,92.0,90.0,62.0,60.0,37.0,5.0,50.0,69.0,80.0,89.0,96.0,80.0,89.0,97.0,128.0,144.0,146.0,144.0,132.0,126.0,121.0
2025-10-11,云量(%),3.0,8.0,86.0,58.0,19.0,16.0,28.0,38.0,34.0,23.0,38.0,35.0,11.0,11.0,5.0,11.0,5.0,8.0,2.0,1.0,0.0,1.0,1.0,55.0
2025-10-11,太阳总辐射(MJ/m²),0.0,0.0,0.0,0.0,0.0,0.0,0.0,0.058,0.497,1.199,1.775,2.268,2.592,2.844,2.671,2.232,1.588,0.875,0.227,0.0,0.0,0.0,0.0,0.0
2025-10-12,气温(℃),26.5,26.3,26.0,25.6,25.4,25.1,24.9,25.1,26.2,27.3,28.0,28.7,29.3,29.2,26.3,27.1,27.7,27.6,26.7,26.0,26.2,26.1,26.2,26.0
2025-10-12,降水量(mm),0.0,0.0,0.0,0.2,0.3,0.3,0.1,0.1,0.7,0.9,0.2,0.2,0.1,0.6,0.9,0.2,0.0,0.1,0.1,0.0,0.0,0.1,0.0,0.1
2025-10-12,风速(km/h),5.9,4.2,1.7,0.8,2.3,5.0,3.5,2.3,5.2,7.4,10.1,11.0,9.1,12.9,13.6,8.3,10.1,9.7,9.3,7.9,3.7,5.8,7.6,6.4
2025-10-12,风向(°),108.0,83.0,108.0,315.0,72.0,105.0,75.0,113.0,68.0,91.0,109.0,118.0,112.0,118.0,121.0,103.0,94.0,87.0,109.0,110.0,79.0,74.0,91.0,100.0
2025-10-12,云量(%),69.0,68.0,79.0,85.0,80.0,84.0,81.0,59.0,95.0,100.0,100.0,99.0,100.0,100.0,100.0,100.0,100.0,100.0,100.0,100.0,100.0,100.0,100.0,100.0
2025-10-12,太阳总辐射(MJ/m²),0.0,0.0,0.0,0.0,0.0,0.0,0.0,0.047,0.457,0.698,1.242,1.44,1.584,1.44,0.734,0.612,0.803,0.414,0.133,0.0,0.0,0.0,0.0,0.0
2025-10-13,气温(℃),25.7,25.7,25.4,25.7,25.4,25.4,25.3,25.6,26.9,28.1,29.5,29.6,30.7,29.9,30.3,30.0,29.3,29.0,27.9,27.0,27.4,27.4,27.1,26.8
2025-10-13,降水量(mm),0.0,0.0,0.0,0.0,0.0,0.0,0.0,0.1,4.0,0.1,0.3,0.2,0.1,1.2,0.5,0.5,0.8,0.0,0.0,0.0,0.0,0.0,0.0,0.0
2025-10-13,风速(km/h),7.9,6.9,9.3,7.4,6.9,6.1,6.7,7.8,4.9,7.7,8.1,9.9,9.0,13.9,12.2,11.2,6.5,9.1,4.6,7.9,6.6,7.5,6.5,6.2
2025-10-13,风向(°),89.0,99.0,99.0,91.0,85.0,88.0,85.0,75.0,86.0,123.0,114.0,102.0,93.0,115.0,116.0,108.0,98.0,83.0,39.0,35.0,151.0,150.0,109.0,107.0
2025-10-13,云量(%),100.0,100.0,97.0,100.0,91.0,18.0,43.0,65.0,5.0,59.0,54.0,98.0,100.0,82.0,98.0,88.0,100.0,100.0,99.0,100.0,100.0,98.0,98.0,68.0
2025-10-13,太阳总辐射(MJ/m²),0.0,0.0,0.0,0.0,0.0,0.0,0.0,0.047,0.378,1.181,1.768,2.275,1.847,2.365,1.811,1.328,0.95,0.583,0.169,0.0,0.0,0.0,0.0,0.0
2025-10-14,气温(℃),26.5,26.1,26.1,26.0,25.8,25.6,25.4,25.6,27.3,28.5,29.8,30.5,31.5,32.4,32.2,31.9,31.3,30.3,28.6,27.6,27.5,27.6,27.2,26.6
2025-10-14,降水量(mm),0.0,0.1,0.0,0.0,0.0,0.0,0.0,0.0,0.0,0.1,0.1,0.2,0.0,0.0,0.1,0.0,0.0,0.0,0.0,0.0,0.0,0.0,0.0,0.0
2025-10-14,风速(km/h),6.9,7.3,3.0,4.1,5.9,6.8,7.4,7.7,6.1,7.7,8.2,8.6,10.2,11.4,10.5,10.8,11.2,10.2,8.0,6.9,5.4,4.2,2.8,2.5
2025-10-14,风向(°),99.0,80.0,57.0,56.0,50.0,55.0,61.0,66.0,87.0,99.0,98.0,98.0,111.0,117.0,119.0,122.0,131.0,141.0,149.0,165.0,138.0,155.0,162.0,180.0
2025-10-14,云量(%),45.0,81.0,96.0,52.0,57.0,45.0,35.0,17.0,100.0,98.0,100.0,100.0,100.0,54.0,14.0,16.0,11.0,23.0,7.0,5.0,5.0,2.0,1.0,0.0
2025-10-14,太阳总辐射(MJ/m²),0.0,0.0,0.0,0.0,0.0,0.0,0.0,0.054,0.522,1.037,1.706,2.074,2.455,2.56,2.441,2.124,1.505,0.817,0.202,0.0,0.0,0.0,0.0,0.0
2025-10-15,气温(℃),26.1,25.5,25.2,25.1,25.1,25.1,25.2,25.5,27.2,29.6,30.7,31.4,32.5,33.4,33.8,33.7,33.1,31.9,30.0,28.7,28.4,28.5,28.2,28.0
2025-10-15,降水量(mm),0.0,0.0,0.0,0.0,0.0,0.0,0.0,0.0,0.0,0.0,0.2,0.2,0.0,0.0,0.0,0.0,0.0,0.0,0.0,0.0,0.0,0.0,0.0,0.0
2025-10-15,风速(km/h),1.0,1.1,2.1,5.1,5.5,4.4,4.7,5.9,3.1,5.0,7.1,6.7,6.2,8.0,8.0,9.6,9.5,9.9,9.1,8.1,8.2,7.1,7.8,9.1
2025-10-15,风向(°),239.0,18.0,31.0,48.0,52.0,58.0,40.0,14.0,357.0,69.0,111.0,121.0,102.0,96.0,98.0,94.0,99.0,105.0,120.0,127.0,131.0,126.0,127.0,108.0
2025-10-15,云量(%),0.0,2.0,14.0,26.0,97.0,7.0,3.0,2.0,3.0,14.0,34.0,31.0,22.0,23.0,5.0,13.0,9.0,4.0,1.0,1.0,8.0,28.0,29.0,27.0
2025-10-15,太阳总辐射(MJ/m²),0.0,0.0,0.0,0.0,0.0,0.0,0.0,0.054,0.551,1.26,1.811,2.189,2.578,2.722,2.621,2.167,1.53,0.839,0.198,0.0,0.0,0.0,0.0,0.0
2025-10-16,气温(℃),27.6,27.1,27.0,26.7,26.3,26.0,25.8,26.2,28.1,30.2,31.5,32.3,32.2,32.8,32.9,33.0,32.9,31.9,30.3,29.3,29.2,28.8,28.5,28.1
2025-10-16,降水量(mm),0.0,0.0,0.0,0.0,0.0,0.0,0.0,0.0,0.0,0.0,0.0,0.0,0.1,0.0,0.0,0.0,0.0,0.0,0.0,0.0,0.0,0.0,0.0,0.0
2025-10-16,风速(km/h),9.4,8.9,5.3,4.2,4.2,5.6,6.5,6.9,5.3,7.9,10.6,11.3,9.6,6.7,10.3,8.8,8.7,8.9,8.2,7.5,8.2,7.1,9.8,9.1
2025-10-16,风向(°),98.0,97.0,100.0,54.0,12.0,27.0,32.0,41.0,33.0,60.0,72.0,76.0,87.0,96.0,102.0,105.0,108.0,111.0,122.0,150.0,166.0,133.0,114.0,76.0
2025-10-16,云量(%),7.0,2.0,5.0,3.0,6.0,10.0,11.0,13.0,3.0,9.0,15.0,23.0,29.0,46.0,14.0,48.0,11.0,30.0,34.0,25.0,38.0,18.0,27.0,20.0
2025-10-16,太阳总辐射(MJ/m²),0.0,0.0,0.0,0.0,0.0,0.0,0.0,0.05,0.515,1.224,1.84,2.293,2.322,2.146,2.279,2.034,1.462,0.796,0.184,0.0,0.0,0.0,0.0,0.0
2025-10-17,气温(℃),27.6,27.1,26.4,26.6,25.4,25.0,24.4,24.4,27.4,29.9,31.4,32.6,33.5,34.1,34.0,34.0,33.5,32.5,31.0,29.6,29.2,28.6,28.0,27.6
2025-10-17,降水量(mm),0.0,0.0,0.0,0.1,0.1,0.0,0.0,0.0,0.0,0.0,0.0,0.0,0.0,0.0,0.0,0.0,0.0,0.0,0.0,0.0,0.0,0.0,0.0,0.0
2025-10-17,风速(km/h),6.9,6.2,11.2,5.9,7.2,6.1,6.1,4.0,3.9,9.4,10.3,9.9,9.4,6.8,6.3,7.4,8.1,10.1,9.0,7.8,6.9,5.9,7.6,6.1
2025-10-17,风向(°),51.0,41.0,60.0,67.0,360.0,14.0,2.0,350.0,28.0,72.0,86.0,95.0,95.0,92.0,97.0,96.0,84.0,80.0,89.0,119.0,163.0,162.0,152.0,135.0
2025-10-17,云量(%),5.0,1.0,27.0,50.0,40.0,23.0,7.0,0.0,2.0,8.0,7.0,16.0,13.0,20.0,16.0,21.0,12.0,6.0,14.0,22.0,9.0,6.0,14.0,5.0
2025-10-17,太阳总辐射(MJ/m²),0.0,0.0,0.0,0.0,0.0,0.0,0.0,0.05,0.544,1.289,1.904,2.405,2.578,2.61,2.495,2.041,1.447,0.785,0.187,0.0,0.0,0.0,0.0,0.0
2025-10-18,气温(℃),27.2,26.8,26.2,25.7,25.4,25.2,25.1,25.3,27.6,30.1,32.1,33.5,34.5,35.3,35.1,35.6,35.1,34.1,31.4,29.5,28.7,28.5,28.2,27.8
2025-10-18,降水量(mm),0.0,0.0,0.0,0.0,0.0,0.0,0.0,0.0,0.0,0.0,0.0,0.0,0.0,0.0,0.0,0.0,0.0,0.0,0.0,0.0,0.0,0.0,0.0,0.0
2025-10-18,风速(km/h),4.8,2.4,0.6,4.7,4.6,5.4,6.0,5.1,3.2,5.7,8.4,10.3,10.4,8.8,8.4,9.6,9.5,6.7,8.3,9.3,7.3,5.2,5.1,3.2
2025-10-18,风向(°),117.0,27.0,288.0,317.0,312.0,323.0,344.0,8.0,344.0,11.0,20.0,33.0,44.0,49.0,56.0,53.0,53.0,76.0,136.0,171.0,157.0,158.0,141.0,128.0
2025-10-18,云量(%),5.0,2.0,9.0,16.0,8.0,15.0,95.0,63.0,5.0,10.0,17.0,15.0,9.0,5.0,5.0,13.0,20.0,20.0,33.0,41.0,16.0,5.0,5.0,4.0
2025-10-18,太阳总辐射(MJ/m²),0.0,0.0,0.0,0.0,0.0,0.0,0.0,0.05,0.511,1.246,1.879,2.304,2.657,2.7,2.534,2.113,1.39,0.731,0.166,0.0,0.0,0.0,0.0,0.0
2025-10-19,气温(℃),27.2,26.7,26.7,25.7,25.5,24.8,24.7,24.5,26.7,28.6,30.4,31.7,32.8,33.7,33.1,33.7,33.6,32.7,31.1,30.4,27.5,27.2,26.9,26.3
2025-10-19,降水量(mm),0.0,0.0,0.3,0.0,0.0,0.0,0.0,0.1,0.0,0.0,0.0,0.0,0.0,0.0,0.0,0.0,0.0,0.0,0.0,0.0,0.0,0.0,0.0,0.0
2025-10-19,风速(km/h),2.8,5.6,9.1,14.4,4.4,3.6,10.1,7.0,10.2,12.9,13.7,14.5,15.2,14.7,13.9,13.8,15.1,15.5,13.9,16.4,19.0,16.4,15.5,14.6
2025-10-19,风向(°),11.0,335.0,326.0,2.0,302.0,340.0,20.0,13.0,352.0,9.0,22.0,34.0,40.0,33.0,39.0,32.0,29.0,28.0,38.0,19.0,340.0,357.0,358.0,5.0
2025-10-19,云量(%),2.0,9.0,16.0,29.0,26.0,38.0,28.0,45.0,22.0,33.0,11.0,26.0,5.0,12.0,8.0,11.0,8.0,27.0,88.0,80.0,100.0,95.0,93.0,88.0
2025-10-19,太阳总辐射(MJ/m²),0.0,0.0,0.0,0.0,0.0,0.0,0.0,0.036,0.482,1.21,1.93,2.351,2.657,2.758,2.498,2.146,1.494,0.792,0.158,0.0,0.0,0.0,0.0,0.0
2025-10-20,气温(℃),25.6,24.9,24.7,24.3,24.0,23.6,23.4,23.4,24.4,25.8,26.8,28.1,29.2,31.1,30.1,30.4,29.1,29.0,27.8,26.5,25.8,25.0,24.6,23.1
2025-10-20,降水量(mm),0.0,0.0,0.0,0.0,0.0,0.0,0.0,0.0,0.0,0.0,0.0,0.0,0.0,0.0,0.0,0.0,0.0,0.0,0.0,0.0,0.0,0.0,0.0,0.1
2025-10-20,风速(km/h),14.8,14.4,14.0,14.3,14.8,15.5,16.4,15.6,15.5,17.4,18.3,18.9,19.6,21.1,21.7,21.1,19.8,20.5,21.5,19.7,18.1,19.3,19.5,17.8
2025-10-20,风向(°),5.0,1.0,353.0,354.0,357.0,2.0,4.0,8.0,351.0,7.0,11.0,14.0,15.0,31.0,38.0,35.0,31.0,32.0,30.0,21.0,37.0,22.0,19.0,9.0
2025-10-20,云量(%),66.0,20.0,54.0,77.0,100.0,96.0,88.0,98.0,100.0,100.0,100.0,100.0,100.0,100.0,100.0,100.0,98.0,100.0,100.0,100.0,100.0,100.0,100.0,100.0
2025-10-20,太阳总辐射(MJ/m²),0.0,0.0,0.0,0.0,0.0,0.0,0.0,0.047,0.5,1.066,1.372,1.836,2.124,2.567,2.462,1.462,0.824,0.666,0.083,0.0,0.0,0.0,0.0,0.0
2025-10-21,气温(℃),21.9,21.0,21.4,21.6,21.1,20.9,20.6,20.2,20.2,20.5,21.4,22.2,22.2,21.8,21.2,21.4,20.1,18.8,18.5,18.4,19.3,20.0,19.6,18.8
2025-10-21,降水量(mm),0.0,0.0,0.0,0.0,0.0,0.0,0.0,0.0,0.0,0.0,0.0,0.0,0.4,0.2,0.1,0.0,0.1,0.2,0.1,0.1,0.1,0.0,0.0,0.1
2025-10-21,风速(km/h),17.6,14.5,14.7,18.8,17.4,18.8,17.6,16.2,17.0,17.3,16.9,19.2,17.4,15.8,14.1,16.6,16.5,17.2,14.8,14.8,14.1,16.6,19.9,18.0
2025-10-21,风向(°),352.0,348.0,349.0,351.0,352.0,354.0,359.0,347.0,356.0,356.0,2.0,6.0,7.0,1.0,358.0,9.0,353.0,354.0,351.0,356.0,356.0,20.0,23.0,16.0
2025-10-21,云量(%),100.0,100.0,100.0,100.0,100.0,100.0,100.0,100.0,100.0,100.0,100.0,100.0,100.0,100.0,100.0,100.0,100.0,100.0,100.0,100.0,100.0,100.0,100.0,100.0
2025-10-21,太阳总辐射(MJ/m²),0.0,0.0,0.0,0.0,0.0,0.0,0.0,0.011,0.202,0.338,0.45,0.86,1.307,0.67,0.763,0.439,0.223,0.104,0.04,0.0,0.0,0.0,0.0,0.0
2025-10-22,气温(℃),17.8,17.1,16.9,17.5,17.3,17.2,17.1,17.1,15.0,15.3,16.0,16.5,16.7,16.3,16.0,15.7,15.6,15.4,15.2,14.8,15.0,15.2,15.3,15.3
2025-10-22,降水量(mm),0.3,0.2,0.2,0.1,0.0,0.0,0.0,0.1,0.4,1.4,0.4,0.6,0.8,0.6,0.4,0.6,0.6,0.5,0.7,1.0,0.4,0.1,0.0,0.0
2025-10-22,风速(km/h),15.6,14.6,16.0,15.3,16.7,15.5,15.0,15.1,15.9,17.1,13.9,13.3,16.0,15.9,15.6,17.0,16.4,17.8,16.7,16.0,15.7,13.8,11.9,14.0
2025-10-22,风向(°),8.0,1.0,349.0,352.0,353.0,348.0,353.0,352.0,351.0,356.0,357.0,351.0,358.0,356.0,354.0,353.0,355.0,2.0,2.0,359.0,351.0,353.0,349.0,347.0
2025-10-22,云量(%),100.0,100.0,100.0,100.0,100.0,100.0,100.0,100.0,100.0,100.0,100.0,100.0,100.0,100.0,100.0,100.0,100.0,100.0,100.0,100.0,100.0,100.0,100.0,100.0
2025-10-22,太阳总辐射(MJ/m²),0.0,0.0,0.0,0.0,0.0,0.0,0.0,0.011,0.112,0.23,0.378,0.486,0.698,0.428,0.824,0.367,0.389,0.158,0.025,0.0,0.0,0.0,0.0,0.0
2025-10-23,气温(℃),15.3,15.2,15.6,15.5,15.2,15.2,15.3,15.6,15.2,16.8,18.2,19.4,20.5,20.4,20.7,21.4,21.0,20.4,20.4,20.5,19.9,20.2,20.0,19.7
2025-10-23,降水量(mm),0.0,0.1,0.5,0.2,0.1,0.0,0.0,0.0,0.0,0.0,0.0,0.0,0.0,0.0,0.0,0.0,0.0,0.0,0.0,0.0,0.0,0.0,0.0,0.0
2025-10-23,风速(km/h),13.3,13.1,15.1,14.8,14.4,14.6,14.3,12.8,13.4,14.3,13.2,14.9,16.0,16.6,15.2,15.7,13.7,9.8,10.5,11.0,12.7,13.5,13.6,14.7
2025-10-23,风向(°),342.0,352.0,348.0,354.0,351.0,356.0,355.0,355.0,340.0,345.0,349.0,352.0,358.0,358.0,355.0,357.0,358.0,353.0,356.0,10.0,7.0,23.0,20.0,23.0
2025-10-23,云量(%),100.0,100.0,100.0,100.0,100.0,100.0,100.0,100.0,100.0,100.0,100.0,100.0,100.0,100.0,100.0,100.0,100.0,100.0,100.0,100.0,100.0,98.0,98.0,100.0
2025-10-23,太阳总辐射(MJ/m²),0.0,0.0,0.0,0.0,0.0,0.0,0.0,0.018,0.266,0.572,0.778,0.94,1.674,1.087,1.008,1.13,0.695,0.23,0.058,0.0,0.0,0.0,0.0,0.0
2025-10-24,气温(℃),19.4,19.0,19.4,19.1,18.7,18.6,18.4,18.2,19.1,19.5,20.0,21.0,21.9,22.8,23.5,23.7,23.6,23.1,21.8,21.1,21.0,20.9,20.7,20.5
2025-10-24,降水量(mm),0.0,0.0,0.0,0.0,0.0,0.0,0.0,0.0,0.0,0.0,0.0,0.0,0.0,0.0,0.0,0.0,0.0,0.0,0.0,0.0,0.0,0.0,0.0,0.0
2025-10-24,风速(km/h),13.3,12.2,10.3,10.7,10.7,11.6,11.8,11.9,12.4,14.3,14.2,13.5,14.1,14.3,13.0,12.4,12.4,10.1,7.5,6.3,9.0,6.9,6.9,7.6
2025-10-24,风向(°),23.0,14.0,348.0,348.0,353.0,356.0,354.0,356.0,344.0,353.0,358.0,3.0,6.0,7.0,358.0,358.0,358.0,356.0,343.0,345.0,345.0,355.0,5.0,360.0
2025-10-24,云量(%),99.0,100.0,100.0,100.0,100.0,100.0,100.0,97.0,100.0,100.0,100.0,100.0,93.0,100.0,97.0,100.0,85.0,64.0,99.0,100.0,100.0,81.0,28.0,20.0
2025-10-24,太阳总辐射(MJ/m²),0.0,0.0,0.0,0.0,0.0,0.0,0.0,0.018,0.241,0.432,0.774,0.968,1.213,1.652,1.53,1.339,0.911,0.45,0.115,0.0,0.0,0.0,0.0,0.0
2025-10-25,气温(℃),20.1,19.9,19.6,19.4,19.3,19.2,18.7,18.7,20.6,21.5,22.4,24.1,25.7,26.6,26.6,26.7,27.0,26.4,24.5,23.7,23.0,22.6,22.2,21.9
2025-10-25,降水量(mm),0.0,0.0,0.0,0.0,0.0,0.0,0.0,0.0,0.0,0.0,0.0,0.0,0.0,0.0,0.0,0.0,0.0,0.0,0.0,0.0,0.0,0.0,0.0,0.0
2025-10-25,风速(km/h),7.8,8.3,8.5,8.7,8.4,8.6,9.4,9.6,8.8,10.5,10.4,11.4,11.8,11.0,10.5,9.9,10.1,9.4,7.2,8.3,10.0,8.9,8.5,8.5
2025-10-25,风向(°),356.0,355.0,356.0,8.0,10.0,359.0,360.0,13.0,356.0,7.0,18.0,27.0,27.0,30.0,27.0,38.0,27.0,17.0,12.0,14.0,343.0,351.0,4.0,7.0
2025-10-25,云量(%),12.0,20.0,26.0,54.0,83.0,48.0,5.0,33.0,100.0,100.0,97.0,100.0,95.0,100.0,73.0,14.0,23.0,16.0,4.0,1.0,2.0,5.0,1.0,7.0
2025-10-25,太阳总辐射(MJ/m²),0.0,0.0,0.0,0.0,0.0,0.0,0.0,0.04,0.475,0.522,0.832,1.609,2.236,1.98,1.912,1.454,1.332,0.742,0.14,0.0,0.0,0.0,0.0,0.0
2025-10-26,气温(℃),21.7,21.6,22.2,22.2,21.8,21.3,21.1,21.1,22.2,23.5,24.8,26.4,27.7,28.7,29.3,29.6,29.4,28.6,26.6,25.4,24.5,24.1,23.8,23.1
2025-10-26,降水量(mm),0.0,0.0,0.0,0.0,0.0,0.0,0.0,0.0,0.0,0.0,0.0,0.0,0.0,0.0,0.0,0.0,0.0,0.0,0.0,0.0,0.0,0.0,0.0,0.0
2025-10-26,风速(km/h),8.4,8.5,10.3,9.8,9.9,8.9,9.3,10.6,10.5,12.9,13.6,13.7,13.0,13.0,12.4,12.6,11.9,11.3,7.5,7.2,13.9,12.7,11.4,11.4
2025-10-26,风向(°),11.0,13.0,1.0,13.0,16.0,14.0,9.0,10.0,8.0,19.0,18.0,22.0,28.0,33.0,31.0,31.0,29.0,29.0,27.0,19.0,357.0,16.0,5.0,355.0
2025-10-26,云量(%),10.0,9.0,100.0,1.0,5.0,9.0,31.0,67.0,10.0,19.0,19.0,0.0,44.0,76.0,80.0,18.0,30.0,27.0,99.0,91.0,83.0,82.0,100.0,94.0
2025-10-26,太阳总辐射(MJ/m²),0.0,0.0,0.0,0.0,0.0,0.0,0.0,0.032,0.407,1.163,1.861,2.383,2.707,2.75,2.531,2.095,1.472,0.745,0.14,0.0,0.0,0.0,0.0,0.0
2025-10-27,气温(℃),22.9,22.3,21.3,20.7,20.5,20.3,20.2,20.1,20.7,21.4,23.3,24.2,25.3,26.2,25.0,25.0,24.2,23.2,22.4,22.4,21.7,21.8,21.6,21.6
2025-10-27,降水量(mm),0.0,0.0,0.0,0.0,0.0,0.0,0.0,0.0,0.0,0.0,0.0,0.0,0.0,0.0,0.0,0.0,0.0,0.0,0.0,0.0,0.0,0.0,0.0,0.0
2025-10-27,风速(km/h),11.2,11.9,12.6,11.7,10.6,10.4,9.8,10.0,11.5,12.4,12.8,12.4,11.9,11.9,11.9,11.9,9.5,8.0,7.5,7.4,6.1,3.7,5.9,7.7
2025-10-27,风向(°),359.0,1.0,358.0,1.0,4.0,1.0,6.0,14.0,14.0,16.0,24.0,26.0,29.0,34.0,10.0,25.0,39.0,62.0,66.0,67.0,2.0,281.0,18.0,11.0
2025-10-27,云量(%),81.0,43.0,77.0,100.0,100.0,100.0,100.0,100.0,99.0,84.0,88.0,78.0,51.0,41.0,100.0,100.0,100.0,92.0,98.0,75.0,100.0,84.0,91.0,59.0
2025-10-27,太阳总辐射(MJ/m²),0.0,0.0,0.0,0.0,0.0,0.0,0.0,0.022,0.184,0.558,1.559,1.634,1.958,2.102,1.67,0.673,0.349,0.227,0.097,0.0,0.0,0.0,0.0,0.0
2025-10-28,气温(℃),21.4,21.2,21.4,20.1,19.4,19.4,19.2,19.4,19.0,20.2,21.5,22.1,22.3,23.1,24.6,24.8,24.0,23.1,22.2,21.8,21.1,21.2,21.4,21.5
2025-10-28,降水量(mm),0.0,0.0,0.0,1.9,0.5,0.0,0.0,0.0,0.0,0.0,0.0,0.0,0.0,0.3,0.0,0.0,0.2,0.0,0.0,0.0,0.0,0.0,0.0,0.0
2025-10-28,风速(km/h),8.1,9.3,11.5,13.2,12.8,10.5,9.7,9.8,10.3,9.6,8.7,8.5,9.6,11.6,12.3,11.2,10.5,11.0,8.7,9.6,7.5,6.6,8.9,9.1
2025-10-28,风向(°),25.0,27.0,4.0,10.0,9.0,4.0,357.0,355.0,341.0,354.0,354.0,1.0,3.0,8.0,31.0,40.0,53.0,66.0,56.0,64.0,349.0,29.0,50.0,56.0
2025-10-28,云量(%),52.0,38.0,100.0,91.0,97.0,61.0,100.0,100.0,100.0,66.0,100.0,100.0,100.0,99.0,85.0,100.0,99.0,100.0,100.0,98.0,100.0,100.0,100.0,100.0
2025-10-28,太阳总辐射(MJ/m²),0.0,0.0,0.0,0.0,0.0,0.0,0.0,0.014,0.119,0.648,1.364,1.159,0.835,1.49,0.947,1.238,0.4,0.378,0.104,0.0,0.0,0.0,0.0,0.0
2025-10-29,气温(℃),21.4,20.9,20.4,20.3,20.1,20.6,20.8,20.8,21.2,22.5,24.2,24.9,26.0,25.9,26.1,26.7,27.0,26.7,25.2,24.1,23.4,22.8,22.5,22.0
2025-10-29,降水量(mm),0.0,0.0,0.0,0.0,0.0,0.0,0.0,0.0,0.0,0.0,0.0,0.0,0.0,0.0,0.0,0.0,0.0,0.0,0.0,0.0,0.0,0.0,0.0,0.0
2025-10-29,风速(km/h),9.5,8.0,6.3,7.0,7.0,8.0,8.1,8.1,7.1,7.3,8.8,10.8,11.0,11.7,5.6,3.6,3.6,5.0,4.6,6.1,4.2,2.9,1.5,1.2
2025-10-29,风向(°),39.0,38.0,5.0,1.0,360.0,14.0,18.0,17.0,353.0,23.0,49.0,58.0,65.0,79.0,42.0,49.0,93.0,120.0,135.0,152.0,187.0,202.0,69.0,51.0
2025-10-29,云量(%),100.0,100.0,100.0,100.0,100.0,100.0,100.0,100.0,91.0,86.0,100.0,42.0,100.0,100.0,100.0,100.0,100.0,74.0,99.0,59.0,100.0,100.0,99.0,19.0
2025-10-29,太阳总辐射(MJ/m²),0.0,0.0,0.0,0.0,0.0,0.0,0.0,0.014,0.209,0.709,1.361,1.307,1.966,1.31,0.986,1.008,0.655,0.407,0.094,0.0,0.0,0.0,0.0,0.0
2025-10-30,气温(℃),21.6,21.5,21.5,21.7,21.6,21.7,21.7,21.7,22.8,25.0,26.7,26.8,27.6,28.1,28.1,29.0,28.9,28.4,26.8,25.6,24.1,23.5,23.0,22.6
2025-10-30,降水量(mm),0.0,0.0,0.0,0.0,0.0,0.0,0.0,0.0,0.0,0.0,0.0,0.0,0.0,0.0,0.0,0.0,0.0,0.0,0.0,0.0,0.0,0.0,0.0,0.0
2025-10-30,风速(km/h),1.9,4.4,4.1,4.4,5.8,5.8,6.7,7.3,3.9,6.5,9.3,9.7,8.9,8.6,6.0,4.9,5.2,4.6,6.4,9.0,11.1,8.2,7.4,7.0
2025-10-30,风向(°),343.0,302.0,326.0,330.0,356.0,358.0,344.0,25.0,24.0,34.0,53.0,56.0,61.0,54.0,61.0,54.0,65.0,77.0,63.0,15.0,352.0,350.0,353.0,339.0
2025-10-30,云量(%),100.0,74.0,98.0,99.0,100.0,100.0,94.0,84.0,36.0,45.0,100.0,100.0,69.0,30.0,12.0,5.0,12.0,11.0,11.0,61.0,53.0,29.0,78.0,91.0
2025-10-30,太阳总辐射(MJ/m²),0.0,0.0,0.0,0.0,0.0,0.0,0.0,0.029,0.407,1.037,1.674,1.469,1.969,1.904,2.041,1.894,1.364,0.648,0.115,0.0,0.0,0.0,0.0,0.0
2025-10-31,气温(℃),22.3,22.0,22.2,22.2,22.0,22.1,22.5,22.7,23.8,26.0,27.5,28.8,29.4,29.8,29.6,29.5,28.8,27.7,26.3,25.5,24.4,23.9,23.8,23.4
2025-10-31,降水量(mm),0.0,0.0,0.0,0.0,0.0,0.0,0.0,0.0,0.0,0.0,0.0,0.0,0.0,0.0,0.0,0.0,0.0,0.0,0.0,0.0,0.0,0.0,0.0,0.0
2025-10-31,风速(km/h),6.6,7.4,7.3,7.3,6.9,7.3,8.4,9.2,6.1,8.7,10.4,10.7,10.3,9.6,11.2,10.4,12.1,12.9,12.1,12.4,12.3,11.9,11.8,12.7
2025-10-31,风向(°),327.0,328.0,327.0,330.0,332.0,335.0,351.0,6.0,341.0,13.0,28.0,30.0,33.0,37.0,38.0,23.0,15.0,7.0,3.0,3.0,352.0,3.0,6.0,7.0
2025-10-31,云量(%),92.0,98.0,16.0,18.0,6.0,95.0,99.0,75.0,13.0,23.0,21.0,54.0,34.0,46.0,83.0,100.0,98.0,94.0,100.0,100.0,98.0,91.0,79.0,93.0
2025-10-31,太阳总辐射(MJ/m²),0.0,0.0,0.0,0.0,0.0,0.0,0.0,0.018,0.313,1.138,1.739,2.225,2.196,2.084,2.081,1.184,0.81,0.374,0.076,0.0,0.0,0.0,0.0,0.0
2025-11-01,气温(℃),22.8,22.3,21.8,22.0,21.7,21.5,20.9,19.9,21.6,22.5,23.4,25.4,26.1,27.2,26.2,26.0,25.8,25.4,24.8,24.0,23.8,22.1,21.4,21.5
2025-11-01,降水量(mm),0.0,0.0,0.0,0.0,0.0,0.0,0.1,0.0,0.0,0.0,0.0,0.0,0.0,0.0,0.0,0.0,0.0,0.0,0.0,0.0,0.0,0.0,0.0,0.0
2025-11-01,风速(km/h),14.4,15.2,10.9,10.0,10.4,10.5,12.9,11.2,10.8,11.5,10.8,11.2,10.2,9.4,7.1,7.0,6.2,5.6,7.6,9.8,11.3,9.7,8.0,7.4
2025-11-01,风向(°),10.0,19.0,16.0,14.0,1.0,4.0,6.0,11.0,349.0,1.0,11.0,19.0,31.0,36.0,41.0,32.0,22.0,2.0,356.0,343.0,350.0,350.0,5.0,14.0
2025-11-01,云量(%),98.0,99.0,98.0,48.0,100.0,100.0,86.0,97.0,84.0,100.0,92.0,98.0,99.0,99.0,100.0,100.0,100.0,100.0,100.0,100.0,100.0,100.0,90.0,91.0
2025-11-01,太阳总辐射(MJ/m²),0.0,0.0,0.0,0.0,0.0,0.0,0.0,0.022,0.274,0.904,1.091,2.272,2.099,2.146,1.948,0.605,0.515,0.22,0.047,0.0,0.0,0.0,0.0,0.0
2025-11-02,气温(℃),21.3,21.0,21.4,21.2,21.0,20.9,20.9,20.8,22.4,23.3,24.0,24.5,25.9,26.0,25.7,25.4,25.2,24.0,23.1,22.8,22.5,22.5,21.9,21.3
2025-11-02,降水量(mm),0.0,0.0,0.0,0.0,0.0,0.0,0.0,0.0,0.0,0.0,0.0,0.0,0.0,0.0,0.0,0.0,0.0,0.0,0.0,0.0,0.0,0.0,0.0,0.0
2025-11-02,风速(km/h),6.5,6.7,6.1,7.7,8.6,9.0,11.4,10.7,8.6,10.6,11.3,11.8,11.3,10.8,10.9,11.3,12.7,13.0,12.1,11.9,11.3,8.1,6.6,9.0
2025-11-02,风向(°),357.0,354.0,341.0,342.0,350.0,2.0,13.0,40.0,26.0,39.0,34.0,27.0,27.0,18.0,12.0,10.0,8.0,6.0,359.0,3.0,10.0,12.0,344.0,345.0
2025-11-02,云量(%),85.0,73.0,31.0,5.0,3.0,2.0,5.0,9.0,98.0,97.0,98.0,86.0,100.0,38.0,100.0,100.0,73.0,91.0,100.0,94.0,49.0,39.0,53.0,94.0
2025-11-02,太阳总辐射(MJ/m²),0.0,0.0,0.0,0.0,0.0,0.0,0.0,0.029,0.446,0.796,1.08,1.206,1.948,1.768,1.591,0.994,1.055,0.464,0.083,0.0,0.0,0.0,0.0,0.0
2025-11-03,气温(℃),20.9,21.0,21.4,21.6,21.1,20.9,20.2,19.9,20.5,20.9,21.2,21.9,22.1,22.6,21.7,21.6,21.6,20.7,19.7,19.4,18.6,18.6,18.3,18.4
2025-11-03,降水量(mm),0.0,0.0,0.0,0.0,0.0,0.0,0.0,0.0,0.0,0.0,0.0,0.0,0.0,0.0,1.1,0.0,0.0,0.0,0.0,0.0,0.0,0.8,0.0,0.0
2025-11-03,风速(km/h),9.1,10.5,9.0,9.6,9.9,12.4,12.9,12.4,11.1,11.6,11.6,11.5,12.5,14.7,14.2,14.2,14.6,13.5,12.0,11.5,7.5,10.3,10.4,11.9
2025-11-03,风向(°),352.0,3.0,5.0,9.0,16.0,19.0,16.0,24.0,351.0,355.0,6.0,11.0,15.0,12.0,9.0,4.0,4.0,358.0,351.0,1.0,336.0,337.0,350.0,356.0
2025-11-03,云量(%),63.0,97.0,79.0,91.0,100.0,95.0,93.0,95.0,100.0,100.0,100.0,100.0,100.0,100.0,100.0,100.0,100.0,100.0,98.0,100.0,99.0,62.0,99.0,100.0
2025-11-03,太阳总辐射(MJ/m²),0.0,0.0,0.0,0.0,0.0,0.0,0.0,0.025,0.392,0.277,0.346,0.58,0.666,0.86,0.515,0.367,0.533,0.252,0.036,0.0,0.0,0.0,0.0,0.0
2025-11-04,气温(℃),18.7,18.8,18.6,18.1,17.9,17.7,17.6,17.7,18.0,18.4,18.9,19.9,20.2,20.6,20.0,20.6,20.3,19.7,19.1,18.7,18.3,18.2,18.3,18.5
2025-11-04,降水量(mm),0.0,0.0,0.0,0.0,0.0,0.0,0.3,0.1,0.1,0.0,0.0,0.0,0.0,0.0,0.0,0.0,0.0,0.0,0.0,0.0,0.0,0.0,0.0,0.0
2025-11-04,风速(km/h),10.3,9.9,11.0,10.3,10.1,11.5,10.9,11.0,11.8,12.7,14.3,13.8,13.8,14.0,13.5,14.1,12.5,12.6,11.2,10.7,10.4,6.6,6.3,6.9
2025-11-04,风向(°),2.0,356.0,330.0,338.0,340.0,350.0,354.0,19.0,341.0,352.0,356.0,13.0,9.0,7.0,12.0,10.0,12.0,359.0,356.0,352.0,340.0,327.0,329.0,343.0
2025-11-04,云量(%),100.0,100.0,100.0,100.0,98.0,100.0,100.0,100.0,100.0,100.0,100.0,100.0,100.0,100.0,100.0,100.0,100.0,100.0,100.0,100.0,100.0,100.0,100.0,100.0
2025-11-04,太阳总辐射(MJ/m²),0.0,0.0,0.0,0.0,0.0,0.0,0.0,0.007,0.144,0.338,0.59,0.828,0.803,0.893,1.069,0.785,0.475,0.356,0.043,0.0,0.0,0.0,0.0,0.0
2025-11-05,气温(℃),18.5,18.3,18.2,18.1,17.8,17.8,17.3,17.3,18.7,20.4,22.2,23.8,25.2,26.2,26.3,26.6,26.2,25.6,24.2,23.8,22.9,22.1,21.5,21.0
2025-11-05,降水量(mm),0.0,0.0,0.0,0.0,0.0,0.0,0.0,0.0,0.0,0.0,0.0,0.0,0.0,0.0,0.0,0.0,0.0,0.0,0.0,0.0,0.0,0.0,0.0,0.0
2025-11-05,风速(km/h),7.6,8.8,9.5,9.8,11.6,12.0,12.1,11.2,10.8,9.6,7.0,6.5,6.8,7.8,8.8,10.0,8.4,8.5,6.6,8.2,8.3,7.8,7.9,7.3
2025-11-05,风向(°),357.0,340.0,349.0,343.0,345.0,346.0,348.0,350.0,1.0,8.0,18.0,28.0,35.0,40.0,55.0,51.0,62.0,32.0,13.0,29.0,11.0,13.0,21.0,28.0
2025-11-05,云量(%),99.0,95.0,94.0,98.0,96.0,89.0,72.0,79.0,73.0,25.0,34.0,83.0,72.0,99.0,100.0,89.0,83.0,85.0,87.0,96.0,94.0,88.0,92.0,98.0
2025-11-05,太阳总辐射(MJ/m²),0.0,0.0,0.0,0.0,0.0,0.0,0.0,0.025,0.414,1.109,1.764,2.246,2.552,2.498,2.419,1.516,1.274,0.605,0.101,0.0,0.0,0.0,0.0,0.0
2025-11-06,气温(℃),20.5,20.1,19.4,19.2,18.9,18.7,18.6,18.7,20.2,22.7,24.9,26.2,27.3,28.3,28.4,28.6,28.2,27.2,26.4,25.9,25.0,24.4,24.1,24.2
2025-11-06,降水量(mm),0.0,0.0,0.0,0.0,0.0,0.0,0.0,0.0,0.0,0.0,0.0,0.0,0.0,0.0,0.0,0.0,0.0,0.0,0.0,0.0,0.0,0.0,0.0,0.1
2025-11-06,风速(km/h),8.1,7.3,6.5,6.8,6.7,7.7,7.9,7.6,6.0,6.8,10.1,11.7,11.4,11.5,10.6,10.3,10.2,9.4,8.0,7.7,9.6,9.4,8.6,8.2
2025-11-06,风向(°),18.0,23.0,3.0,3.0,355.0,359.0,16.0,28.0,17.0,35.0,63.0,76.0,59.0,50.0,35.0,41.0,34.0,29.0,52.0,74.0,53.0,59.0,78.0,98.0
2025-11-06,云量(%),91.0,93.0,96.0,77.0,88.0,80.0,74.0,57.0,34.0,3.0,6.0,23.0,64.0,52.0,9.0,18.0,57.0,100.0,100.0,100.0,100.0,87.0,100.0,100.0
2025-11-06,太阳总辐射(MJ/m²),0.0,0.0,0.0,0.0,0.0,0.0,0.0,0.022,0.425,1.123,1.807,2.29,2.516,2.617,2.426,1.966,1.35,0.536,0.029,0.0,0.0,0.0,0.0,0.0
2025-11-07,气温(℃),24.1,24.0,23.4,23.4,23.4,23.5,23.5,23.6,23.7,23.9,24.1,25.8,26.2,26.9,27.0,27.9,27.1,26.9,26.0,25.5,25.4,25.3,25.2,24.9
2025-11-07,降水量(mm),0.0,0.0,0.0,0.0,0.0,0.0,0.0,0.0,0.0,0.2,0.2,0.0,0.0,0.0,0.0,0.0,0.0,0.0,0.0,0.0,0.0,0.0,0.0,0.0
2025-11-07,风速(km/h),7.4,8.5,9.1,10.7,10.9,11.5,13.9,14.5,12.4,12.6,12.2,13.8,13.0,12.5,12.1,13.4,12.1,13.7,12.4,12.0,12.1,11.7,12.1,12.4
2025-11-07,风向(°),112.0,90.0,72.0,78.0,81.0,76.0,76.0,73.0,66.0,71.0,68.0,83.0,80.0,95.0,84.0,95.0,100.0,106.0,106.0,99.0,96.0,89.0,93.0,98.0
2025-11-07,云量(%),100.0,34.0,7.0,89.0,47.0,44.0,100.0,100.0,100.0,100.0,100.0,100.0,100.0,100.0,100.0,100.0,100.0,89.0,100.0,95.0,100.0,100.0,100.0,100.0
2025-11-07,太阳总辐射(MJ/m²),0.0,0.0,0.0,0.0,0.0,0.0,0.0,0.014,0.223,0.511,0.551,1.188,1.163,1.015,0.67,1.318,0.187,0.194,0.036,0.0,0.0,0.0,0.0,0.0
2025-11-08,气温(℃),24.6,24.1,23.8,23.8,23.7,23.5,23.4,23.5,24.7,26.0,27.6,28.3,29.3,30.2,30.7,30.5,30.4,29.8,27.7,26.2,25.1,24.7,24.3,23.9
2025-11-08,降水量(mm),0.0,0.1,0.1,0.0,0.1,0.2,0.1,0.1,0.1,0.1,0.1,0.0,0.0,0.0,0.0,0.0,0.0,0.0,0.0,0.0,0.0,0.0,0.0,0.0
2025-11-08,风速(km/h),11.4,12.1,9.6,10.7,9.9,11.9,12.3,12.4,10.6,13.3,11.5,9.9,7.9,6.7,6.9,6.0,5.5,5.6,7.7,6.9,6.4,4.7,3.4,1.8
2025-11-08,风向(°),97.0,92.0,94.0,96.0,95.0,93.0,94.0,92.0,94.0,99.0,99.0,92.0,90.0,92.0,110.0,97.0,77.0,69.0,106.0,143.0,158.0,152.0,177.0,204.0
2025-11-08,云量(%),81.0,48.0,45.0,60.0,90.0,90.0,93.0,77.0,75.0,84.0,87.0,91.0,84.0,64.0,40.0,11.0,18.0,2.0,13.0,6.0,9.0,21.0,4.0,16.0
2025-11-08,太阳总辐射(MJ/m²),0.0,0.0,0.0,0.0,0.0,0.0,0.0,0.014,0.356,0.878,1.613,1.721,1.786,1.984,1.85,1.289,0.911,0.479,0.086,0.0,0.0,0.0,0.0,0.0
2025-11-09,气温(℃),23.5,23.1,23.7,23.4,23.3,23.4,23.4,23.3,24.7,26.7,28.4,30.0,30.0,30.1,30.8,30.2,29.9,28.8,27.5,27.0,25.3,24.3,23.6,23.0
2025-11-09,降水量(mm),0.0,0.0,0.0,0.0,0.0,0.0,0.0,0.0,0.0,0.0,0.0,0.0,0.0,0.0,0.0,0.0,0.0,0.0,0.0,0.0,0.0,0.0,0.0,0.0
2025-11-09,风速(km/h),1.4,5.4,6.0,6.6,6.8,7.5,9.2,9.0,8.7,9.7,10.7,12.6,11.4,9.7,10.1,11.3,13.9,14.1,15.2,17.3,15.1,12.9,12.3,11.7
2025-11-09,风向(°),270.0,296.0,295.0,299.0,299.0,314.0,340.0,359.0,343.0,4.0,23.0,43.0,49.0,24.0,27.0,9.0,2.0,357.0,4.0,358.0,357.0,16.0,10.0,5.0
2025-11-09,云量(%),97.0,20.0,1.0,0.0,88.0,83.0,91.0,76.0,47.0,41.0,48.0,94.0,79.0,54.0,48.0,47.0,37.0,9.0,83.0,66.0,100.0,100.0,99.0,21.0
2025-11-09,太阳总辐射(MJ/m²),0.0,0.0,0.0,0.0,0.0,0.0,0.0,0.018,0.389,1.076,1.721,2.214,1.768,1.429,1.789,1.206,1.03,0.583,0.086,0.0,0.0,0.0,0.0,0.0
2025-11-10,气温(℃),22.6,22.2,21.9,21.6,21.1,20.6,20.2,20.0,21.3,22.9,24.4,26.0,27.1,27.5,27.0,29.3,28.2,27.1,26.0,24.7,23.5,23.1,22.7,22.2
2025-11-10,降水量(mm),0.0,0.0,0.0,0.0,0.0,0.0,0.0,0.0,0.0,0.0,0.0,0.0,0.0,0.0,0.0,0.0,0.0,0.0,0.0,0.0,0.0,0.0,0.0,0.0
2025-11-10,风速(km/h),12.4,12.6,12.6,12.3,12.7,14.1,13.8,13.7,13.8,14.6,14.9,14.1,14.8,18.0,17.5,18.4,16.8,14.1,14.7,17.1,14.4,14.8,14.2,13.6
2025-11-10,风向(°),2.0,2.0,346.0,348.0,345.0,350.0,353.0,350.0,344.0,358.0,1.0,2.0,4.0,358.0,15.0,19.0,23.0,356.0,338.0,353.0,352.0,358.0,359.0,353.0
2025-11-10,云量(%),71.0,76.0,100.0,98.0,0.0,22.0,100.0,100.0,100.0,100.0,100.0,100.0,100.0,100.0,100.0,96.0,100.0,100.0,100.0,100.0,100.0,100.0,100.0,100.0
2025-11-10,太阳总辐射(MJ/m²),0.0,0.0,0.0,0.0,0.0,0.0,0.0,0.018,0.403,1.058,1.699,2.246,2.513,2.473,2.185,1.35,0.824,0.551,0.086,0.0,0.0,0.0,0.0,0.0
2025-11-11,气温(℃),21.6,21.0,21.2,21.0,20.8,20.5,20.3,20.1,20.9,21.7,22.5,23.2,24.0,24.8,24.5,24.1,24.2,24.3,23.2,22.3,21.4,21.2,20.6,19.9
2025-11-11,降水量(mm),0.0,0.0,0.0,0.0,0.0,0.0,0.0,0.0,0.0,0.0,0.0,0.0,0.0,0.0,0.0,0.0,0.0,0.0,0.0,0.0,0.0,0.0,0.0,0.0
2025-11-11,风速(km/h),13.9,15.7,14.4,15.2,15.4,16.3,17.0,17.0,15.4,18.6,18.7,16.9,16.4,17.9,18.2,19.0,17.7,16.3,16.0,15.5,15.1,15.4,15.5,15.6
2025-11-11,风向(°),347.0,350.0,348.0,346.0,349.0,349.0,351.0,356.0,341.0,345.0,349.0,353.0,347.0,345.0,3.0,355.0,355.0,354.0,337.0,334.0,332.0,337.0,333.0,337.0
2025-11-11,云量(%),100.0,100.0,100.0,100.0,100.0,100.0,100.0,100.0,100.0,100.0,100.0,100.0,100.0,100.0,100.0,100.0,100.0,100.0,100.0,100.0,100.0,97.0,47.0,19.0
2025-11-11,太阳总辐射(MJ/m²),0.0,0.0,0.0,0.0,0.0,0.0,0.0,0.007,0.176,0.475,0.785,1.188,1.465,1.624,1.188,0.565,0.504,0.27,0.054,0.0,0.0,0.0,0.0,0.0
2025-11-12,气温(℃),19.5,19.1,19.5,19.2,18.7,18.3,17.8,17.7,19.1,20.7,22.1,23.4,24.5,24.8,26.9,24.8,24.1,23.9,23.0,22.0,21.0,20.7,20.5,20.4
2025-11-12,降水量(mm),0.0,0.0,0.0,0.0,0.0,0.0,0.0,0.0,0.0,0.0,0.0,0.0,0.0,0.0,0.0,0.0,0.0,0.0,0.0,0.0,0.0,0.0,0.0,0.0
2025-11-12,风速(km/h),15.9,15.8,15.8,16.5,16.8,17.7,16.3,15.0,15.2,18.7,17.9,16.6,16.4,17.9,18.7,18.5,17.4,16.4,14.5,15.2,13.5,13.5,13.9,14.4
2025-11-12,风向(°),340.0,343.0,334.0,342.0,344.0,348.0,353.0,349.0,336.0,349.0,355.0,356.0,358.0,357.0,360.0,358.0,350.0,351.0,329.0,349.0,351.0,356.0,359.0,356.0
2025-11-12,云量(%),100.0,93.0,10.0,3.0,5.0,2.0,5.0,5.0,2.0,0.0,16.0,73.0,92.0,99.0,100.0,97.0,77.0,75.0,27.0,44.0,100.0,100.0,100.0,100.0
2025-11-12,太阳总辐射(MJ/m²),0.0,0.0,0.0,0.0,0.0,0.0,0.0,0.018,0.41,1.105,1.789,2.29,2.57,2.531,2.318,1.501,1.152,0.587,0.065,0.0,0.0,0.0,0.0,0.0
2025-11-13,气温(℃),20.0,19.5,19.4,19.1,19.0,18.6,18.4,18.3,19.2,20.3,21.5,22.4,22.4,23.0,22.4,22.4,20.7,19.9,19.2,18.8,19.1,19.3,19.4,18.6
2025-11-13,降水量(mm),0.0,0.0,0.0,0.0,0.0,0.0,0.0,0.0,0.0,0.0,0.0,0.0,0.0,0.0,0.0,0.0,0.0,0.1,0.1,0.2,0.2,0.0,0.0,0.0
2025-11-13,风速(km/h),15.2,15.2,14.5,14.4,14.3,14.1,14.5,14.4,15.3,15.7,15.0,14.8,14.8,15.1,14.4,14.7,14.2,11.6,9.6,7.7,9.4,9.5,12.2,11.4
2025-11-13,风向(°),354.0,355.0,353.0,352.0,355.0,356.0,354.0,351.0,356.0,6.0,6.0,3.0,3.0,3.0,1.0,11.0,15.0,6.0,3.0,357.0,334.0,1.0,22.0,19.0
2025-11-13,云量(%),100.0,100.0,100.0,100.0,100.0,100.0,100.0,100.0,88.0,51.0,25.0,100.0,100.0,100.0,100.0,100.0,100.0,100.0,100.0,100.0,100.0,100.0,100.0,100.0
2025-11-13,太阳总辐射(MJ/m²),0.0,0.0,0.0,0.0,0.0,0.0,0.0,0.011,0.266,0.857,1.663,1.89,1.541,1.85,1.336,0.929,0.446,0.176,0.018,0.0,0.0,0.0,0.0,0.0
2025-11-14,气温(℃),18.1,17.8,17.3,17.2,17.1,17.1,17.0,16.9,18.2,19.6,20.3,21.8,23.2,24.9,25.4,25.3,25.2,24.5,23.3,23.1,22.2,20.8,20.1,19.7
2025-11-14,降水量(mm),0.0,0.2,0.2,0.6,0.4,0.1,0.0,0.0,0.0,0.1,0.2,0.0,0.0,0.0,0.0,0.0,0.0,0.0,0.0,0.0,0.0,0.0,0.0,0.0
2025-11-14,风速(km/h),10.1,10.0,9.2,9.8,11.4,11.2,11.0,10.8,8.2,9.4,9.3,9.5,9.1,9.8,11.7,10.8,9.6,8.5,5.5,4.8,8.1,5.2,4.9,6.3
2025-11-14,风向(°),12.0,7.0,358.0,353.0,354.0,350.0,346.0,349.0,337.0,359.0,9.0,9.0,15.0,24.0,53.0,38.0,20.0,13.0,11.0,340.0,325.0,338.0,352.0,340.0
2025-11-14,云量(%),100.0,100.0,100.0,100.0,100.0,95.0,45.0,28.0,100.0,100.0,100.0,95.0,35.0,3.0,58.0,98.0,39.0,38.0,99.0,24.0,4.0,2.0,1.0,9.0
2025-11-14,太阳总辐射(MJ/m²),0.0,0.0,0.0,0.0,0.0,0.0,0.0,0.011,0.335,0.756,0.868,1.102,1.411,2.192,2.362,1.26,0.785,0.436,0.058,0.0,0.0,0.0,0.0,0.0
2025-11-15,气温(℃),19.4,19.5,19.1,18.9,19.1,19.0,18.7,18.6,20.2,22.0,22.6,24.3,25.7,26.8,27.3,27.2,26.7,26.1,25.4,24.6,24.0,23.1,22.3,21.9
2025-11-15,降水量(mm),0.0,0.0,0.0,0.0,0.0,0.0,0.0,0.0,0.0,0.0,0.0,0.0,0.0,0.0,0.0,0.0,0.0,0.0,0.0,0.0,0.0,0.0,0.0,0.0
2025-11-15,风速(km/h),5.3,6.7,8.5,6.0,8.3,6.9,6.9,9.1,6.6,7.5,7.8,9.8,10.7,9.0,7.5,7.2,5.9,2.7,1.4,1.5,1.5,3.0,5.4,4.7
2025-11-15,风向(°),348.0,2.0,354.0,25.0,18.0,25.0,14.0,8.0,351.0,20.0,32.0,41.0,49.0,52.0,63.0,63.0,67.0,62.0,67.0,120.0,120.0,142.0,165.0,148.0
2025-11-15,云量(%),88.0,10.0,32.0,79.0,16.0,14.0,23.0,68.0,46.0,99.0,89.0,68.0,4.0,22.0,68.0,91.0,100.0,100.0,100.0,100.0,100.0,100.0,97.0,91.0
2025-11-15,太阳总辐射(MJ/m²),0.0,0.0,0.0,0.0,0.0,0.0,0.0,0.011,0.302,0.752,0.673,1.199,2.027,2.588,2.38,1.541,0.842,0.266,0.047,0.0,0.0,0.0,0.0,0.0
2025-11-16,气温(℃),21.8,21.7,21.1,21.3,21.0,20.5,20.2,19.9,21.5,23.4,24.9,25.9,26.8,27.4,27.6,27.9,27.7,27.0,25.1,23.5,23.1,22.0,20.8,20.3
2025-11-16,降水量(mm),0.0,0.0,0.0,0.0,0.0,0.0,0.0,0.0,0.0,0.0,0.0,0.0,0.0,0.0,0.0,0.0,0.0,0.0,0.0,0.0,0.0,0.0,0.0,0.0
2025-11-16,风速(km/h),4.2,6.3,5.1,5.0,5.8,7.2,7.2,6.3,5.3,7.3,9.0,9.1,8.8,8.6,6.9,7.3,7.3,6.1,4.0,3.9,2.4,1.9,4.1,4.7
2025-11-16,风向(°),121.0,95.0,108.0,90.0,88.0,87.0,77.0,70.0,55.0,60.0,61.0,60.0,62.0,60.0,73.0,70.0,60.0,56.0,85.0,103.0,107.0,158.0,182.0,189.0
2025-11-16,云量(%),84.0,94.0,98.0,97.0,3.0,0.0,0.0,7.0,1.0,0.0,1.0,5.0,2.0,5.0,3.0,1.0,7.0,16.0,6.0,0.0,0.0,1.0,4.0,2.0
2025-11-16,太阳总辐射(MJ/m²),0.0,0.0,0.0,0.0,0.0,0.0,0.0,0.011,0.374,1.048,1.714,2.218,2.509,2.538,2.282,1.897,1.31,0.612,0.079,0.0,0.0,0.0,0.0,0.0
2025-11-17,气温(℃),19.9,19.3,18.8,18.6,18.3,18.3,18.7,19.2,19.9,22.8,25.2,26.1,26.8,27.5,28.1,27.9,27.6,26.7,25.0,24.4,23.4,23.5,23.4,22.3
2025-11-17,降水量(mm),0.0,0.0,0.0,0.0,0.0,0.0,0.0,0.0,0.0,0.0,0.0,0.0,0.0,0.0,0.0,0.0,0.0,0.0,0.0,0.0,0.0,0.0,0.0,0.0
2025-11-17,风速(km/h),4.3,2.9,1.6,2.7,4.0,6.0,6.4,5.8,3.1,5.1,7.4,9.9,9.7,9.8,12.7,12.2,10.8,7.0,5.9,8.7,3.8,5.3,7.5,10.2
2025-11-17,风向(°),195.0,240.0,276.0,356.0,32.0,83.0,72.0,54.0,339.0,36.0,45.0,46.0,40.0,28.0,36.0,41.0,42.0,40.0,40.0,48.0,41.0,18.0,10.0,28.0
2025-11-17,云量(%),0.0,2.0,97.0,97.0,98.0,100.0,98.0,34.0,100.0,23.0,97.0,96.0,82.0,60.0,28.0,29.0,41.0,20.0,33.0,81.0,98.0,100.0,50.0,91.0
2025-11-17,太阳总辐射(MJ/m²),0.0,0.0,0.0,0.0,0.0,0.0,0.0,0.011,0.349,0.85,1.66,1.508,1.49,1.634,1.829,1.638,1.148,0.511,0.065,0.0,0.0,0.0,0.0,0.0
2025-11-18,气温(℃),22.1,21.7,21.7,21.4,20.6,20.1,19.4,18.7,19.1,18.7,19.1,18.2,17.9,16.8,16.7,15.9,14.8,14.1,13.5,13.3,12.7,12.3,12.0,11.9
2025-11-18,降水量(mm),0.0,0.0,0.0,0.0,0.0,0.0,0.0,0.0,0.0,0.0,0.0,0.0,0.0,0.0,0.0,0.0,0.0,0.0,0.0,0.0,0.2,0.4,0.4,0.2
2025-11-18,风速(km/h),11.4,11.2,11.7,13.3,13.0,14.8,16.9,17.3,16.8,18.1,20.8,20.7,21.4,21.6,21.4,21.6,21.2,20.5,18.7,17.8,18.3,18.4,15.8,15.0
2025-11-18,风向(°),33.0,16.0,359.0,359.0,360.0,360.0,1.0,3.0,345.0,354.0,6.0,2.0,360.0,359.0,1.0,357.0,354.0,353.0,2.0,358.0,350.0,356.0,353.0,350.0
2025-11-18,云量(%),98.0,100.0,100.0,100.0,100.0,100.0,100.0,99.0,99.0,83.0,100.0,99.0,100.0,100.0,100.0,100.0,100.0,100.0,100.0,100.0,100.0,100.0,100.0,100.0
2025-11-18,太阳总辐射(MJ/m²),0.0,0.0,0.0,0.0,0.0,0.0,0.0,0.004,0.238,0.382,1.386,1.199,1.642,0.817,0.691,0.648,0.274,0.162,0.022,0.0,0.0,0.0,0.0,0.0
2025-11-19,气温(℃),11.4,11.0,10.9,11.3,11.8,12.0,11.8,11.6,11.9,12.4,13.6,13.9,15.1,14.8,15.7,15.0,14.9,14.8,14.3,14.2,13.6,13.0,12.5,13.1
2025-11-19,降水量(mm),0.5,0.6,0.1,0.3,0.0,0.0,0.0,0.0,0.0,0.0,0.0,0.0,0.0,0.0,0.0,0.0,0.0,0.0,0.0,0.0,0.0,0.0,0.0,0.0
2025-11-19,风速(km/h),14.9,15.5,15.0,16.3,17.2,18.0,16.9,15.5,15.5,15.9,17.0,16.6,16.7,15.9,15.5,14.8,13.0,11.2,10.4,10.3,9.4,7.2,6.7,7.8
2025-11-19,风向(°),353.0,4.0,342.0,354.0,350.0,357.0,351.0,356.0,1.0,4.0,15.0,18.0,22.0,16.0,351.0,360.0,3.0,360.0,1.0,355.0,353.0,356.0,344.0,351.0
2025-11-19,云量(%),100.0,100.0,100.0,100.0,100.0,100.0,100.0,100.0,100.0,86.0,100.0,94.0,100.0,100.0,100.0,100.0,100.0,100.0,100.0,100.0,100.0,63.0,100.0,100.0
2025-11-19,太阳总辐射(MJ/m²),0.0,0.0,0.0,0.0,0.0,0.0,0.0,0.004,0.126,0.328,0.896,0.77,1.613,0.95,1.357,0.504,0.367,0.151,0.022,0.0,0.0,0.0,0.0,0.0
2025-11-20,气温(℃),13.4,13.2,13.3,12.9,12.6,12.1,12.0,11.9,12.0,12.5,13.3,13.9,14.0,14.8,15.8,16.5,16.8,16.5,14.9,13.9,13.9,14.0,14.0,14.1
2025-11-20,降水量(mm),0.0,0.0,0.0,0.0,0.0,0.0,0.0,0.0,0.0,0.0,0.0,0.0,0.0,0.0,0.0,0.0,0.0,0.0,0.0,0.0,0.0,0.0,0.0,0.0
2025-11-20,风速(km/h),9.6,13.9,13.0,11.2,12.1,11.4,12.3,10.2,9.8,11.1,11.3,10.8,10.7,10.9,9.6,8.8,9.0,8.8,6.7,5.2,7.4,3.7,4.4,4.9
2025-11-20,风向(°),352.0,4.0,360.0,358.0,350.0,353.0,357.0,350.0,340.0,352.0,1.0,4.0,9.0,7.0,355.0,2.0,13.0,9.0,5.0,4.0,356.0,14.0,351.0,352.0
2025-11-20,云量(%),98.0,98.0,100.0,100.0,100.0,100.0,100.0,100.0,100.0,100.0,100.0,100.0,100.0,100.0,100.0,100.0,97.0,76.0,32.0,38.0,64.0,98.0,98.0,100.0
2025-11-20,太阳总辐射(MJ/m²),0.0,0.0,0.0,0.0,0.0,0.0,0.0,0.004,0.072,0.302,0.497,0.677,0.562,0.803,0.947,0.94,0.598,0.468,0.065,0.0,0.0,0.0,0.0,0.0
2025-11-21,气温(℃),14.3,14.5,14.2,14.3,14.4,14.0,13.7,13.2,13.4,15.5,16.4,16.5,19.4,19.7,20.4,20.5,20.2,19.6,18.0,16.9,16.6,17.1,16.1,15.7
2025-11-21,降水量(mm),0.0,0.0,0.0,0.0,0.0,0.0,0.0,0.0,0.0,0.0,0.0,0.0,0.0,0.0,0.0,0.0,0.0,0.0,0.0,0.0,0.0,0.0,0.0,0.0
2025-11-21,风速(km/h),6.3,8.7,8.1,9.7,10.8,10.6,11.3,11.5,8.7,11.3,12.1,11.2,12.8,13.3,11.9,12.4,11.7,8.8,6.3,6.4,8.1,9.4,8.5,11.3
2025-11-21,风向(°),358.0,356.0,347.0,359.0,4.0,9.0,8.0,1.0,342.0,2.0,2.0,4.0,15.0,16.0,4.0,10.0,9.0,11.0,24.0,29.0,342.0,349.0,360.0,7.0
2025-11-21,云量(%),100.0,100.0,97.0,100.0,91.0,82.0,59.0,99.0,65.0,85.0,100.0,66.0,79.0,100.0,90.0,92.0,47.0,66.0,4.0,12.0,27.0,27.0,20.0,5.0
2025-11-21,太阳总辐射(MJ/m²),0.0,0.0,0.0,0.0,0.0,0.0,0.0,0.004,0.158,0.842,0.871,0.835,2.11,1.498,0.828,1.181,0.868,0.486,0.068,0.0,0.0,0.0,0.0,0.0
2025-11-22,气温(℃),15.7,15.0,14.0,13.9,13.5,13.1,12.7,12.4,14.3,16.8,19.1,21.0,22.6,23.6,24.3,24.5,24.0,22.8,20.9,19.7,18.7,18.3,17.4,16.6
2025-11-22,降水量(mm),0.0,0.0,0.0,0.0,0.0,0.0,0.0,0.0,0.0,0.0,0.0,0.0,0.0,0.0,0.0,0.0,0.0,0.0,0.0,0.0,0.0,0.0,0.0,0.0
2025-11-22,风速(km/h),11.1,10.4,10.0,9.2,8.4,8.3,8.2,8.1,7.7,8.3,9.1,9.7,10.3,9.9,8.8,9.3,8.9,8.9,8.4,9.6,7.7,8.1,7.0,5.6
2025-11-22,风向(°),14.0,15.0,9.0,12.0,10.0,4.0,351.0,347.0,332.0,358.0,21.0,28.0,35.0,44.0,47.0,46.0,40.0,40.0,20.0,13.0,360.0,5.0,1.0,354.0
2025-11-22,云量(%),0.0,0.0,0.0,1.0,2.0,6.0,2.0,0.0,25.0,9.0,9.0,1.0,0.0,0.0,0.0,0.0,0.0,0.0,1.0,2.0,5.0,2.0,6.0,19.0
2025-11-22,太阳总辐射(MJ/m²),0.0,0.0,0.0,0.0,0.0,0.0,0.0,0.007,0.349,1.004,1.634,2.164,2.527,2.592,2.394,1.966,1.343,0.63,0.079,0.0,0.0,0.0,0.0,0.0
2025-11-23,气温(℃),16.0,15.4,14.4,14.1,13.8,13.4,13.1,13.0,14.6,17.9,20.8,22.8,24.2,25.1,25.8,26.0,25.1,24.4,23.1,22.1,21.8,21.3,20.9,20.9
2025-11-23,降水量(mm),0.0,0.0,0.0,0.0,0.0,0.0,0.0,0.0,0.0,0.0,0.0,0.0,0.0,0.0,0.0,0.0,0.0,0.0,0.0,0.0,0.0,0.0,0.0,0.0
2025-11-23,风速(km/h),6.4,5.5,4.2,4.2,4.6,5.4,5.8,5.9,6.1,5.5,7.2,8.1,8.4,8.5,8.4,8.2,8.3,8.2,7.0,6.4,6.5,5.6,5.4,5.3
2025-11-23,风向(°),350.0,351.0,350.0,355.0,347.0,339.0,344.0,340.0,332.0,349.0,14.0,21.0,23.0,25.0,23.0,23.0,20.0,19.0,21.0,29.0,6.0,354.0,358.0,352.0
2025-11-23,云量(%),13.0,1.0,2.0,4.0,9.0,11.0,10.0,31.0,12.0,7.0,5.0,4.0,9.0,12.0,15.0,100.0,88.0,52.0,61.0,88.0,97.0,97.0,97.0,99.0
2025-11-23,太阳总辐射(MJ/m²),0.0,0.0,0.0,0.0,0.0,0.0,0.0,0.007,0.306,0.961,1.667,2.164,2.47,2.516,2.322,1.739,0.702,0.364,0.058,0.0,0.0,0.0,0.0,0.0
2025-11-24,气温(℃),20.6,20.2,19.0,18.7,18.3,17.8,17.5,17.7,18.9,21.0,22.7,24.0,24.6,25.2,26.8,26.8,26.6,25.5,23.4,22.2,23.1,22.8,22.5,22.1
2025-11-24,降水量(mm),0.0,0.0,0.0,0.0,0.0,0.0,0.0,0.0,0.0,0.0,0.0,0.0,0.0,0.0,0.0,0.0,0.0,0.0,0.0,0.0,0.0,0.0,0.0,0.0
2025-11-24,风速(km/h),5.3,5.5,6.5,6.7,7.4,6.1,7.0,7.2,7.1,6.1,7.2,7.4,8.0,8.9,10.1,11.3,11.4,9.4,8.9,9.2,10.0,11.7,13.2,17.6
2025-11-24,风向(°),342.0,343.0,357.0,352.0,347.0,348.0,350.0,13.0,345.0,360.0,13.0,13.0,10.0,8.0,1.0,1.0,356.0,352.0,342.0,356.0,347.0,357.0,5.0,8.0
2025-11-24,云量(%),100.0,83.0,33.0,42.0,9.0,13.0,97.0,97.0,55.0,61.0,58.0,72.0,77.0,90.0,45.0,21.0,8.0,9.0,21.0,91.0,100.0,100.0,100.0,100.0
2025-11-24,太阳总辐射(MJ/m²),0.0,0.0,0.0,0.0,0.0,0.0,0.0,0.004,0.223,0.713,1.145,1.559,1.422,1.469,1.645,1.67,1.242,0.601,0.076,0.0,0.0,0.0,0.0,0.0
2025-11-25,气温(℃),21.4,20.6,19.9,19.9,19.1,18.3,17.7,17.1,17.5,19.9,21.1,22.4,23.3,24.0,24.4,24.6,24.2,23.1,21.4,20.2,18.8,18.0,17.2,16.8
2025-11-25,降水量(mm),0.0,0.0,0.0,0.0,0.0,0.0,0.0,0.0,0.0,0.0,0.0,0.0,0.0,0.0,0.0,0.0,0.0,0.0,0.0,0.0,0.0,0.0,0.0,0.0
2025-11-25,风速(km/h),17.8,16.9,14.2,16.6,17.8,16.4,17.4,15.7,12.5,15.7,20.3,20.6,20.0,19.2,16.4,16.2,15.7,13.9,11.5,10.0,9.7,11.3,11.3,12.7
2025-11-25,风向(°),11.0,11.0,360.0,4.0,9.0,1.0,6.0,13.0,349.0,9.0,19.0,24.0,23.0,26.0,26.0,27.0,28.0,31.0,35.0,18.0,349.0,358.0,10.0,18.0
2025-11-25,云量(%),100.0,80.0,98.0,99.0,67.0,84.0,45.0,46.0,5.0,0.0,10.0,38.0,99.0,90.0,41.0,16.0,20.0,16.0,0.0,0.0,4.0,2.0,1.0,91.0
2025-11-25,太阳总辐射(MJ/m²),0.0,0.0,0.0,0.0,0.0,0.0,0.0,0.004,0.335,1.015,1.714,2.25,2.567,2.635,2.441,2.009,1.379,0.648,0.079,0.0,0.0,0.0,0.0,0.0
2025-11-26,气温(℃),16.4,15.5,14.8,14.5,13.8,13.0,12.4,12.2,13.3,15.9,18.1,20.1,21.7,22.6,22.9,23.2,22.7,21.7,19.8,18.8,17.5,16.7,16.1,15.4
2025-11-26,降水量(mm),0.0,0.0,0.0,0.0,0.0,0.0,0.0,0.0,0.0,0.0,0.0,0.0,0.0,0.0,0.0,0.0,0.0,0.0,0.0,0.0,0.0,0.0,0.0,0.0
2025-11-26,风速(km/h),12.4,12.5,12.0,10.7,9.6,9.2,8.5,9.0,8.8,9.4,10.2,10.6,10.6,10.5,9.0,9.6,9.6,9.4,8.1,8.3,8.9,11.2,11.4,11.5
2025-11-26,风向(°),17.0,11.0,8.0,12.0,3.0,357.0,356.0,354.0,337.0,2.0,8.0,14.0,19.0,22.0,15.0,23.0,30.0,32.0,24.0,14.0,342.0,345.0,353.0,356.0
2025-11-26,云量(%),100.0,98.0,98.0,100.0,100.0,88.0,19.0,25.0,17.0,72.0,97.0,100.0,100.0,93.0,95.0,95.0,100.0,94.0,41.0,6.0,0.0,0.0,0.0,6.0
2025-11-26,太阳总辐射(MJ/m²),0.0,0.0,0.0,0.0,0.0,0.0,0.0,0.004,0.331,1.03,1.717,2.246,2.552,2.606,2.423,1.991,1.361,0.637,0.079,0.0,0.0,0.0,0.0,0.0
2025-11-27,气温(℃),15.0,14.4,13.5,13.2,12.7,12.9,12.9,12.7,13.8,16.4,18.5,20.1,21.7,22.7,22.5,23.0,22.7,21.6,20.1,19.1,17.9,17.2,16.2,15.3
2025-11-27,降水量(mm),0.0,0.0,0.0,0.0,0.0,0.0,0.0,0.0,0.0,0.0,0.0,0.0,0.0,0.0,0.0,0.0,0.0,0.0,0.0,0.0,0.0,0.0,0.0,0.0
2025-11-27,风速(km/h),11.5,10.5,10.1,10.6,12.8,15.3,15.5,13.8,12.8,11.3,13.5,16.5,19.8,19.8,18.2,17.3,18.1,16.2,15.3,14.0,13.1,12.8,11.0,11.0
2025-11-27,风向(°),360.0,7.0,5.0,2.0,360.0,3.0,8.0,13.0,349.0,359.0,9.0,14.0,19.0,22.0,21.0,24.0,28.0,26.0,25.0,18.0,16.0,15.0,14.0,11.0
2025-11-27,云量(%),99.0,95.0,84.0,66.0,99.0,100.0,100.0,100.0,100.0,100.0,100.0,100.0,100.0,100.0,100.0,100.0,100.0,100.0,100.0,100.0,99.0,100.0,99.0,100.0
2025-11-27,太阳总辐射(MJ/m²),0.0,0.0,0.0,0.0,0.0,0.0,0.0,0.004,0.317,0.979,1.566,1.994,2.365,2.398,2.383,1.94,1.296,0.626,0.079,0.0,0.0,0.0,0.0,0.0
2025-11-28,气温(℃),14.8,14.3,13.7,13.7,13.1,12.4,11.8,11.4,12.5,15.3,17.9,19.8,21.4,22.5,22.6,22.7,22.2,21.1,18.9,17.9,16.3,15.8,15.2,14.5
2025-11-28,降水量(mm),0.0,0.0,0.0,0.0,0.0,0.0,0.0,0.0,0.0,0.0,0.0,0.0,0.0,0.0,0.0,0.0,0.0,0.0,0.0,0.0,0.0,0.0,0.0,0.0
2025-11-28,风速(km/h),12.5,12.3,11.4,11.7,11.9,11.3,10.4,9.0,10.8,9.5,11.2,11.5,11.8,12.0,9.6,9.4,9.1,8.0,5.9,8.4,7.3,7.1,6.6,6.3
2025-11-28,风向(°),11.0,10.0,3.0,1.0,358.0,2.0,2.0,1.0,345.0,2.0,21.0,25.0,28.0,33.0,38.0,48.0,52.0,48.0,27.0,20.0,31.0,41.0,49.0,39.0
2025-11-28,云量(%),100.0,100.0,100.0,100.0,100.0,100.0,98.0,17.0,95.0,100.0,77.0,81.0,98.0,97.0,65.0,79.0,6.0,26.0,75.0,100.0,100.0,98.0,98.0,55.0
2025-11-28,太阳总辐射(MJ/m²),0.0,0.0,0.0,0.0,0.0,0.0,0.0,0.004,0.328,0.968,1.728,2.286,2.599,2.657,2.434,2.009,1.386,0.666,0.083,0.0,0.0,0.0,0.0,0.0
2025-11-29,气温(℃),13.4,12.7,11.9,11.5,11.1,10.8,10.4,10.3,11.7,15.1,18.5,21.1,22.7,23.8,23.8,24.4,24.3,23.4,21.7,20.3,21.1,20.6,20.4,20.2
2025-11-29,降水量(mm),0.0,0.0,0.0,0.0,0.0,0.0,0.0,0.0,0.0,0.0,0.0,0.0,0.0,0.0,0.0,0.0,0.0,0.0,0.0,0.0,0.0,0.0,0.0,0.0
2025-11-29,风速(km/h),5.8,5.6,5.6,5.1,4.7,6.3,5.9,6.2,6.2,4.9,6.7,7.8,5.5,5.4,5.1,5.1,5.1,5.7,4.7,3.1,1.3,2.6,3.8,2.7
2025-11-29,风向(°),26.0,22.0,21.0,17.0,353.0,340.0,342.0,350.0,322.0,360.0,16.0,22.0,36.0,53.0,36.0,45.0,63.0,77.0,113.0,130.0,180.0,129.0,49.0,32.0
2025-11-29,云量(%),16.0,49.0,0.0,0.0,0.0,0.0,1.0,1.0,6.0,0.0,1.0,7.0,20.0,20.0,44.0,34.0,20.0,13.0,9.0,1.0,100.0,100.0,96.0,100.0
2025-11-29,太阳总辐射(MJ/m²),0.0,0.0,0.0,0.0,0.0,0.0,0.0,0.004,0.31,0.965,1.678,2.196,2.459,2.401,2.221,1.577,1.184,0.58,0.072,0.0,0.0,0.0,0.0,0.0
2025-11-30,气温(℃),20.1,20.0,19.5,19.0,18.6,18.0,17.6,18.0,17.6,18.2,19.8,22.0,22.9,23.7,22.3,22.1,21.8,21.2,20.6,20.0,18.8,18.7,18.1,17.6
2025-11-30,降水量(mm),0.0,0.0,0.0,0.0,0.0,0.0,0.0,0.0,0.0,0.0,0.0,0.0,0.0,0.0,0.0,0.0,0.0,0.0,0.0,0.0,0.0,0.0,1.0,0.4
2025-11-30,风速(km/h),3.4,4.2,2.0,3.0,6.4,3.5,6.0,7.4,6.6,6.8,6.2,7.9,8.4,8.7,7.4,7.4,8.4,8.0,7.2,7.6,4.7,4.9,5.0,5.2
2025-11-30,风向(°),106.0,108.0,170.0,52.0,126.0,321.0,353.0,45.0,45.0,55.0,38.0,47.0,47.0,45.0,45.0,41.0,31.0,27.0,39.0,31.0,356.0,356.0,360.0,2.0
2025-11-30,云量(%),100.0,100.0,100.0,99.0,95.0,100.0,100.0,100.0,100.0,100.0,81.0,77.0,61.0,95.0,100.0,100.0,100.0,100.0,98.0,70.0,98.0,47.0,36.0,24.0
2025-11-30,太阳总辐射(MJ/m²),0.0,0.0,0.0,0.0,0.0,0.0,0.0,0.0,0.05,0.191,0.482,1.321,1.429,1.494,1.336,0.432,0.338,0.166,0.018,0.0,0.0,0.0,0.0,0.0
2025-12-01,气温(℃),17.0,16.5,16.8,17.0,17.1,17.2,17.2,17.3,17.9,19.1,20.1,21.1,21.8,22.7,24.3,25.4,25.5,24.8,23.3,22.4,22.1,21.5,20.9,20.5
2025-12-01,降水量(mm),0.0,0.0,0.0,0.0,0.1,0.0,0.0,0.0,0.0,0.0,0.0,0.0,0.0,0.0,0.0,0.0,0.0,0.0,0.0,0.0,0.0,0.0,0.0,0.0
2025-12-01,风速(km/h),3.8,4.8,6.4,5.7,7.0,7.3,5.4,5.7,5.2,6.5,5.5,6.0,6.5,6.5,5.8,5.2,5.0,3.2,1.7,0.4,5.6,7.1,4.4,4.3
2025-12-01,风向(°),11.0,349.0,338.0,316.0,348.0,353.0,358.0,349.0,354.0,346.0,341.0,344.0,346.0,352.0,2.0,27.0,38.0,34.0,342.0,180.0,158.0,153.0,159.0,158.0
2025-12-01,云量(%),13.0,7.0,41.0,100.0,100.0,100.0,100.0,100.0,100.0,100.0,100.0,100.0,100.0,97.0,53.0,19.0,8.0,10.0,17.0,2.0,2.0,0.0,2.0,3.0
2025-12-01,太阳总辐射(MJ/m²),0.0,0.0,0.0,0.0,0.0,0.0,0.0,0.0,0.119,0.259,0.461,0.666,0.734,0.868,1.282,1.602,1.228,0.554,0.072,0.0,0.0,0.0,0.0,0.0
2025-12-02,气温(℃),20.1,19.9,20.6,20.2,20.0,19.8,20.0,20.1,20.4,21.9,24.0,25.0,25.9,26.2,25.4,25.6,25.6,25.1,22.8,21.6,22.0,21.5,20.9,20.3
2025-12-02,降水量(mm),0.0,0.0,0.0,0.1,0.1,0.0,0.1,0.3,0.7,0.2,0.1,0.0,0.0,0.0,0.0,0.0,0.0,0.0,0.0,0.0,0.0,0.8,0.2,0.0
2025-12-02,风速(km/h),3.7,5.9,3.9,2.6,5.5,7.1,5.8,5.5,2.8,4.9,5.2,7.9,8.6,7.7,3.5,2.7,0.4,5.8,10.5,8.1,5.6,6.3,8.5,7.7
2025-12-02,风向(°),151.0,133.0,208.0,12.0,337.0,47.0,90.0,99.0,72.0,86.0,76.0,77.0,88.0,89.0,78.0,58.0,27.0,346.0,4.0,24.0,25.0,15.0,18.0,9.0
2025-12-02,云量(%),11.0,96.0,98.0,96.0,100.0,100.0,100.0,100.0,100.0,29.0,54.0,58.0,100.0,100.0,100.0,99.0,100.0,100.0,54.0,85.0,100.0,100.0,100.0,100.0
2025-12-02,太阳总辐射(MJ/m²),0.0,0.0,0.0,0.0,0.0,0.0,0.0,0.0,0.068,0.418,1.444,1.505,1.721,1.562,1.008,0.918,0.536,0.162,0.029,0.0,0.0,0.0,0.0,0.0
2025-12-03,气温(℃),20.2,20.0,20.4,20.2,19.9,19.4,18.9,18.3,18.3,18.9,20.7,21.6,22.2,23.0,22.8,22.7,22.5,22.3,20.7,19.8,19.8,18.9,17.7,17.1
2025-12-03,降水量(mm),0.0,0.0,0.0,0.4,0.3,0.2,0.0,0.0,0.0,0.1,0.0,0.0,0.0,0.0,0.0,0.0,0.0,0.0,0.0,0.0,0.0,0.0,0.0,0.0
2025-12-03,风速(km/h),9.1,9.3,8.1,9.0,11.1,12.4,12.2,14.2,6.7,7.8,14.0,17.1,16.1,16.5,13.0,12.5,11.1,8.4,6.0,8.1,7.6,7.6,7.2,6.7
2025-12-03,风向(°),14.0,16.0,25.0,26.0,12.0,14.0,19.0,20.0,322.0,7.0,26.0,28.0,25.0,30.0,33.0,37.0,39.0,35.0,29.0,29.0,1.0,353.0,359.0,5.0
2025-12-03,云量(%),100.0,100.0,100.0,100.0,100.0,100.0,98.0,97.0,100.0,100.0,91.0,100.0,100.0,99.0,100.0,100.0,100.0,100.0,98.0,18.0,71.0,9.0,12.0,5.0
2025-12-03,太阳总辐射(MJ/m²),0.0,0.0,0.0,0.0,0.0,0.0,0.0,0.0,0.212,0.191,0.77,1.152,1.559,1.904,1.75,0.803,0.443,0.302,0.054,0.0,0.0,0.0,0.0,0.0
2025-12-04,气温(℃),16.7,16.4,16.2,16.6,16.8,16.3,16.0,15.7,16.9,17.3,18.1,19.0,21.2,22.0,21.4,22.0,21.7,21.0,19.9,19.3,17.9,17.4,16.6,15.9
2025-12-04,降水量(mm),0.0,0.0,0.0,0.0,0.0,0.0,0.0,0.0,0.0,0.0,0.0,0.0,0.0,0.0,0.0,0.0,0.0,0.0,0.0,0.0,0.0,0.0,0.0,0.0
2025-12-04,风速(km/h),7.9,9.4,9.4,8.8,9.6,10.6,8.6,7.9,8.5,9.6,8.7,8.1,8.4,7.7,6.4,5.4,4.9,4.8,1.1,2.4,1.5,3.1,4.2,0.8
2025-12-04,风向(°),13.0,17.0,3.0,358.0,16.0,32.0,22.0,16.0,5.0,8.0,27.0,29.0,48.0,59.0,101.0,96.0,73.0,59.0,72.0,54.0,97.0,156.0,170.0,225.0
2025-12-04,云量(%),5.0,10.0,98.0,100.0,100.0,100.0,100.0,100.0,84.0,100.0,100.0,55.0,4.0,20.0,27.0,52.0,28.0,27.0,27.0,23.0,4.0,13.0,20.0,30.0
2025-12-04,太阳总辐射(MJ/m²),0.0,0.0,0.0,0.0,0.0,0.0,0.0,0.0,0.097,0.324,0.576,0.796,2.149,2.196,2.117,1.62,1.066,0.493,0.068,0.0,0.0,0.0,0.0,0.0
2025-12-05,气温(℃),15.9,16.8,16.7,17.6,17.6,16.7,16.2,16.1,17.1,19.7,21.5,22.9,23.9,24.5,24.4,24.5,24.2,23.4,21.7,20.9,19.4,18.9,17.8,17.0
2025-12-05,降水量(mm),0.0,0.0,0.0,0.0,0.0,0.0,0.0,0.0,0.0,0.0,0.0,0.0,0.0,0.0,0.0,0.0,0.0,0.0,0.0,0.0,0.0,0.0,0.0,0.0
2025-12-05,风速(km/h),4.1,4.2,3.3,1.8,2.8,2.9,3.7,5.8,4.8,5.5,8.1,9.1,9.0,9.1,10.2,10.6,9.0,8.0,6.3,5.2,4.9,4.3,3.0,0.9
2025-12-05,风向(°),308.0,353.0,6.0,294.0,18.0,4.0,11.0,22.0,333.0,27.0,32.0,38.0,29.0,22.0,41.0,43.0,52.0,50.0,63.0,31.0,352.0,17.0,76.0,180.0
2025-12-05,云量(%),100.0,100.0,100.0,100.0,5.0,2.0,0.0,0.0,1.0,1.0,1.0,11.0,23.0,8.0,5.0,3.0,9.0,9.0,23.0,53.0,15.0,9.0,12.0,30.0
2025-12-05,太阳总辐射(MJ/m²),0.0,0.0,0.0,0.0,0.0,0.0,0.0,0.0,0.238,0.864,1.501,1.984,2.203,2.257,2.117,1.804,1.26,0.594,0.072,0.0,0.0,0.0,0.0,0.0
2025-12-06,气温(℃),16.3,15.8,15.5,15.8,16.0,15.9,15.5,15.1,16.3,18.6,20.5,21.9,23.0,23.8,23.8,24.2,23.9,23.4,21.4,19.5,17.8,16.8,15.9,15.3
2025-12-06,降水量(mm),0.0,0.0,0.0,0.0,0.0,0.0,0.0,0.0,0.0,0.0,0.0,0.0,0.0,0.0,0.0,0.0,0.0,0.0,0.0,0.0,0.0,0.0,0.0,0.0
2025-12-06,风速(km/h),1.5,1.9,0.8,2.8,4.0,6.7,6.7,6.7,6.1,6.7,6.8,7.0,7.1,6.7,7.2,7.0,7.4,7.4,5.6,4.8,3.5,2.9,3.6,3.5
2025-12-06,风向(°),201.0,202.0,225.0,145.0,10.0,3.0,19.0,20.0,341.0,24.0,37.0,40.0,45.0,54.0,77.0,93.0,90.0,76.0,94.0,105.0,156.0,191.0,200.0,195.0
2025-12-06,云量(%),2.0,1.0,11.0,5.0,5.0,0.0,2.0,5.0,2.0,0.0,0.0,0.0,0.0,0.0,3.0,14.0,13.0,16.0,1.0,1.0,0.0,0.0,0.0,0.0
2025-12-06,太阳总辐射(MJ/m²),0.0,0.0,0.0,0.0,0.0,0.0,0.0,0.0,0.238,0.875,1.53,2.07,2.39,2.47,2.297,1.8,1.141,0.554,0.072,0.0,0.0,0.0,0.0,0.0
2025-12-07,气温(℃),14.9,14.6,14.1,13.8,13.4,13.4,13.6,13.7,14.9,16.4,19.6,22.6,23.8,24.2,24.6,25.1,24.6,23.7,22.8,21.7,22.0,21.8,21.1,20.5
2025-12-07,降水量(mm),0.0,0.0,0.0,0.0,0.0,0.0,0.0,0.0,0.0,0.0,0.0,0.0,0.0,0.0,0.0,0.0,0.0,0.0,0.0,0.0,0.0,0.0,0.0,0.0
2025-12-07,风速(km/h),3.0,1.9,3.1,2.2,3.5,4.8,2.8,2.0,4.0,4.7,4.9,7.6,9.6,10.0,8.4,8.6,8.7,8.9,9.0,7.9,4.0,3.2,3.3,4.1
2025-12-07,风向(°),194.0,202.0,220.0,235.0,294.0,312.0,285.0,225.0,321.0,337.0,360.0,22.0,23.0,28.0,48.0,51.0,58.0,72.0,91.0,86.0,63.0,47.0,6.0,358.0
2025-12-07,云量(%),0.0,0.0,94.0,96.0,98.0,100.0,100.0,100.0,100.0,100.0,0.0,55.0,88.0,9.0,77.0,29.0,15.0,98.0,47.0,73.0,98.0,37.0,23.0,20.0
2025-12-07,太阳总辐射(MJ/m²),0.0,0.0,0.0,0.0,0.0,0.0,0.0,0.0,0.151,0.544,1.192,2.059,2.203,1.696,2.185,1.793,1.264,0.587,0.05,0.0,0.0,0.0,0.0,0.0
2025-12-08,气温(℃),20.2,20.0,19.6,19.1,18.4,17.4,17.0,16.9,17.9,20.2,22.2,23.6,24.8,25.6,25.9,25.9,25.4,24.3,22.3,21.2,20.1,19.1,18.3,17.5
2025-12-08,降水量(mm),0.0,0.0,0.0,0.0,0.0,0.0,0.0,0.0,0.0,0.0,0.0,0.0,0.0,0.0,0.0,0.0,0.0,0.0,0.0,0.0,0.0,0.0,0.0,0.0
2025-12-08,风速(km/h),5.8,6.8,7.1,8.2,9.2,10.2,11.4,12.1,11.4,10.5,13.8,14.5,13.5,13.0,11.6,11.9,12.6,10.7,9.2,8.7,7.1,6.2,5.1,4.4
2025-12-08,风向(°),5.0,12.0,353.0,350.0,3.0,8.0,12.0,17.0,6.0,16.0,29.0,32.0,36.0,43.0,36.0,32.0,27.0,23.0,11.0,4.0,353.0,338.0,356.0,9.0
2025-12-08,云量(%),97.0,98.0,94.0,95.0,26.0,0.0,2.0,0.0,6.0,4.0,10.0,19.0,34.0,9.0,48.0,4.0,0.0,0.0,0.0,0.0,0.0,3.0,8.0,9.0
2025-12-08,太阳总辐射(MJ/m²),0.0,0.0,0.0,0.0,0.0,0.0,0.0,0.0,0.238,0.871,1.53,2.066,2.39,2.47,2.3,1.904,1.31,0.623,0.083,0.0,0.0,0.0,0.0,0.0
2025-12-09,气温(℃),17.0,16.8,16.5,16.5,16.1,15.8,15.5,15.0,15.7,18.3,20.6,22.3,23.5,24.2,24.7,24.7,24.3,23.4,21.5,20.2,18.9,18.0,17.3,17.0
2025-12-09,降水量(mm),0.0,0.0,0.0,0.0,0.0,0.0,0.0,0.0,0.0,0.0,0.0,0.0,0.0,0.0,0.0,0.0,0.0,0.0,0.0,0.0,0.0,0.0,0.0,0.0
2025-12-09,风速(km/h),5.3,5.8,6.3,8.1,7.7,8.0,8.0,7.0,6.9,6.1,7.0,6.9,6.7,7.5,7.9,8.8,8.6,6.8,4.8,3.4,3.1,4.2,4.6,3.7
2025-12-09,风向(°),35.0,36.0,18.0,25.0,25.0,23.0,23.0,12.0,345.0,3.0,29.0,45.0,59.0,69.0,74.0,75.0,75.0,68.0,61.0,96.0,167.0,205.0,193.0,166.0
2025-12-09,云量(%),0.0,0.0,0.0,0.0,1.0,2.0,2.0,2.0,0.0,1.0,1.0,1.0,0.0,0.0,5.0,9.0,71.0,45.0,87.0,46.0,77.0,3.0,15.0,100.0
2025-12-09,太阳总辐射(MJ/m²),0.0,0.0,0.0,0.0,0.0,0.0,0.0,0.0,0.23,0.853,1.516,2.045,2.369,2.462,2.293,1.829,1.282,0.616,0.079,0.0,0.0,0.0,0.0,0.0
2025-12-10,气温(℃),17.7,18.3,18.1,18.4,18.4,18.5,18.4,18.3,18.2,19.1,19.9,20.6,20.5,20.4,19.5,19.3,19.3,19.0,18.9,18.8,18.5,18.6,18.8,18.9
2025-12-10,降水量(mm),0.0,0.0,0.0,0.0,0.0,0.0,0.0,0.0,0.0,0.0,0.0,0.0,0.4,0.1,0.0,0.1,0.0,0.0,0.0,0.0,0.0,0.0,0.0,0.0
2025-12-10,风速(km/h),3.9,5.0,4.8,4.2,4.6,5.9,6.8,6.9,6.2,4.7,4.8,5.6,5.6,5.7,3.8,3.8,3.2,3.3,3.9,4.0,2.2,4.2,4.6,4.6
2025-12-10,风向(°),103.0,71.0,34.0,36.0,39.0,45.0,32.0,33.0,7.0,16.0,27.0,25.0,40.0,28.0,360.0,357.0,360.0,6.0,28.0,60.0,275.0,7.0,13.0,26.0
2025-12-10,云量(%),100.0,100.0,100.0,100.0,100.0,100.0,97.0,97.0,100.0,100.0,100.0,100.0,100.0,100.0,100.0,100.0,100.0,100.0,100.0,100.0,100.0,100.0,100.0,100.0
2025-12-10,太阳总辐射(MJ/m²),0.0,0.0,0.0,0.0,0.0,0.0,0.0,0.0,0.086,0.256,0.392,0.515,0.349,0.472,0.641,0.299,0.205,0.079,0.014,0.0,0.0,0.0,0.0,0.0
2025-12-11,气温(℃),18.9,18.6,18.0,17.7,17.4,17.2,16.9,17.5,17.9,19.5,21.6,23.8,24.5,25.0,25.3,25.0,25.4,24.4,23.0,22.5,21.5,21.1,21.0,21.0
2025-12-11,降水量(mm),0.0,0.0,0.0,0.0,0.0,0.0,0.0,0.0,0.0,0.0,0.0,0.0,0.0,0.0,0.0,0.0,0.0,0.0,0.0,0.0,0.0,0.0,0.0,0.0
2025-12-11,风速(km/h),4.9,5.0,3.8,2.9,4.4,6.3,6.8,6.9,5.4,3.6,5.1,6.7,7.1,6.6,5.4,5.8,4.5,2.5,2.8,0.9,8.5,7.6,6.8,7.2
2025-12-11,风向(°),28.0,358.0,301.0,353.0,328.0,336.0,335.0,345.0,334.0,319.0,350.0,3.0,10.0,11.0,20.0,26.0,43.0,60.0,55.0,127.0,168.0,172.0,163.0,153.0
2025-12-11,云量(%),100.0,99.0,39.0,30.0,29.0,21.0,93.0,100.0,100.0,79.0,64.0,100.0,97.0,100.0,100.0,100.0,62.0,100.0,84.0,86.0,98.0,100.0,97.0,97.0
2025-12-11,太阳总辐射(MJ/m²),0.0,0.0,0.0,0.0,0.0,0.0,0.0,0.0,0.101,0.536,0.994,1.292,0.889,1.04,0.943,0.533,0.918,0.364,0.061,0.0,0.0,0.0,0.0,0.0
2025-12-12,气温(℃),20.8,20.9,21.0,20.6,20.0,19.6,19.4,19.8,20.3,21.2,21.4,22.0,23.1,23.3,23.7,23.6,22.8,22.2,20.9,20.1,20.3,19.9,19.7,19.3
2025-12-12,降水量(mm),0.0,0.0,0.0,0.0,0.0,0.0,0.0,0.0,0.0,0.0,0.0,0.0,0.0,0.0,0.0,0.0,0.0,0.0,0.0,0.0,0.0,0.0,0.0,0.0
2025-12-12,风速(km/h),8.2,10.0,8.5,9.8,10.6,10.7,11.1,12.6,9.2,12.8,11.6,13.3,15.6,14.7,12.0,12.0,10.6,10.6,7.4,7.3,7.0,6.4,8.0,9.9
2025-12-12,风向(°),140.0,120.0,111.0,108.0,111.0,110.0,102.0,107.0,102.0,104.0,103.0,109.0,106.0,108.0,112.0,112.0,116.0,125.0,148.0,157.0,162.0,148.0,138.0,123.0
2025-12-12,云量(%),98.0,27.0,89.0,2.0,37.0,59.0,99.0,95.0,100.0,100.0,100.0,82.0,96.0,74.0,41.0,72.0,28.0,9.0,3.0,3.0,2.0,20.0,4.0,10.0
2025-12-12,太阳总辐射(MJ/m²),0.0,0.0,0.0,0.0,0.0,0.0,0.0,0.0,0.173,0.389,0.587,0.932,1.861,1.591,1.454,1.454,0.702,0.558,0.079,0.0,0.0,0.0,0.0,0.0
2025-12-13,气温(℃),18.9,18.6,18.1,18.2,18.0,17.7,17.6,18.0,18.5,19.9,21.4,21.3,21.1,19.8,20.8,18.9,16.4,15.0,14.0,13.4,13.5,13.1,12.6,12.3
2025-12-13,降水量(mm),0.0,0.0,0.0,0.0,0.0,0.0,0.0,0.0,0.0,0.0,0.0,0.0,0.0,0.4,0.2,0.0,0.3,1.0,0.9,0.2,0.6,1.3,1.2,0.2
2025-12-13,风速(km/h),6.5,9.0,2.2,7.2,5.8,4.9,5.9,7.0,6.8,8.5,14.0,12.6,13.9,21.1,21.1,18.9,16.9,18.7,18.9,18.3,17.2,16.2,16.2,14.7
2025-12-13,风向(°),92.0,106.0,42.0,78.0,70.0,33.0,45.0,42.0,17.0,25.0,16.0,11.0,360.0,2.0,360.0,358.0,357.0,1.0,360.0,6.0,355.0,359.0,1.0,352.0
2025-12-13,云量(%),13.0,8.0,16.0,5.0,9.0,23.0,99.0,100.0,100.0,100.0,100.0,100.0,100.0,100.0,91.0,100.0,100.0,100.0,100.0,100.0,100.0,100.0,100.0,100.0
2025-12-13,太阳总辐射(MJ/m²),0.0,0.0,0.0,0.0,0.0,0.0,0.0,0.0,0.09,0.364,0.706,0.472,0.551,0.4,0.342,1.166,0.292,0.09,0.014,0.0,0.0,0.0,0.0,0.0
2025-12-14,气温(℃),12.2,12.3,12.2,12.8,12.7,12.4,12.0,11.9,11.7,13.0,14.0,15.1,15.6,17.9,18.0,18.6,17.6,17.2,16.1,14.9,14.8,14.1,13.4,13.0
2025-12-14,降水量(mm),0.0,0.0,0.0,0.0,0.0,0.0,0.0,0.0,0.0,0.0,0.0,0.0,0.0,0.0,0.0,0.0,0.0,0.0,0.0,0.0,0.0,0.0,0.0,0.0
2025-12-14,风速(km/h),15.1,13.5,13.4,13.4,12.5,13.6,14.1,12.2,12.1,14.4,13.5,13.1,12.4,13.4,12.0,13.4,13.0,11.7,9.5,8.5,8.3,6.4,6.2,6.2
2025-12-14,风向(°),352.0,352.0,346.0,353.0,348.0,349.0,353.0,352.0,335.0,350.0,355.0,9.0,2.0,17.0,17.0,20.0,18.0,18.0,22.0,27.0,27.0,18.0,17.0,17.0
2025-12-14,云量(%),88.0,27.0,100.0,97.0,100.0,100.0,100.0,100.0,95.0,100.0,100.0,100.0,99.0,83.0,78.0,100.0,100.0,100.0,100.0,16.0,100.0,52.0,39.0,88.0
2025-12-14,太阳总辐射(MJ/m²),0.0,0.0,0.0,0.0,0.0,0.0,0.0,0.0,0.076,0.518,0.698,0.997,0.979,2.102,1.598,1.631,0.608,0.36,0.058,0.0,0.0,0.0,0.0,0.0
2025-12-15,气温(℃),12.5,12.2,11.6,10.9,10.5,10.0,9.6,9.5,10.4,12.7,14.6,16.7,18.0,19.2,19.2,19.6,19.4,19.0,18.1,17.7,16.2,15.6,14.4,13.2
2025-12-15,降水量(mm),0.0,0.0,0.0,0.0,0.0,0.0,0.0,0.0,0.0,0.0,0.0,0.0,0.0,0.0,0.0,0.0,0.0,0.0,0.0,0.0,0.0,0.0,0.0,0.0
2025-12-15,风速(km/h),6.6,6.8,7.7,6.8,7.1,7.6,7.4,6.1,7.0,5.4,6.5,6.4,7.1,7.5,4.9,4.5,4.0,3.9,2.5,1.8,1.1,0.7,0.6,2.3
2025-12-15,风向(°),13.0,17.0,359.0,360.0,354.0,353.0,1.0,2.0,334.0,6.0,13.0,29.0,54.0,63.0,51.0,53.0,63.0,77.0,90.0,135.0,171.0,194.0,214.0,219.0
2025-12-15,云量(%),75.0,32.0,13.0,0.0,0.0,0.0,0.0,0.0,55.0,73.0,98.0,100.0,91.0,0.0,27.0,100.0,100.0,100.0,100.0,100.0,45.0,16.0,4.0,5.0
2025-12-15,太阳总辐射(MJ/m²),0.0,0.0,0.0,0.0,0.0,0.0,0.0,0.0,0.194,0.605,0.914,1.386,1.498,1.868,1.948,1.242,0.558,0.234,0.029,0.0,0.0,0.0,0.0,0.0
2025-12-16,气温(℃),12.5,12.2,12.9,14.2,14.9,15.1,15.2,14.6,16.1,17.9,19.8,21.4,22.5,23.4,23.8,23.7,23.4,22.5,20.9,19.9,19.0,18.7,17.9,17.7
2025-12-16,降水量(mm),0.0,0.0,0.0,0.0,0.0,0.0,0.0,0.0,0.0,0.0,0.0,0.0,0.0,0.0,0.0,0.0,0.0,0.0,0.0,0.0,0.0,0.0,0.0,0.0
2025-12-16,风速(km/h),3.3,0.4,3.5,4.9,5.7,6.9,7.8,7.2,6.5,7.5,8.2,8.5,8.5,8.5,7.7,8.4,7.8,5.8,3.3,4.8,4.5,5.2,4.0,2.5
2025-12-16,风向(°),225.0,270.0,321.0,8.0,28.0,33.0,40.0,28.0,357.0,50.0,52.0,58.0,58.0,55.0,60.0,62.0,61.0,70.0,68.0,34.0,7.0,356.0,342.0,330.0
2025-12-16,云量(%),6.0,41.0,100.0,98.0,96.0,87.0,5.0,0.0,14.0,15.0,5.0,1.0,2.0,2.0,39.0,46.0,13.0,48.0,6.0,2.0,11.0,19.0,30.0,19.0
2025-12-16,太阳总辐射(MJ/m²),0.0,0.0,0.0,0.0,0.0,0.0,0.0,0.0,0.18,0.619,1.35,1.922,2.254,2.347,2.084,1.426,1.076,0.565,0.076,0.0,0.0,0.0,0.0,0.0
2025-12-17,气温(℃),17.0,16.3,15.9,15.8,15.5,15.5,15.6,15.6,16.6,19.2,21.7,23.7,25.1,26.1,26.6,26.8,26.3,25.2,22.9,22.1,21.9,21.3,20.2,19.2
2025-12-17,降水量(mm),0.0,0.0,0.0,0.0,0.0,0.0,0.0,0.0,0.0,0.0,0.0,0.0,0.0,0.0,0.0,0.0,0.0,0.0,0.0,0.0,0.0,0.0,0.0,0.0
2025-12-17,风速(km/h),3.8,4.3,4.8,5.9,6.6,6.8,7.7,7.2,8.0,5.0,7.5,9.3,10.9,12.2,12.1,12.2,12.0,8.5,7.7,9.7,9.0,7.3,6.7,6.6
2025-12-17,风向(°),5.0,22.0,20.0,346.0,343.0,358.0,11.0,12.0,16.0,358.0,21.0,29.0,36.0,44.0,50.0,57.0,60.0,69.0,57.0,47.0,44.0,40.0,34.0,29.0
2025-12-17,云量(%),1.0,6.0,15.0,4.0,3.0,0.0,0.0,5.0,57.0,19.0,34.0,19.0,0.0,0.0,0.0,0.0,0.0,1.0,3.0,4.0,20.0,16.0,2.0,0.0
2025-12-17,太阳总辐射(MJ/m²),0.0,0.0,0.0,0.0,0.0,0.0,0.0,0.0,0.18,0.749,1.382,1.901,2.25,2.394,2.246,1.876,1.303,0.626,0.09,0.0,0.0,0.0,0.0,0.0
2025-12-18,气温(℃),18.4,17.8,17.1,16.5,15.9,15.4,14.8,14.3,15.3,18.0,20.4,22.3,23.7,24.5,24.6,24.8,24.4,23.6,21.4,19.5,18.5,18.4,18.2,18.4
2025-12-18,降水量(mm),0.0,0.0,0.0,0.0,0.0,0.0,0.0,0.0,0.0,0.0,0.0,0.0,0.0,0.0,0.0,0.0,0.0,0.0,0.0,0.0,0.0,0.0,0.0,0.0
2025-12-18,风速(km/h),6.8,6.9,7.1,7.3,7.8,8.1,7.9,7.0,7.2,5.9,8.2,8.2,8.7,8.7,7.4,7.4,6.9,6.2,5.6,9.0,6.9,7.8,6.1,4.7
2025-12-18,风向(°),35.0,33.0,16.0,17.0,8.0,4.0,360.0,360.0,3.0,12.0,38.0,52.0,52.0,63.0,86.0,86.0,73.0,73.0,123.0,142.0,141.0,138.0,157.0,148.0
2025-12-18,云量(%),2.0,2.0,2.0,1.0,2.0,1.0,1.0,0.0,0.0,0.0,0.0,0.0,0.0,0.0,0.0,0.0,0.0,2.0,1.0,1.0,2.0,9.0,54.0,100.0
2025-12-18,太阳总辐射(MJ/m²),0.0,0.0,0.0,0.0,0.0,0.0,0.0,0.0,0.184,0.788,1.451,1.987,2.329,2.43,2.279,1.886,1.307,0.637,0.094,0.0,0.0,0.0,0.0,0.0
2025-12-19,气温(℃),18.8,18.8,18.1,18.2,17.9,18.0,18.2,17.6,17.2,18.7,20.6,22.3,23.2,24.0,24.4,24.5,24.3,23.7,22.3,21.4,20.7,20.3,19.8,19.5
2025-12-19,降水量(mm),0.0,0.2,0.1,0.0,0.0,0.0,0.0,0.0,0.3,0.0,0.0,0.0,0.0,0.0,0.0,0.0,0.0,0.0,0.0,0.0,0.0,0.0,0.0,0.0
2025-12-19,风速(km/h),5.1,3.1,4.4,5.1,3.9,5.2,6.9,5.1,5.4,6.0,6.9,8.4,8.8,8.8,7.9,8.3,7.0,4.7,2.7,6.8,9.0,8.9,9.6,9.2
2025-12-19,风向(°),141.0,69.0,27.0,27.0,22.0,31.0,70.0,58.0,53.0,69.0,75.0,74.0,75.0,79.0,86.0,91.0,93.0,92.0,94.0,122.0,133.0,124.0,124.0,118.0
2025-12-19,云量(%),100.0,100.0,99.0,100.0,91.0,100.0,93.0,100.0,58.0,92.0,30.0,20.0,22.0,32.0,27.0,17.0,9.0,9.0,9.0,25.0,30.0,16.0,17.0,16.0
2025-12-19,太阳总辐射(MJ/m²),0.0,0.0,0.0,0.0,0.0,0.0,0.0,0.0,0.115,0.572,1.13,1.883,1.994,2.167,2.084,1.591,1.184,0.59,0.09,0.0,0.0,0.0,0.0,0.0
2025-12-20,气温(℃),19.3,18.8,19.0,19.3,19.0,18.7,18.3,18.0,19.4,21.8,23.0,24.4,25.5,26.1,26.2,26.5,26.4,25.5,24.1,23.0,22.7,22.8,22.1,21.3
2025-12-20,降水量(mm),0.0,0.0,0.0,0.0,0.0,0.0,0.0,0.0,0.0,0.0,0.1,0.0,0.0,0.0,0.3,0.1,0.1,0.0,0.0,0.0,0.0,0.0,0.0,0.0
2025-12-20,风速(km/h),6.9,5.7,7.1,6.4,6.5,6.7,6.9,5.7,6.5,6.8,9.4,10.1,10.4,10.0,8.0,7.8,7.7,7.6,4.4,3.6,4.8,5.6,6.4,5.4
2025-12-20,风向(°),95.0,79.0,63.0,61.0,39.0,34.0,33.0,41.0,3.0,61.0,72.0,68.0,67.0,62.0,82.0,83.0,78.0,78.0,63.0,49.0,15.0,50.0,61.0,56.0
2025-12-20,云量(%),27.0,50.0,100.0,100.0,90.0,46.0,36.0,43.0,23.0,33.0,51.0,45.0,21.0,65.0,40.0,23.0,17.0,11.0,9.0,9.0,23.0,19.0,9.0,8.0
2025-12-20,太阳总辐射(MJ/m²),0.0,0.0,0.0,0.0,0.0,0.0,0.0,0.0,0.148,0.702,1.073,1.519,2.048,2.257,1.944,1.584,1.174,0.583,0.094,0.0,0.0,0.0,0.0,0.0
2025-12-21,气温(℃),20.6,20.1,19.7,19.6,19.3,18.8,18.3,17.9,18.8,21.5,24.1,25.6,26.6,27.3,27.2,27.1,26.7,26.1,25.0,23.4,21.8,20.7,20.0,19.6
2025-12-21,降水量(mm),0.0,0.0,0.0,0.0,0.0,0.0,0.0,0.0,0.0,0.0,0.0,0.0,0.0,0.0,0.0,0.0,0.0,0.0,0.0,0.0,0.0,0.0,0.0,0.0
2025-12-21,风速(km/h),5.6,6.7,6.9,7.8,5.2,5.9,7.9,8.7,8.1,7.3,10.8,13.2,12.5,13.0,12.4,11.2,9.3,9.3,12.6,13.5,7.8,8.8,9.2,10.8
2025-12-21,风向(°),25.0,24.0,28.0,38.0,44.0,12.0,360.0,356.0,323.0,349.0,10.0,31.0,41.0,49.0,64.0,57.0,62.0,43.0,54.0,82.0,138.0,125.0,102.0,90.0
2025-12-21,云量(%),14.0,7.0,3.0,5.0,0.0,0.0,0.0,5.0,7.0,7.0,1.0,0.0,0.0,5.0,42.0,41.0,13.0,12.0,22.0,16.0,27.0,24.0,34.0,38.0
2025-12-21,太阳总辐射(MJ/m²),0.0,0.0,0.0,0.0,0.0,0.0,0.0,0.0,0.166,0.734,1.382,1.93,2.275,2.38,2.005,1.519,1.134,0.587,0.097,0.0,0.0,0.0,0.0,0.0
2025-12-22,气温(℃),19.1,18.7,18.9,19.2,18.8,18.4,17.7,16.8,18.1,19.0,19.9,21.0,22.4,23.0,22.6,23.1,23.0,22.3,20.8,19.4,18.5,18.5,18.3,19.0
2025-12-22,降水量(mm),0.0,0.0,0.0,0.0,0.0,0.0,0.0,0.0,0.0,0.0,0.0,0.0,0.0,0.0,0.0,0.0,0.0,0.0,0.0,0.0,0.0,0.0,0.0,0.0
2025-12-22,风速(km/h),11.6,10.9,9.4,9.7,9.9,9.7,10.6,10.8,9.0,8.8,8.6,8.1,8.1,9.2,7.6,6.3,5.8,6.5,7.9,10.5,8.6,9.8,10.7,11.0
2025-12-22,风向(°),85.0,83.0,85.0,79.0,61.0,48.0,43.0,30.0,35.0,49.0,49.0,62.0,84.0,86.0,85.0,75.0,68.0,98.0,125.0,149.0,144.0,110.0,97.0,86.0
2025-12-22,云量(%),48.0,100.0,91.0,91.0,89.0,30.0,16.0,5.0,25.0,100.0,100.0,98.0,51.0,41.0,36.0,1.0,2.0,0.0,4.0,20.0,1.0,51.0,100.0,100.0
2025-12-22,太阳总辐射(MJ/m²),0.0,0.0,0.0,0.0,0.0,0.0,0.0,0.0,0.148,0.569,0.886,1.487,1.872,1.804,2.084,1.685,1.289,0.648,0.104,0.0,0.0,0.0,0.0,0.0
2025-12-23,气温(℃),18.8,18.2,17.8,17.7,17.4,17.1,16.8,16.4,17.5,19.5,20.8,22.3,23.4,24.4,23.9,24.5,24.0,22.8,21.4,20.7,20.5,20.0,20.1,19.7
2025-12-23,降水量(mm),0.0,0.0,0.0,0.0,0.0,0.0,0.0,0.0,0.0,0.0,0.0,0.0,0.0,0.0,0.0,0.0,0.0,0.0,0.0,0.0,0.0,0.0,0.0,0.0
2025-12-23,风速(km/h),11.3,12.2,9.2,10.1,10.9,9.3,10.2,7.1,7.2,7.6,8.1,8.5,8.3,9.0,9.0,10.5,9.8,9.7,5.5,4.3,1.0,4.8,7.0,6.8
2025-12-23,风向(°),72.0,70.0,67.0,66.0,66.0,74.0,66.0,49.0,32.0,62.0,62.0,72.0,91.0,84.0,110.0,112.0,114.0,118.0,113.0,132.0,211.0,153.0,154.0,153.0
2025-12-23,云量(%),55.0,100.0,23.0,21.0,15.0,29.0,2.0,7.0,9.0,36.0,29.0,23.0,44.0,48.0,8.0,3.0,2.0,5.0,5.0,13.0,55.0,96.0,95.0,86.0
2025-12-23,太阳总辐射(MJ/m²),0.0,0.0,0.0,0.0,0.0,0.0,0.0,0.0,0.151,0.716,1.188,1.688,2.009,2.153,2.081,1.85,1.31,0.648,0.104,0.0,0.0,0.0,0.0,0.0
2025-12-24,气温(℃),19.1,19.1,18.7,18.5,18.0,17.5,17.3,16.8,16.9,20.1,22.2,24.2,25.8,27.2,27.0,27.7,27.1,25.4,23.7,22.8,22.0,21.2,20.4,19.8
2025-12-24,降水量(mm),0.0,0.0,0.0,0.0,0.0,0.0,0.0,0.0,0.0,0.0,0.0,0.0,0.0,0.0,0.0,0.0,0.0,0.0,0.0,0.0,0.0,0.0,0.0,0.0
2025-12-24,风速(km/h),6.2,6.6,6.0,5.1,4.1,3.4,5.3,4.8,4.2,2.7,4.6,4.9,3.2,1.1,1.8,2.5,4.9,8.8,6.9,5.7,5.1,2.7,2.2,7.4
2025-12-24,风向(°),123.0,99.0,117.0,98.0,105.0,47.0,28.0,42.0,10.0,8.0,11.0,33.0,52.0,81.0,127.0,90.0,80.0,85.0,121.0,145.0,184.0,200.0,215.0,296.0
2025-12-24,云量(%),7.0,5.0,2.0,3.0,3.0,12.0,14.0,0.0,13.0,90.0,32.0,16.0,10.0,37.0,39.0,57.0,80.0,26.0,17.0,16.0,21.0,16.0,29.0,76.0
2025-12-24,太阳总辐射(MJ/m²),0.0,0.0,0.0,0.0,0.0,0.0,0.0,0.0,0.155,0.688,0.983,1.685,2.218,2.308,2.038,1.735,1.152,0.558,0.097,0.0,0.0,0.0,0.0,0.0
2025-12-25,气温(℃),19.9,18.5,17.9,17.1,16.6,15.9,14.4,13.4,13.8,14.8,15.3,15.9,16.3,17.0,16.9,17.0,16.7,15.4,14.4,13.6,13.7,13.8,13.9,13.8
2025-12-25,降水量(mm),0.0,0.0,0.0,0.0,0.0,0.0,0.1,0.2,0.0,0.0,0.0,0.0,0.0,0.0,0.0,0.0,0.0,0.0,0.0,0.0,0.0,0.0,0.0,0.0
2025-12-25,风速(km/h),12.2,13.5,12.4,13.9,14.7,16.9,17.9,17.1,16.4,17.8,18.4,19.3,17.8,19.1,20.5,19.5,20.5,20.8,19.2,17.4,17.2,15.2,14.1,15.5
2025-12-25,风向(°),332.0,337.0,320.0,336.0,338.0,344.0,343.0,342.0,341.0,349.0,3.0,4.0,358.0,359.0,358.0,356.0,352.0,354.0,353.0,349.0,345.0,350.0,5.0,18.0
2025-12-25,云量(%),13.0,26.0,41.0,100.0,100.0,100.0,100.0,100.0,100.0,100.0,100.0,99.0,94.0,35.0,44.0,22.0,26.0,66.0,30.0,100.0,100.0,100.0,100.0,98.0
2025-12-25,太阳总辐射(MJ/m²),0.0,0.0,0.0,0.0,0.0,0.0,0.0,0.0,0.043,0.292,0.443,0.788,1.184,1.843,2.203,1.804,1.235,0.536,0.09,0.0,0.0,0.0,0.0,0.0
2025-12-26,气温(℃),13.4,12.7,13.1,12.7,12.3,11.6,11.1,10.6,11.0,11.3,12.2,13.5,14.2,14.7,14.1,14.1,13.7,13.3,13.0,12.8,12.5,12.4,12.2,12.1
2025-12-26,降水量(mm),0.0,0.0,0.0,0.0,0.0,0.0,0.0,0.0,0.0,0.0,0.0,0.0,0.0,0.0,0.0,0.0,0.0,0.0,0.0,0.0,0.0,0.0,0.0,0.0
2025-12-26,风速(km/h),15.3,13.6,13.4,13.0,13.1,12.8,13.5,12.2,13.2,12.1,11.9,11.9,11.3,10.4,10.1,10.0,9.5,9.3,9.6,9.0,7.6,7.5,7.3,7.2
2025-12-26,风向(°),20.0,18.0,11.0,11.0,9.0,2.0,359.0,1.0,355.0,359.0,10.0,14.0,20.0,21.0,17.0,23.0,25.0,25.0,33.0,38.0,22.0,24.0,16.0,13.0
2025-12-26,云量(%),96.0,98.0,100.0,99.0,100.0,84.0,62.0,67.0,100.0,100.0,91.0,92.0,100.0,100.0,100.0,100.0,100.0,100.0,100.0,100.0,100.0,100.0,100.0,100.0
2025-12-26,太阳总辐射(MJ/m²),0.0,0.0,0.0,0.0,0.0,0.0,0.0,0.0,0.13,0.266,0.608,1.332,1.656,1.476,1.235,0.691,0.335,0.137,0.029,0.0,0.0,0.0,0.0,0.0
2025-12-27,气温(℃),12.0,11.9,11.7,11.8,11.8,11.5,11.4,11.6,12.2,13.6,15.4,16.9,17.9,18.8,19.0,19.4,19.4,18.7,16.9,15.8,15.1,14.7,14.0,13.5
2025-12-27,降水量(mm),0.0,0.0,0.0,0.0,0.0,0.0,0.0,0.0,0.0,0.0,0.0,0.0,0.0,0.0,0.0,0.0,0.0,0.0,0.0,0.0,0.0,0.0,0.0,0.0
2025-12-27,风速(km/h),6.6,6.0,5.7,7.0,7.6,7.6,7.0,6.9,6.3,6.7,6.9,7.5,7.8,8.4,8.5,8.8,7.6,7.1,5.3,5.2,4.1,3.0,4.1,3.5
2025-12-27,风向(°),9.0,7.0,342.0,339.0,357.0,360.0,1.0,354.0,340.0,8.0,15.0,17.0,15.0,9.0,1.0,359.0,341.0,339.0,325.0,316.0,311.0,322.0,331.0,325.0
2025-12-27,云量(%),100.0,85.0,93.0,99.0,74.0,65.0,98.0,99.0,95.0,13.0,88.0,100.0,88.0,100.0,100.0,2.0,12.0,2.0,2.0,4.0,0.0,0.0,0.0,1.0
2025-12-27,太阳总辐射(MJ/m²),0.0,0.0,0.0,0.0,0.0,0.0,0.0,0.0,0.086,0.536,1.274,1.714,1.685,1.775,1.742,1.39,1.328,0.684,0.119,0.0,0.0,0.0,0.0,0.0
2025-12-28,气温(℃),13.0,12.6,12.2,11.7,11.2,10.7,10.2,10.0,11.7,15.5,18.2,19.8,20.6,20.9,20.8,21.5,21.5,20.8,18.4,17.1,16.3,15.8,15.0,14.4
2025-12-28,降水量(mm),0.0,0.0,0.0,0.0,0.0,0.0,0.0,0.0,0.0,0.0,0.0,0.1,0.1,0.0,0.0,0.0,0.0,0.0,0.0,0.0,0.0,0.0,0.0,0.0
2025-12-28,风速(km/h),4.2,3.7,4.5,4.4,4.3,4.3,3.7,2.6,2.4,1.2,3.5,1.8,2.4,3.3,4.3,3.8,3.0,3.7,3.1,3.1,2.1,4.1,4.2,2.6
2025-12-28,风向(°),342.0,337.0,313.0,333.0,318.0,327.0,331.0,321.0,253.0,333.0,51.0,84.0,333.0,347.0,343.0,5.0,38.0,47.0,69.0,28.0,308.0,29.0,54.0,106.0
2025-12-28,云量(%),0.0,1.0,2.0,0.0,0.0,1.0,0.0,0.0,0.0,16.0,22.0,100.0,100.0,100.0,100.0,64.0,24.0,20.0,14.0,2.0,0.0,0.0,0.0,0.0
2025-12-28,太阳总辐射(MJ/m²),0.0,0.0,0.0,0.0,0.0,0.0,0.0,0.0,0.148,0.709,1.375,1.883,1.915,1.793,1.631,1.624,1.231,0.655,0.119,0.0,0.0,0.0,0.0,0.0
2025-12-29,气温(℃),13.8,13.5,13.0,12.5,12.0,11.6,11.2,10.8,11.3,15.2,18.4,20.5,21.8,23.0,23.0,23.1,22.5,21.7,20.5,19.4,17.8,17.3,16.7,16.1
2025-12-29,降水量(mm),0.0,0.0,0.0,0.0,0.0,0.0,0.0,0.0,0.0,0.0,0.0,0.0,0.0,0.0,0.0,0.0,0.0,0.0,0.0,0.0,0.0,0.0,0.0,0.0
2025-12-29,风速(km/h),2.0,0.8,1.6,2.7,3.2,3.6,2.3,1.3,3.9,1.6,3.1,3.3,3.1,3.6,4.1,1.7,1.0,2.0,2.5,1.8,4.8,4.5,3.3,1.5
2025-12-29,风向(°),153.0,207.0,276.0,278.0,304.0,319.0,328.0,315.0,246.0,333.0,10.0,29.0,28.0,354.0,345.0,32.0,149.0,153.0,150.0,186.0,318.0,353.0,29.0,54.0
2025-12-29,云量(%),0.0,0.0,0.0,0.0,0.0,0.0,0.0,0.0,0.0,0.0,0.0,0.0,0.0,55.0,54.0,95.0,100.0,100.0,23.0,26.0,5.0,2.0,2.0,6.0
2025-12-29,太阳总辐射(MJ/m²),0.0,0.0,0.0,0.0,0.0,0.0,0.0,0.0,0.148,0.727,1.411,1.966,2.326,2.437,2.3,1.71,0.896,0.313,0.068,0.0,0.0,0.0,0.0,0.0
2025-12-30,气温(℃),15.3,14.9,14.4,14.1,13.7,13.2,13.0,12.7,14.2,17.3,19.9,21.9,23.2,24.2,23.2,23.7,23.7,23.1,21.4,20.1,18.8,18.0,16.9,15.8
2025-12-30,降水量(mm),0.0,0.0,0.0,0.0,0.0,0.0,0.0,0.0,0.0,0.0,0.0,0.0,0.0,0.0,0.0,0.0,0.0,0.0,0.0,0.0,0.0,0.0,0.0,0.0
2025-12-30,风速(km/h),2.2,3.5,4.9,5.2,4.7,4.4,4.9,4.7,6.8,4.4,5.8,6.5,6.1,6.4,7.0,7.1,7.4,7.5,4.4,5.5,5.7,3.1,5.5,2.8
2025-12-30,风向(°),265.0,261.0,268.0,274.0,279.0,277.0,309.0,317.0,297.0,325.0,346.0,2.0,24.0,38.0,44.0,36.0,34.0,33.0,55.0,11.0,13.0,97.0,161.0,225.0
2025-12-30,云量(%),9.0,8.0,5.0,7.0,2.0,1.0,0.0,0.0,0.0,0.0,0.0,0.0,16.0,60.0,56.0,35.0,49.0,100.0,72.0,1.0,0.0,7.0,10.0,4.0
2025-12-30,太阳总辐射(MJ/m²),0.0,0.0,0.0,0.0,0.0,0.0,0.0,0.0,0.148,0.738,1.415,1.969,2.333,2.372,1.638,1.429,1.145,0.58,0.119,0.0,0.0,0.0,0.0,0.0
2025-12-31,气温(℃),15.0,14.5,14.6,14.2,13.4,13.0,12.9,13.1,14.0,17.7,19.7,21.0,21.7,22.4,22.6,22.8,22.3,21.8,20.6,19.2,18.1,18.1,17.9,17.7
2025-12-31,降水量(mm),0.0,0.0,0.0,0.0,0.0,0.0,0.0,0.0,0.0,0.0,0.0,0.0,0.0,0.0,0.0,0.0,0.0,0.0,0.0,0.0,0.0,0.0,0.0,0.0
2025-12-31,风速(km/h),4.2,5.7,4.2,0.9,0.8,2.6,4.0,5.1,4.6,5.6,11.2,11.7,11.2,11.7,10.2,8.6,7.0,5.6,2.5,6.5,4.9,6.7,7.0,7.7
2025-12-31,风向(°),220.0,233.0,239.0,191.0,135.0,344.0,18.0,108.0,108.0,90.0,94.0,104.0,106.0,104.0,104.0,100.0,93.0,90.0,111.0,157.0,147.0,142.0,132.0,111.0
2025-12-31,云量(%),8.0,11.0,1.0,16.0,96.0,98.0,97.0,86.0,98.0,98.0,89.0,100.0,80.0,100.0,94.0,100.0,100.0,100.0,97.0,59.0,98.0,99.0,98.0,99.0
2025-12-31,太阳总辐射(MJ/m²),0.0,0.0,0.0,0.0,0.0,0.0,0.0,0.0,0.137,0.439,0.961,1.616,1.678,1.865,1.397,1.307,0.76,0.371,0.09,0.0,0.0,0.0,0.0,0.0
2026-01-01,气温(℃),17.6,17.6,17.0,16.9,16.2,15.8,15.5,15.1,16.2,18.4,19.3,20.1,22.2,22.5,20.4,20.9,21.4,19.8,19.1,18.4,17.6,16.7,15.7,14.7
2026-01-01,降水量(mm),0.0,0.0,0.0,0.0,0.0,0.0,0.0,0.0,0.0,0.0,0.0,0.0,0.0,0.0,0.2,0.0,0.0,0.1,0.0,0.0,0.0,0.0,0.0,0.0
2026-01-01,风速(km/h),8.3,8.6,5.4,5.6,6.5,7.6,7.2,6.9,8.3,8.6,8.6,7.9,10.5,14.7,10.6,11.1,12.9,12.5,9.7,12.9,12.8,14.0,13.7,13.1
2026-01-01,风向(°),103.0,98.0,94.0,86.0,84.0,95.0,93.0,62.0,74.0,91.0,91.0,78.0,38.0,23.0,14.0,16.0,21.0,44.0,12.0,8.0,5.0,16.0,11.0,9.0
2026-01-01,云量(%),100.0,100.0,100.0,20.0,6.0,2.0,3.0,10.0,98.0,100.0,100.0,20.0,53.0,100.0,100.0,28.0,33.0,50.0,46.0,67.0,9.0,1.0,3.0,23.0
2026-01-01,太阳总辐射(MJ/m²),0.0,0.0,0.0,0.0,0.0,0.0,0.0,0.0,0.133,0.504,0.778,1.177,2.095,1.753,1.062,0.81,1.076,0.58,0.112,0.0,0.0,0.0,0.0,0.0
2026-01-02,气温(℃),14.0,13.4,13.6,13.1,12.2,11.2,10.6,9.9,10.5,11.9,13.2,14.6,15.7,16.7,17.0,17.4,17.2,16.5,15.3,14.5,13.7,13.3,12.6,11.7
2026-01-02,降水量(mm),0.0,0.0,0.0,0.0,0.0,0.0,0.0,0.0,0.0,0.0,0.0,0.0,0.0,0.0,0.0,0.0,0.0,0.0,0.0,0.0,0.0,0.0,0.0,0.0
2026-01-02,风速(km/h),13.6,14.3,12.6,12.6,13.6,13.9,14.3,13.6,11.7,15.4,17.0,16.9,16.1,15.9,14.3,13.6,13.4,13.2,10.8,12.1,10.0,9.3,11.3,12.7
2026-01-02,风向(°),15.0,17.0,358.0,3.0,354.0,358.0,6.0,11.0,358.0,14.0,19.0,21.0,20.0,20.0,14.0,20.0,28.0,31.0,37.0,46.0,39.0,28.0,29.0,30.0
2026-01-02,云量(%),22.0,23.0,66.0,49.0,38.0,17.0,4.0,0.0,3.0,0.0,0.0,1.0,3.0,2.0,0.0,0.0,0.0,0.0,0.0,0.0,0.0,0.0,0.0,0.0
2026-01-02,太阳总辐射(MJ/m²),0.0,0.0,0.0,0.0,0.0,0.0,0.0,0.0,0.14,0.724,1.408,1.973,2.34,2.477,2.365,2.009,1.447,0.76,0.151,0.0,0.0,0.0,0.0,0.0
2026-01-03,气温(℃),10.7,9.7,8.6,8.0,7.5,7.4,7.4,7.2,7.6,9.0,10.6,12.9,14.4,15.8,16.3,16.9,16.7,16.1,14.4,13.6,12.9,12.5,12.4,12.2
2026-01-03,降水量(mm),0.0,0.0,0.0,0.0,0.0,0.0,0.0,0.0,0.0,0.0,0.0,0.0,0.0,0.0,0.0,0.0,0.0,0.0,0.0,0.0,0.0,0.0,0.0,0.0
2026-01-03,风速(km/h),12.9,12.5,12.5,12.3,11.3,10.6,9.4,8.6,7.6,8.3,7.2,7.4,8.3,7.9,6.0,5.5,6.6,6.7,3.2,2.4,2.7,4.8,6.6,7.4
2026-01-03,风向(°),18.0,18.0,5.0,4.0,2.0,356.0,358.0,358.0,342.0,5.0,22.0,34.0,44.0,57.0,65.0,73.0,81.0,82.0,90.0,107.0,48.0,34.0,53.0,89.0
2026-01-03,云量(%),0.0,0.0,0.0,1.0,50.0,77.0,76.0,14.0,83.0,81.0,62.0,61.0,2.0,0.0,1.0,1.0,1.0,1.0,0.0,0.0,3.0,0.0,0.0,0.0
2026-01-03,太阳总辐射(MJ/m²),0.0,0.0,0.0,0.0,0.0,0.0,0.0,0.0,0.133,0.544,0.954,1.649,1.973,2.304,2.329,1.969,1.44,0.767,0.155,0.0,0.0,0.0,0.0,0.0
2026-01-04,气温(℃),11.9,11.1,10.9,10.8,10.8,10.8,11.0,11.4,11.9,15.5,17.3,18.4,19.4,20.3,20.3,20.8,20.6,19.9,18.0,16.8,15.9,15.5,15.0,14.3
2026-01-04,降水量(mm),0.0,0.0,0.0,0.0,0.0,0.0,0.0,0.0,0.0,0.0,0.0,0.0,0.0,0.0,0.0,0.0,0.0,0.0,0.0,0.0,0.0,0.0,0.0,0.0
2026-01-04,风速(km/h),5.8,5.1,0.5,0.9,2.9,4.5,7.7,8.5,7.9,9.2,11.1,10.8,9.6,8.8,7.9,8.0,8.5,7.2,4.6,5.5,5.0,1.9,1.3,2.1
2026-01-04,风向(°),99.0,100.0,270.0,323.0,43.0,34.0,62.0,66.0,63.0,70.0,61.0,54.0,41.0,35.0,39.0,36.0,29.0,35.0,69.0,67.0,88.0,68.0,98.0,121.0
2026-01-04,云量(%),0.0,0.0,44.0,46.0,12.0,45.0,56.0,36.0,2.0,2.0,0.0,0.0,0.0,0.0,1.0,0.0,0.0,0.0,0.0,0.0,7.0,14.0,20.0,75.0
2026-01-04,太阳总辐射(MJ/m²),0.0,0.0,0.0,0.0,0.0,0.0,0.0,0.0,0.122,0.727,1.418,1.994,2.369,2.509,2.398,2.016,1.472,0.774,0.158,0.0,0.0,0.0,0.0,0.0
2026-01-05,气温(℃),13.8,13.2,12.0,11.5,11.0,10.7,10.4,10.3,11.3,14.2,17.2,19.4,20.1,21.0,21.5,21.3,20.7,19.6,17.9,16.4,15.2,14.2,13.4,12.7
2026-01-05,降水量(mm),0.0,0.0,0.0,0.0,0.0,0.0,0.0,0.0,0.0,0.0,0.0,0.0,0.0,0.0,0.0,0.0,0.0,0.0,0.0,0.0,0.0,0.0,0.0,0.0
2026-01-05,风速(km/h),1.5,1.4,2.7,2.4,3.1,6.4,6.9,6.2,8.9,6.1,8.6,11.6,13.9,13.3,13.8,14.8,15.2,15.8,15.1,16.2,14.8,13.7,12.8,13.3
2026-01-05,风向(°),60.0,23.0,290.0,283.0,310.0,324.0,335.0,338.0,333.0,348.0,349.0,4.0,1.0,2.0,353.0,351.0,350.0,349.0,352.0,1.0,356.0,4.0,2.0,357.0
2026-01-05,云量(%),71.0,68.0,41.0,0.0,26.0,14.0,20.0,20.0,0.0,0.0,3.0,59.0,0.0,13.0,0.0,0.0,0.0,3.0,7.0,27.0,3.0,7.0,5.0,0.0
2026-01-05,太阳总辐射(MJ/m²),0.0,0.0,0.0,0.0,0.0,0.0,0.0,0.0,0.137,0.727,1.418,1.876,1.991,2.48,2.311,2.012,1.454,0.774,0.158,0.0,0.0,0.0,0.0,0.0
2026-01-06,气温(℃),12.0,11.4,10.9,10.4,9.8,9.4,9.0,8.9,9.5,10.3,12.2,13.9,15.2,16.3,16.1,16.3,16.1,15.2,13.7,12.7,11.4,10.9,10.4,10.0
2026-01-06,降水量(mm),0.0,0.0,0.0,0.0,0.0,0.0,0.0,0.0,0.0,0.0,0.0,0.0,0.0,0.0,0.0,0.0,0.0,0.0,0.0,0.0,0.0,0.0,0.0,0.0
2026-01-06,风速(km/h),13.0,13.3,12.9,13.6,13.6,15.0,14.4,13.5,13.9,13.0,13.3,14.7,14.4,13.9,14.0,14.2,15.4,16.4,14.4,15.0,16.1,15.0,13.0,12.6
2026-01-06,风向(°),357.0,360.0,351.0,355.0,353.0,354.0,359.0,2.0,5.0,11.0,10.0,11.0,13.0,10.0,360.0,358.0,354.0,356.0,356.0,356.0,353.0,6.0,11.0,9.0
2026-01-06,云量(%),0.0,3.0,13.0,20.0,37.0,33.0,57.0,88.0,99.0,0.0,0.0,0.0,1.0,0.0,0.0,72.0,64.0,51.0,65.0,49.0,0.0,0.0,0.0,0.0
2026-01-06,太阳总辐射(MJ/m²),0.0,0.0,0.0,0.0,0.0,0.0,0.0,0.0,0.076,0.407,1.429,2.002,2.376,2.516,2.405,2.048,1.49,0.796,0.169,0.0,0.0,0.0,0.0,0.0
2026-01-07,气温(℃),9.5,8.8,7.9,7.6,7.2,7.0,6.9,6.6,7.5,9.8,11.7,13.1,14.5,15.5,16.1,16.7,16.5,15.8,14.1,12.9,11.8,11.4,10.7,9.7
2026-01-07,降水量(mm),0.0,0.0,0.0,0.0,0.0,0.0,0.0,0.0,0.0,0.0,0.0,0.0,0.0,0.0,0.0,0.0,0.0,0.0,0.0,0.0,0.0,0.0,0.0,0.0
2026-01-07,风速(km/h),11.4,10.1,8.8,10.3,12.1,12.6,12.8,11.2,12.3,11.3,15.5,15.8,14.1,13.0,10.4,10.7,11.1,11.3,7.2,7.1,6.8,8.0,9.0,8.5
2026-01-07,风向(°),5.0,5.0,348.0,354.0,356.0,360.0,2.0,5.0,356.0,359.0,25.0,27.0,31.0,31.0,20.0,16.0,12.0,8.0,1.0,350.0,323.0,340.0,354.0,356.0
2026-01-07,云量(%),0.0,0.0,0.0,0.0,0.0,0.0,0.0,0.0,0.0,0.0,0.0,0.0,0.0,0.0,0.0,0.0,0.0,0.0,0.0,0.0,0.0,0.0,0.0,0.0
2026-01-07,太阳总辐射(MJ/m²),0.0,0.0,0.0,0.0,0.0,0.0,0.0,0.0,0.144,0.77,1.487,2.077,2.473,2.621,2.506,2.146,1.566,0.85,0.187,0.0,0.0,0.0,0.0,0.0
2026-01-08,气温(℃),9.1,8.9,8.4,8.4,8.1,7.5,7.0,6.8,7.7,10.7,13.1,15.0,16.6,17.7,18.5,18.9,18.7,18.1,16.2,14.9,13.0,12.7,11.6,10.7
2026-01-08,降水量(mm),0.0,0.0,0.0,0.0,0.0,0.0,0.0,0.0,0.0,0.0,0.0,0.0,0.0,0.0,0.0,0.0,0.0,0.0,0.0,0.0,0.0,0.0,0.0,0.0
2026-01-08,风速(km/h),8.1,9.5,8.9,9.7,10.7,10.6,10.0,10.3,11.7,10.7,15.3,16.9,16.5,15.6,12.5,12.4,12.5,12.0,7.8,6.5,4.7,7.7,7.5,6.7
2026-01-08,风向(°),359.0,10.0,7.0,11.0,7.0,4.0,8.0,11.0,358.0,8.0,22.0,24.0,27.0,30.0,32.0,31.0,27.0,26.0,26.0,34.0,351.0,327.0,350.0,354.0
2026-01-08,云量(%),0.0,0.0,0.0,0.0,0.0,0.0,0.0,0.0,0.0,0.0,0.0,0.0,0.0,0.0,0.0,0.0,54.0,56.0,0.0,0.0,88.0,95.0,74.0,74.0
2026-01-08,太阳总辐射(MJ/m²),0.0,0.0,0.0,0.0,0.0,0.0,0.0,0.0,0.148,0.785,1.516,2.12,2.52,2.671,2.552,2.178,1.598,0.875,0.198,0.0,0.0,0.0,0.0,0.0
2026-01-09,气温(℃),10.1,9.9,9.0,8.7,8.2,7.8,7.3,6.8,7.4,10.4,13.5,15.9,17.8,19.0,19.5,20.1,19.9,19.1,16.7,15.1,13.8,12.8,12.1,11.6
2026-01-09,降水量(mm),0.0,0.0,0.0,0.0,0.0,0.0,0.0,0.0,0.0,0.0,0.0,0.0,0.0,0.0,0.0,0.0,0.0,0.0,0.0,0.0,0.0,0.0,0.0,0.0
2026-01-09,风速(km/h),7.6,9.0,7.6,7.6,8.1,7.7,6.8,5.8,7.6,5.0,7.1,8.2,8.5,8.1,6.9,6.7,7.3,7.6,5.2,5.3,2.6,3.6,2.3,1.0
2026-01-09,风向(°),1.0,10.0,356.0,1.0,1.0,1.0,3.0,4.0,333.0,347.0,30.0,40.0,35.0,28.0,23.0,19.0,16.0,12.0,22.0,24.0,344.0,303.0,299.0,239.0
2026-01-09,云量(%),52.0,80.0,83.0,79.0,13.0,2.0,1.0,2.0,98.0,69.0,80.0,77.0,89.0,96.0,91.0,79.0,44.0,27.0,79.0,89.0,62.0,55.0,97.0,79.0
2026-01-09,太阳总辐射(MJ/m²),0.0,0.0,0.0,0.0,0.0,0.0,0.0,0.0,0.144,0.785,1.508,2.106,2.498,2.646,2.531,2.171,1.595,0.878,0.202,0.0,0.0,0.0,0.0,0.0
2026-01-10,气温(℃),11.2,10.5,9.7,8.7,8.4,8.2,7.4,7.2,7.3,11.3,15.3,18.0,19.8,21.0,21.8,22.2,22.0,21.2,18.9,17.5,16.5,16.0,15.3,14.3
2026-01-10,降水量(mm),0.0,0.0,0.0,0.0,0.0,0.0,0.0,0.0,0.0,0.0,0.0,0.0,0.0,0.0,0.0,0.0,0.0,0.0,0.0,0.0,0.0,0.0,0.0,0.0
2026-01-10,风速(km/h),1.1,2.2,1.6,2.7,3.1,2.5,4.6,5.7,5.6,3.0,5.5,7.5,8.3,9.5,9.3,9.7,9.8,9.5,6.0,6.7,6.4,7.0,8.7,10.2
2026-01-10,风向(°),261.0,325.0,6.0,62.0,31.0,4.0,339.0,323.0,310.0,343.0,32.0,35.0,20.0,14.0,9.0,359.0,346.0,345.0,339.0,341.0,350.0,1.0,13.0,28.0
2026-01-10,云量(%),80.0,84.0,73.0,91.0,85.0,81.0,91.0,75.0,4.0,27.0,5.0,0.0,0.0,0.0,0.0,0.0,0.0,59.0,77.0,59.0,71.0,58.0,67.0,56.0
2026-01-10,太阳总辐射(MJ/m²),0.0,0.0,0.0,0.0,0.0,0.0,0.0,0.0,0.144,0.77,1.483,2.077,2.466,2.61,2.498,2.146,1.577,0.868,0.202,0.0,0.0,0.0,0.0,0.0
2026-01-11,气温(℃),14.2,13.7,12.4,12.0,11.6,11.0,10.4,9.8,10.0,12.9,15.9,18.0,19.6,20.7,21.1,21.4,21.0,20.3,18.2,17.1,15.5,14.8,14.3,14.0
2026-01-11,降水量(mm),0.0,0.0,0.0,0.0,0.0,0.0,0.0,0.0,0.0,0.0,0.0,0.0,0.0,0.0,0.0,0.0,0.0,0.0,0.0,0.0,0.0,0.0,0.0,0.0
2026-01-11,风速(km/h),11.5,10.7,9.2,9.6,9.8,8.9,8.3,7.4,9.2,6.6,9.2,11.0,10.7,9.8,8.2,8.7,7.9,6.0,2.6,4.8,8.9,9.4,8.8,8.5
2026-01-11,风向(°),42.0,33.0,20.0,17.0,14.0,6.0,4.0,6.0,353.0,351.0,21.0,41.0,49.0,62.0,81.0,86.0,86.0,87.0,115.0,138.0,148.0,154.0,168.0,148.0
2026-01-11,云量(%),64.0,81.0,91.0,87.0,82.0,88.0,87.0,84.0,91.0,66.0,30.0,27.0,20.0,75.0,72.0,80.0,70.0,59.0,0.0,0.0,0.0,0.0,0.0,0.0
2026-01-11,太阳总辐射(MJ/m²),0.0,0.0,0.0,0.0,0.0,0.0,0.0,0.0,0.14,0.77,1.494,2.092,2.488,2.635,2.524,2.171,1.595,0.882,0.209,0.0,0.0,0.0,0.0,0.0
2026-01-12,气温(℃),13.7,13.2,11.9,11.6,11.1,11.0,10.6,10.2,10.9,13.8,16.5,19.1,20.9,22.1,22.8,23.8,23.7,22.5,20.5,18.7,17.3,16.9,16.8,16.1
2026-01-12,降水量(mm),0.0,0.0,0.0,0.0,0.0,0.0,0.0,0.0,0.0,0.0,0.0,0.0,0.0,0.0,0.0,0.0,0.0,0.0,0.0,0.0,0.0,0.0,0.0,0.0
2026-01-12,风速(km/h),7.1,6.5,4.2,2.9,5.1,5.6,6.8,5.8,7.6,5.4,6.0,7.2,6.3,6.1,5.6,4.9,5.7,5.4,3.1,3.5,3.1,1.2,1.3,1.5
2026-01-12,风向(°),124.0,124.0,126.0,112.0,63.0,40.0,37.0,51.0,18.0,26.0,37.0,12.0,357.0,341.0,315.0,278.0,305.0,330.0,28.0,51.0,135.0,141.0,106.0,126.0
2026-01-12,云量(%),16.0,11.0,23.0,0.0,0.0,0.0,0.0,0.0,18.0,30.0,11.0,2.0,2.0,0.0,0.0,0.0,0.0,2.0,3.0,1.0,3.0,2.0,1.0,43.0
2026-01-12,太阳总辐射(MJ/m²),0.0,0.0,0.0,0.0,0.0,0.0,0.0,0.0,0.133,0.713,1.357,1.962,2.38,2.542,2.448,2.095,1.544,0.853,0.205,0.0,0.0,0.0,0.0,0.0
2026-01-13,气温(℃),15.0,14.1,12.9,12.7,12.3,11.7,11.2,11.0,12.0,15.2,18.4,21.2,23.1,24.2,24.5,24.9,24.7,23.9,21.7,20.0,18.5,17.1,16.2,15.8
2026-01-13,降水量(mm),0.0,0.0,0.0,0.0,0.0,0.0,0.0,0.0,0.0,0.0,0.0,0.0,0.0,0.0,0.0,0.0,0.0,0.0,0.0,0.0,0.0,0.0,0.0,0.0
2026-01-13,风速(km/h),2.4,3.1,4.8,5.1,5.1,4.3,4.1,4.6,8.2,5.1,5.2,7.3,7.8,7.5,6.9,6.9,7.0,7.6,7.2,3.8,6.3,9.1,8.1,6.8
2026-01-13,风向(°),153.0,183.0,207.0,219.0,253.0,285.0,293.0,301.0,306.0,328.0,340.0,353.0,5.0,21.0,28.0,43.0,50.0,59.0,103.0,115.0,165.0,170.0,176.0,182.0
2026-01-13,云量(%),27.0,19.0,16.0,0.0,0.0,0.0,0.0,0.0,0.0,0.0,0.0,0.0,0.0,0.0,0.0,0.0,0.0,0.0,0.0,0.0,0.0,0.0,0.0,0.0
2026-01-13,太阳总辐射(MJ/m²),0.0,0.0,0.0,0.0,0.0,0.0,0.0,0.0,0.137,0.745,1.454,2.045,2.444,2.599,2.502,2.153,1.591,0.893,0.22,0.0,0.0,0.0,0.0,0.0
2026-01-14,气温(℃),15.2,14.3,13.1,12.6,12.3,11.8,12.2,12.5,13.1,16.8,19.8,21.4,22.4,23.1,23.5,23.8,23.3,22.1,20.0,18.6,18.0,17.6,17.1,16.6
2026-01-14,降水量(mm),0.0,0.0,0.0,0.0,0.0,0.0,0.0,0.0,0.0,0.0,0.0,0.0,0.0,0.0,0.0,0.0,0.0,0.0,0.0,0.0,0.0,0.0,0.0,0.0
2026-01-14,风速(km/h),6.0,4.5,4.0,3.6,1.9,4.2,5.5,5.8,6.3,5.5,10.1,12.3,13.4,13.6,12.2,11.7,11.2,10.0,8.4,8.2,6.1,7.3,8.3,6.4
2026-01-14,风向(°),173.0,166.0,153.0,143.0,112.0,59.0,71.0,81.0,85.0,103.0,109.0,111.0,112.0,112.0,115.0,119.0,122.0,131.0,138.0,158.0,156.0,144.0,134.0,140.0
2026-01-14,云量(%),0.0,0.0,0.0,0.0,0.0,0.0,0.0,0.0,0.0,0.0,0.0,0.0,0.0,0.0,1.0,0.0,0.0,0.0,0.0,0.0,0.0,0.0,0.0,3.0
2026-01-14,太阳总辐射(MJ/m²),0.0,0.0,0.0,0.0,0.0,0.0,0.0,0.0,0.137,0.738,1.465,2.063,2.459,2.621,2.513,2.174,1.613,0.904,0.227,0.0,0.0,0.0,0.0,0.0
2026-01-15,气温(℃),15.9,15.3,14.2,13.3,12.6,12.4,11.9,11.6,12.8,17.1,20.4,22.7,24.4,25.6,26.0,26.7,26.2,24.6,21.4,19.2,18.0,17.3,16.7,16.2
2026-01-15,降水量(mm),0.0,0.0,0.0,0.0,0.0,0.0,0.0,0.0,0.0,0.0,0.0,0.0,0.0,0.0,0.0,0.0,0.0,0.0,0.0,0.0,0.0,0.0,0.0,0.0
2026-01-15,风速(km/h),4.8,4.6,0.4,4.8,3.8,1.9,2.4,1.9,5.6,2.8,3.9,5.4,5.4,5.2,4.2,5.2,6.2,8.1,10.5,9.5,7.3,8.5,7.4,7.0
2026-01-15,风向(°),138.0,141.0,270.0,307.0,295.0,319.0,351.0,29.0,69.0,55.0,24.0,15.0,15.0,14.0,43.0,56.0,82.0,107.0,142.0,166.0,173.0,159.0,173.0,201.0
2026-01-15,云量(%),7.0,4.0,2.0,1.0,1.0,0.0,0.0,0.0,0.0,0.0,0.0,0.0,0.0,0.0,2.0,3.0,2.0,2.0,0.0,4.0,0.0,23.0,2.0,0.0
2026-01-15,太阳总辐射(MJ/m²),0.0,0.0,0.0,0.0,0.0,0.0,0.0,0.0,0.133,0.742,1.454,2.056,2.459,2.621,2.513,2.135,1.588,0.878,0.227,0.0,0.0,0.0,0.0,0.0
2026-01-16,气温(℃),15.5,14.9,13.9,13.2,12.7,12.5,12.1,11.5,11.8,16.0,20.4,23.2,25.0,26.2,26.3,26.9,26.3,25.3,22.8,20.8,19.2,18.4,17.6,17.1
2026-01-16,降水量(mm),0.0,0.0,0.0,0.0,0.0,0.0,0.0,0.0,0.0,0.0,0.0,0.0,0.0,0.0,0.0,0.0,0.0,0.0,0.0,0.0,0.0,0.0,0.0,0.0
2026-01-16,风速(km/h),7.3,5.6,3.6,2.2,0.2,0.5,1.0,4.2,4.7,2.7,2.3,3.2,3.5,4.6,4.5,7.2,9.2,9.5,8.8,8.0,6.2,8.4,8.5,7.5
2026-01-16,风向(°),187.0,176.0,180.0,171.0,270.0,225.0,135.0,97.0,7.0,28.0,39.0,43.0,62.0,81.0,83.0,93.0,101.0,109.0,136.0,170.0,173.0,165.0,155.0,159.0
2026-01-16,云量(%),0.0,0.0,0.0,0.0,0.0,1.0,2.0,97.0,98.0,2.0,0.0,0.0,0.0,0.0,0.0,2.0,0.0,0.0,0.0,4.0,3.0,5.0,12.0,12.0
2026-01-16,太阳总辐射(MJ/m²),0.0,0.0,0.0,0.0,0.0,0.0,0.0,0.0,0.112,0.644,1.44,2.038,2.43,2.588,2.488,2.142,1.584,0.896,0.234,0.0,0.0,0.0,0.0,0.0
2026-01-17,气温(℃),16.9,16.0,15.3,14.8,14.3,13.8,13.6,13.5,15.0,18.6,21.4,23.3,24.4,25.0,25.9,26.4,25.9,25.1,23.0,21.2,20.0,19.7,19.4,18.6
2026-01-17,降水量(mm),0.0,0.0,0.0,0.0,0.0,0.0,0.0,0.0,0.0,0.0,0.0,0.0,0.0,0.0,0.0,0.0,0.0,0.0,0.0,0.0,0.0,0.0,0.0,0.0
2026-01-17,风速(km/h),7.2,3.2,3.7,2.0,1.7,1.7,2.4,1.9,3.9,2.2,3.4,3.8,3.3,3.0,5.4,7.3,8.2,7.6,7.2,8.0,9.4,9.9,8.5,9.1
2026-01-17,风向(°),166.0,199.0,247.0,207.0,167.0,139.0,138.0,124.0,62.0,35.0,32.0,31.0,29.0,17.0,92.0,100.0,105.0,118.0,127.0,134.0,149.0,159.0,162.0,141.0
2026-01-17,云量(%),2.0,0.0,8.0,12.0,0.0,0.0,2.0,12.0,27.0,98.0,93.0,100.0,100.0,98.0,13.0,14.0,16.0,4.0,3.0,2.0,13.0,29.0,11.0,5.0
2026-01-17,太阳总辐射(MJ/m²),0.0,0.0,0.0,0.0,0.0,0.0,0.0,0.0,0.13,0.695,1.318,1.433,1.519,1.278,1.937,2.056,1.534,0.853,0.238,0.0,0.0,0.0,0.0,0.0
2026-01-18,气温(℃),18.0,17.6,17.2,17.2,17.6,16.9,16.4,16.2,16.8,19.7,21.7,23.4,24.8,25.8,25.8,26.1,25.8,24.9,22.8,20.5,19.2,18.5,17.9,17.3
2026-01-18,降水量(mm),0.0,0.0,0.0,0.0,0.0,0.0,0.0,0.0,0.0,0.0,0.0,0.0,0.0,0.0,0.0,0.0,0.0,0.0,0.0,0.0,0.0,0.0,0.0,0.0
2026-01-18,风速(km/h),7.5,8.3,6.4,7.2,8.0,8.5,9.6,10.1,7.1,6.8,10.7,11.3,11.5,11.6,9.5,8.8,8.5,8.1,9.1,10.4,8.5,8.9,7.8,7.6
2026-01-18,风向(°),136.0,131.0,133.0,109.0,96.0,96.0,96.0,93.0,83.0,87.0,103.0,103.0,101.0,106.0,111.0,113.0,115.0,121.0,142.0,160.0,167.0,159.0,158.0,155.0
2026-01-18,云量(%),4.0,5.0,40.0,89.0,89.0,7.0,2.0,0.0,0.0,2.0,2.0,2.0,2.0,3.0,39.0,55.0,69.0,45.0,3.0,0.0,0.0,0.0,0.0,0.0
2026-01-18,太阳总辐射(MJ/m²),0.0,0.0,0.0,0.0,0.0,0.0,0.0,0.0,0.137,0.756,1.465,2.059,2.459,2.621,2.527,2.182,1.627,0.932,0.252,0.0,0.0,0.0,0.0,0.0
2026-01-19,气温(℃),16.6,16.1,15.2,14.7,14.7,15.0,15.0,14.1,15.4,16.8,19.5,22.5,24.4,25.4,25.5,26.1,25.7,24.4,21.4,19.1,18.1,17.9,17.7,17.4
2026-01-19,降水量(mm),0.0,0.0,0.0,0.0,0.0,0.0,0.0,0.0,0.0,0.0,0.0,0.0,0.0,0.0,0.0,0.0,0.0,0.0,0.0,0.0,0.0,0.0,0.0,0.0
2026-01-19,风速(km/h),6.4,5.1,3.4,3.7,6.3,7.6,6.1,5.3,3.6,3.2,1.6,2.9,4.7,6.4,5.2,7.2,9.2,10.7,11.7,11.4,10.0,9.9,9.6,9.3
2026-01-19,风向(°),162.0,174.0,177.0,133.0,108.0,95.0,85.0,82.0,33.0,71.0,90.0,83.0,106.0,115.0,115.0,112.0,111.0,125.0,146.0,152.0,160.0,155.0,142.0,134.0
2026-01-19,云量(%),0.0,0.0,0.0,2.0,16.0,5.0,3.0,1.0,100.0,96.0,33.0,0.0,0.0,0.0,10.0,20.0,51.0,50.0,4.0,1.0,19.0,13.0,61.0,15.0
2026-01-19,太阳总辐射(MJ/m²),0.0,0.0,0.0,0.0,0.0,0.0,0.0,0.0,0.133,0.324,0.814,1.937,2.441,2.61,2.513,2.092,1.483,0.799,0.241,0.0,0.0,0.0,0.0,0.0
2026-01-20,气温(℃),17.2,16.8,16.0,15.6,15.1,14.6,14.6,14.5,15.5,17.9,20.3,21.6,21.8,21.9,22.0,21.6,20.7,19.9,18.5,16.9,15.6,14.9,14.7,14.4
2026-01-20,降水量(mm),0.0,0.0,0.0,0.0,0.0,0.0,0.0,0.0,0.0,0.0,0.0,0.0,0.0,0.0,0.0,0.0,0.0,0.0,0.0,0.0,0.0,0.0,0.0,0.0
2026-01-20,风速(km/h),7.4,6.0,4.0,3.2,1.6,1.9,6.2,8.3,3.8,4.9,10.1,10.1,10.1,8.6,8.5,7.6,7.9,10.0,12.4,12.8,11.9,9.7,10.6,9.9
2026-01-20,风向(°),131.0,129.0,183.0,177.0,117.0,56.0,38.0,44.0,109.0,90.0,94.0,80.0,84.0,92.0,96.0,65.0,43.0,7.0,2.0,4.0,355.0,349.0,4.0,355.0
2026-01-20,云量(%),0.0,0.0,0.0,0.0,0.0,99.0,98.0,98.0,100.0,1.0,13.0,100.0,100.0,57.0,100.0,100.0,100.0,100.0,59.0,91.0,63.0,93.0,98.0,100.0
2026-01-20,太阳总辐射(MJ/m²),0.0,0.0,0.0,0.0,0.0,0.0,0.0,0.0,0.104,0.511,1.274,1.926,1.706,1.289,0.749,0.659,0.45,0.389,0.162,0.0,0.0,0.0,0.0,0.0
2026-01-21,气温(℃),14.1,13.7,14.0,13.5,12.9,12.4,12.1,11.9,12.3,12.5,13.2,14.0,15.3,14.9,12.7,12.6,12.8,12.4,11.6,11.1,11.1,10.9,10.7,10.7
2026-01-21,降水量(mm),0.0,0.0,0.0,0.0,0.0,0.0,0.0,0.0,0.0,0.0,0.0,0.0,0.0,0.0,0.0,0.0,0.0,0.0,0.0,0.0,0.0,0.0,0.0,0.0
2026-01-21,风速(km/h),11.2,12.3,11.7,13.3,13.9,13.4,12.5,11.2,10.7,13.1,14.7,14.4,13.0,12.6,14.0,13.7,13.9,13.7,13.1,11.6,10.4,9.4,8.5,7.9
2026-01-21,风向(°),344.0,346.0,342.0,344.0,341.0,340.0,342.0,354.0,354.0,352.0,354.0,1.0,6.0,358.0,352.0,351.0,354.0,356.0,352.0,354.0,349.0,349.0,339.0,325.0
2026-01-21,云量(%),100.0,99.0,100.0,100.0,100.0,100.0,100.0,78.0,93.0,56.0,98.0,100.0,84.0,100.0,100.0,100.0,99.0,94.0,100.0,100.0,100.0,100.0,100.0,100.0
2026-01-21,太阳总辐射(MJ/m²),0.0,0.0,0.0,0.0,0.0,0.0,0.0,0.0,0.076,0.518,1.134,1.339,1.836,1.397,1.195,1.08,0.911,0.547,0.162,0.0,0.0,0.0,0.0,0.0
2026-01-22,气温(℃),10.7,10.9,10.4,10.2,9.6,8.9,8.6,8.3,8.6,9.1,10.3,11.1,12.5,13.1,12.1,11.9,11.6,11.4,10.5,9.9,9.6,9.1,9.1,9.0
2026-01-22,降水量(mm),0.0,0.0,0.0,0.0,0.0,0.1,0.0,0.0,0.0,0.0,0.0,0.0,0.0,0.0,0.0,0.0,0.0,0.0,0.0,0.0,0.0,0.0,0.0,0.0
2026-01-22,风速(km/h),8.0,7.3,9.3,12.5,12.4,12.5,11.6,11.6,11.7,14.4,13.5,13.6,12.7,11.5,13.2,13.4,12.4,13.3,12.6,10.7,11.8,10.1,8.2,8.4
2026-01-22,风向(°),324.0,337.0,317.0,332.0,336.0,340.0,347.0,341.0,329.0,342.0,357.0,354.0,353.0,3.0,358.0,353.0,358.0,358.0,355.0,355.0,349.0,343.0,337.0,340.0
2026-01-22,云量(%),100.0,100.0,100.0,100.0,100.0,86.0,98.0,98.0,68.0,48.0,82.0,36.0,56.0,5.0,100.0,93.0,37.0,70.0,16.0,31.0,100.0,100.0,97.0,41.0
2026-01-22,太阳总辐射(MJ/m²),0.0,0.0,0.0,0.0,0.0,0.0,0.0,0.0,0.072,0.536,1.242,1.652,2.156,1.76,2.509,1.4,1.012,0.727,0.22,0.0,0.0,0.0,0.0,0.0
2026-01-23,气温(℃),8.7,8.2,8.1,8.3,8.4,8.6,8.6,8.6,8.8,9.4,10.9,12.3,12.8,13.7,13.0,12.9,12.9,12.5,11.6,10.8,10.2,9.6,9.6,9.6
2026-01-23,降水量(mm),0.0,0.0,0.0,0.0,0.0,0.0,0.0,0.0,0.0,0.0,0.0,0.0,0.0,0.0,0.0,0.0,0.0,0.0,0.0,0.0,0.0,0.0,0.0,0.0
2026-01-23,风速(km/h),8.0,8.7,8.7,10.1,9.3,9.0,9.6,8.5,8.0,7.0,7.0,7.0,6.9,7.4,7.0,7.4,7.9,8.7,8.1,7.1,8.8,6.5,6.6,6.5
2026-01-23,风向(°),340.0,346.0,326.0,335.0,347.0,357.0,357.0,359.0,352.0,4.0,4.0,13.0,7.0,356.0,360.0,354.0,359.0,356.0,356.0,345.0,340.0,341.0,347.0,360.0
2026-01-23,云量(%),19.0,58.0,100.0,100.0,100.0,100.0,100.0,100.0,100.0,100.0,100.0,99.0,100.0,100.0,100.0,94.0,100.0,100.0,71.0,28.0,13.0,41.0,34.0,80.0
2026-01-23,太阳总辐射(MJ/m²),0.0,0.0,0.0,0.0,0.0,0.0,0.0,0.0,0.05,0.252,0.767,1.181,1.044,1.336,1.588,0.889,0.695,0.407,0.13,0.0,0.0,0.0,0.0,0.0
2026-01-24,气温(℃),9.5,9.5,9.2,8.7,8.7,9.0,9.0,8.9,9.4,11.2,12.5,15.3,17.4,18.9,20.6,22.4,21.3,20.4,18.6,17.0,14.4,13.7,12.8,11.8
2026-01-24,降水量(mm),0.0,0.0,0.0,0.0,0.0,0.0,0.0,0.0,0.0,0.0,0.0,0.0,0.0,0.0,0.0,0.0,0.0,0.0,0.0,0.0,0.0,0.0,0.0,0.0
2026-01-24,风速(km/h),6.8,5.6,6.3,5.2,7.0,6.0,5.3,5.9,3.1,3.3,5.2,5.5,4.3,2.2,1.3,4.2,6.1,3.9,1.2,0.8,1.3,0.6,3.4,2.4
2026-01-24,风向(°),343.0,333.0,307.0,326.0,318.0,344.0,332.0,313.0,270.0,319.0,333.0,347.0,360.0,5.0,360.0,353.0,28.0,28.0,309.0,243.0,225.0,198.0,155.0,193.0
2026-01-24,云量(%),100.0,83.0,16.0,73.0,100.0,100.0,76.0,17.0,100.0,100.0,77.0,2.0,9.0,9.0,100.0,40.0,1.0,6.0,5.0,0.0,0.0,0.0,0.0,0.0
2026-01-24,太阳总辐射(MJ/m²),0.0,0.0,0.0,0.0,0.0,0.0,0.0,0.0,0.119,0.284,0.734,1.793,2.354,2.527,2.527,2.149,1.498,0.972,0.284,0.0,0.0,0.0,0.0,0.0
2026-01-25,气温(℃),11.3,11.1,10.5,10.6,11.7,12.3,13.1,13.5,14.3,16.6,18.4,20.2,21.6,22.7,23.2,23.2,22.6,21.3,19.4,17.7,17.7,17.7,17.4,17.2
2026-01-25,降水量(mm),0.0,0.0,0.0,0.0,0.0,0.0,0.0,0.0,0.0,0.0,0.0,0.0,0.0,0.0,0.0,0.0,0.0,0.0,0.0,0.0,0.0,0.0,0.0,0.0
2026-01-25,风速(km/h),1.0,0.7,3.4,5.8,8.0,7.0,9.0,9.9,11.5,14.1,11.8,10.3,8.9,9.1,8.8,10.7,11.8,11.4,9.8,11.2,6.1,6.9,4.8,4.8
2026-01-25,风向(°),225.0,76.0,93.0,116.0,82.0,67.0,75.0,87.0,87.0,96.0,103.0,105.0,108.0,108.0,105.0,103.0,109.0,118.0,126.0,136.0,140.0,129.0,121.0,127.0
2026-01-25,云量(%),25.0,98.0,98.0,97.0,99.0,97.0,5.0,41.0,17.0,7.0,2.0,0.0,0.0,0.0,0.0,0.0,7.0,1.0,0.0,1.0,45.0,100.0,100.0,97.0
2026-01-25,太阳总辐射(MJ/m²),0.0,0.0,0.0,0.0,0.0,0.0,0.0,0.0,0.126,0.734,1.444,2.048,2.495,2.675,2.599,2.272,1.674,0.925,0.288,0.0,0.0,0.0,0.0,0.0
2026-01-26,气温(℃),17.0,17.0,16.7,16.3,15.9,15.9,15.9,15.6,15.2,18.5,20.9,22.5,23.6,24.4,24.2,25.0,25.0,24.5,22.9,20.6,19.6,19.2,18.7,18.0
2026-01-26,降水量(mm),0.0,0.0,0.0,0.0,0.0,0.0,0.0,0.0,0.0,0.0,0.0,0.0,0.0,0.0,0.0,0.0,0.0,0.0,0.0,0.0,0.0,0.0,0.0,0.0
2026-01-26,风速(km/h),4.8,6.3,2.6,2.3,4.4,5.3,6.1,6.0,6.7,4.8,7.3,8.1,7.4,7.0,5.5,5.5,5.2,7.1,7.0,5.7,8.1,8.4,6.6,4.3
2026-01-26,风向(°),110.0,72.0,12.0,23.0,55.0,55.0,47.0,46.0,355.0,29.0,59.0,78.0,90.0,111.0,117.0,107.0,94.0,83.0,113.0,139.0,152.0,152.0,154.0,156.0
2026-01-26,云量(%),100.0,100.0,48.0,48.0,85.0,99.0,85.0,3.0,1.0,2.0,0.0,0.0,16.0,16.0,29.0,64.0,15.0,2.0,4.0,13.0,58.0,47.0,26.0,30.0
2026-01-26,太阳总辐射(MJ/m²),0.0,0.0,0.0,0.0,0.0,0.0,0.0,0.0,0.133,0.738,1.465,2.07,2.448,2.498,2.423,1.962,1.444,0.893,0.27,0.0,0.0,0.0,0.0,0.0
2026-01-27,气温(℃),17.3,16.6,16.3,16.1,16.1,15.9,15.5,14.7,15.8,18.2,20.8,22.9,24.5,25.7,26.5,27.4,27.3,26.8,25.4,23.4,21.6,20.9,20.1,19.1
2026-01-27,降水量(mm),0.0,0.0,0.0,0.0,0.0,0.0,0.0,0.0,0.0,0.0,0.0,0.0,0.0,0.0,0.0,0.0,0.0,0.0,0.0,0.0,0.0,0.0,0.0,0.0
2026-01-27,风速(km/h),2.6,0.4,1.3,2.2,6.1,9.0,7.1,9.5,8.8,7.4,8.1,8.0,8.0,8.0,6.8,6.7,6.9,6.7,5.4,4.3,5.3,4.1,7.0,8.6
2026-01-27,风向(°),141.0,153.0,286.0,275.0,320.0,338.0,341.0,349.0,332.0,3.0,17.0,14.0,10.0,5.0,55.0,34.0,28.0,31.0,50.0,345.0,350.0,67.0,29.0,31.0
2026-01-27,云量(%),41.0,29.0,35.0,96.0,97.0,73.0,2.0,1.0,0.0,0.0,0.0,0.0,0.0,0.0,0.0,13.0,32.0,46.0,34.0,36.0,12.0,16.0,8.0,4.0
2026-01-27,太阳总辐射(MJ/m²),0.0,0.0,0.0,0.0,0.0,0.0,0.0,0.0,0.14,0.774,1.487,2.088,2.509,2.682,2.596,2.275,1.598,0.893,0.277,0.004,0.0,0.0,0.0,0.0
2026-01-28,气温(℃),18.3,17.2,16.6,16.7,16.5,16.0,15.3,14.3,15.6,17.1,18.7,20.4,21.8,22.8,22.3,23.0,22.9,22.6,21.7,20.5,17.8,16.9,16.8,16.7
2026-01-28,降水量(mm),0.0,0.0,0.0,0.0,0.0,0.0,0.0,0.0,0.0,0.0,0.0,0.0,0.0,0.0,0.0,0.0,0.0,0.0,0.0,0.0,0.0,0.0,0.0,0.0
2026-01-28,风速(km/h),7.0,5.6,6.7,6.9,9.1,11.8,10.6,9.4,8.3,10.1,9.4,9.7,9.3,8.8,8.5,8.6,8.5,8.1,7.7,6.7,10.2,8.2,9.6,10.3
2026-01-28,风向(°),58.0,59.0,360.0,43.0,32.0,19.0,21.0,20.0,18.0,25.0,29.0,34.0,41.0,49.0,77.0,79.0,77.0,77.0,65.0,95.0,146.0,142.0,137.0,126.0
2026-01-28,云量(%),5.0,2.0,0.0,13.0,51.0,51.0,5.0,0.0,5.0,9.0,2.0,1.0,1.0,0.0,2.0,2.0,2.0,2.0,2.0,0.0,0.0,4.0,0.0,0.0
2026-01-28,太阳总辐射(MJ/m²),0.0,0.0,0.0,0.0,0.0,0.0,0.0,0.0,0.144,0.767,1.498,2.11,2.524,2.7,2.614,2.257,1.717,1.022,0.313,0.004,0.0,0.0,0.0,0.0
2026-01-29,气温(℃),16.5,16.3,15.7,16.1,16.1,15.7,14.9,14.5,15.3,17.3,18.8,20.5,21.3,21.7,22.3,23.0,22.7,21.5,20.1,18.7,18.4,18.0,17.6,17.1
2026-01-29,降水量(mm),0.0,0.0,0.0,0.2,0.1,0.0,0.0,0.0,0.0,0.0,0.0,0.0,0.0,0.0,0.0,0.0,0.0,0.0,0.0,0.0,0.0,0.0,0.0,0.0
2026-01-29,风速(km/h),9.0,7.7,4.1,6.4,8.0,9.1,10.1,10.6,10.1,11.7,11.4,10.7,9.7,9.4,5.6,6.4,9.2,11.0,12.5,12.2,11.0,11.4,11.0,10.8
2026-01-29,风向(°),119.0,111.0,113.0,101.0,85.0,75.0,80.0,90.0,90.0,95.0,95.0,98.0,100.0,92.0,107.0,133.0,113.0,114.0,134.0,139.0,128.0,123.0,120.0,116.0
2026-01-29,云量(%),12.0,19.0,21.0,55.0,30.0,31.0,16.0,27.0,15.0,7.0,9.0,76.0,96.0,37.0,64.0,88.0,32.0,16.0,10.0,97.0,100.0,100.0,0.0,100.0
2026-01-29,太阳总辐射(MJ/m²),0.0,0.0,0.0,0.0,0.0,0.0,0.0,0.0,0.14,0.742,1.472,2.059,2.293,1.89,2.387,1.552,1.235,0.659,0.292,0.004,0.0,0.0,0.0,0.0
2026-01-30,气温(℃),16.7,16.5,16.1,16.0,16.3,16.2,15.8,15.5,16.5,16.8,17.4,17.5,18.0,18.1,18.5,18.7,18.6,18.4,18.1,17.8,18.6,18.9,18.9,18.6
2026-01-30,降水量(mm),0.3,0.4,0.0,0.2,0.1,0.2,0.1,0.0,0.0,1.5,3.1,2.6,2.1,2.1,1.9,1.3,0.6,0.5,0.3,0.4,0.4,0.0,0.1,0.0
2026-01-30,风速(km/h),10.1,9.5,7.9,7.3,8.2,9.1,8.6,6.8,6.8,4.3,5.3,6.9,6.8,6.0,9.1,6.9,3.6,3.5,4.7,6.3,6.7,6.8,6.7,4.3
2026-01-30,风向(°),114.0,105.0,89.0,73.0,64.0,69.0,64.0,65.0,17.0,345.0,35.0,49.0,63.0,73.0,76.0,70.0,72.0,102.0,106.0,70.0,96.0,101.0,81.0,68.0
2026-01-30,云量(%),100.0,53.0,88.0,98.0,94.0,70.0,41.0,97.0,100.0,100.0,100.0,100.0,100.0,100.0,100.0,100.0,100.0,100.0,100.0,100.0,98.0,100.0,99.0,100.0
2026-01-30,太阳总辐射(MJ/m²),0.0,0.0,0.0,0.0,0.0,0.0,0.0,0.0,0.086,0.137,0.392,0.439,0.616,0.468,0.565,0.5,0.443,0.155,0.068,0.0,0.0,0.0,0.0,0.0
2026-01-31,气温(℃),18.1,17.8,18.0,17.6,17.9,17.2,15.6,14.6,14.6,15.2,15.8,15.6,16.3,16.3,16.6,16.6,16.7,16.4,15.9,15.4,15.8,15.5,15.1,14.6
2026-01-31,降水量(mm),0.0,0.7,1.5,0.1,0.1,2.3,0.5,0.2,0.1,0.0,0.0,0.0,0.1,0.0,0.0,0.0,0.0,0.0,0.0,0.0,0.0,0.0,0.0,0.0
2026-01-31,风速(km/h),5.0,5.4,7.6,9.2,10.5,12.6,14.1,15.3,13.2,10.7,11.3,12.9,15.3,16.5,17.5,17.2,13.3,11.9,10.4,10.6,11.6,11.0,11.7,12.8
2026-01-31,风向(°),26.0,360.0,19.0,354.0,13.0,347.0,343.0,351.0,345.0,9.0,342.0,345.0,348.0,350.0,356.0,10.0,13.0,10.0,2.0,1.0,352.0,359.0,2.0,9.0
2026-01-31,云量(%),95.0,100.0,55.0,95.0,100.0,95.0,100.0,100.0,100.0,100.0,100.0,100.0,98.0,85.0,96.0,94.0,87.0,71.0,60.0,72.0,100.0,100.0,100.0,100.0
2026-01-31,太阳总辐射(MJ/m²),0.0,0.0,0.0,0.0,0.0,0.0,0.0,0.0,0.025,0.151,0.436,0.598,1.116,1.199,1.739,1.188,0.99,0.619,0.234,0.004,0.0,0.0,0.0,0.0
2026-02-01,气温(℃),13.8,13.1,13.0,12.5,12.0,11.5,11.2,10.9,10.7,11.0,11.8,13.6,15.0,16.2,17.4,18.5,18.7,18.3,16.9,15.5,14.5,14.5,14.2,13.9
2026-02-01,降水量(mm),0.1,0.2,0.1,0.0,0.0,0.0,0.0,0.0,0.0,0.0,0.0,0.0,0.0,0.0,0.0,0.0,0.0,0.0,0.0,0.0,0.0,0.0,0.0,0.0
2026-02-01,风速(km/h),12.1,13.0,10.7,11.9,13.4,11.3,10.9,10.6,10.2,10.4,9.0,8.9,8.8,9.0,7.5,7.5,7.5,8.1,4.7,4.2,3.9,4.8,7.0,8.3
2026-02-01,风向(°),12.0,10.0,353.0,350.0,7.0,360.0,352.0,350.0,350.0,359.0,5.0,18.0,23.0,23.0,27.0,24.0,17.0,17.0,32.0,59.0,56.0,15.0,4.0,18.0
2026-02-01,云量(%),100.0,100.0,100.0,100.0,99.0,100.0,100.0,100.0,100.0,100.0,99.0,76.0,73.0,13.0,1.0,0.0,2.0,2.0,0.0,0.0,2.0,2.0,0.0,0.0
2026-02-01,太阳总辐射(MJ/m²),0.0,0.0,0.0,0.0,0.0,0.0,0.0,0.0,0.04,0.216,0.472,1.516,1.768,1.994,2.642,2.318,1.735,1.037,0.335,0.004,0.0,0.0,0.0,0.0
2026-02-02,气温(℃),13.4,13.0,12.7,12.3,11.5,10.9,10.4,10.1,10.6,12.1,13.9,15.9,17.6,18.9,19.6,20.1,20.2,19.8,18.0,16.5,15.4,14.6,13.9,13.5
2026-02-02,降水量(mm),0.0,0.0,0.0,0.0,0.0,0.0,0.0,0.0,0.0,0.0,0.0,0.0,0.0,0.0,0.0,0.0,0.0,0.0,0.0,0.0,0.0,0.0,0.0,0.0
2026-02-02,风速(km/h),9.2,11.1,9.7,10.1,10.8,11.1,10.2,9.8,8.2,11.2,11.4,11.3,11.5,10.9,9.1,9.3,8.4,7.4,4.0,5.0,7.2,7.9,6.1,6.7
2026-02-02,风向(°),23.0,32.0,22.0,10.0,11.0,7.0,7.0,6.0,352.0,358.0,3.0,14.0,20.0,24.0,34.0,36.0,37.0,34.0,21.0,358.0,335.0,344.0,355.0,352.0
2026-02-02,云量(%),6.0,1.0,0.0,0.0,0.0,0.0,0.0,0.0,0.0,0.0,0.0,0.0,0.0,0.0,0.0,0.0,0.0,0.0,0.0,0.0,0.0,15.0,2.0,95.0
2026-02-02,太阳总辐射(MJ/m²),0.0,0.0,0.0,0.0,0.0,0.0,0.0,0.0,0.158,0.796,1.53,2.156,2.585,2.765,2.682,2.34,1.782,1.073,0.353,0.007,0.0,0.0,0.0,0.0
2026-02-03,气温(℃),13.0,13.1,12.9,12.7,12.4,12.2,11.8,11.4,12.5,15.2,17.2,18.5,19.5,20.2,20.5,20.7,20.8,20.1,18.5,16.8,15.7,15.8,15.9,16.0
2026-02-03,降水量(mm),0.0,0.0,0.0,0.0,0.0,0.0,0.0,0.0,0.0,0.0,0.0,0.0,0.0,0.0,0.0,0.0,0.0,0.0,0.0,0.0,0.0,0.0,0.0,0.0
2026-02-03,风速(km/h),7.4,8.4,7.5,7.3,7.0,6.7,6.6,6.3,7.7,6.7,8.1,8.7,8.3,7.8,5.3,6.0,6.4,7.9,6.4,5.5,8.8,8.5,8.8,9.1
2026-02-03,风向(°),13.0,40.0,40.0,42.0,40.0,36.0,41.0,39.0,31.0,46.0,65.0,83.0,86.0,82.0,102.0,100.0,100.0,101.0,119.0,144.0,165.0,152.0,149.0,142.0
2026-02-03,云量(%),64.0,95.0,77.0,17.0,58.0,38.0,24.0,2.0,9.0,3.0,52.0,33.0,91.0,86.0,94.0,90.0,84.0,89.0,91.0,92.0,39.0,45.0,91.0,56.0
2026-02-03,太阳总辐射(MJ/m²),0.0,0.0,0.0,0.0,0.0,0.0,0.0,0.0,0.155,0.796,1.53,2.178,2.578,2.736,2.635,2.045,1.652,0.986,0.349,0.007,0.0,0.0,0.0,0.0
2026-02-04,气温(℃),16.1,15.4,16.2,15.7,15.2,14.8,15.2,15.6,16.1,17.3,18.7,20.5,21.4,22.0,22.4,23.5,23.5,23.1,20.9,18.3,17.4,16.9,16.6,16.4
2026-02-04,降水量(mm),0.0,0.0,0.0,0.0,0.0,0.0,0.0,0.0,0.0,0.0,0.0,0.0,0.0,0.0,0.0,0.0,0.0,0.0,0.0,0.0,0.0,0.0,0.0,0.0
2026-02-04,风速(km/h),8.7,5.5,3.5,3.4,4.3,6.5,7.5,8.3,6.7,7.2,8.1,7.3,6.4,4.5,2.6,4.2,4.6,4.8,10.3,9.2,9.2,8.7,8.2,8.2
2026-02-04,风向(°),132.0,117.0,114.0,108.0,75.0,60.0,57.0,72.0,76.0,87.0,91.0,100.0,82.0,90.0,236.0,216.0,193.0,153.0,125.0,138.0,160.0,162.0,154.0,158.0
2026-02-04,云量(%),13.0,2.0,95.0,86.0,11.0,66.0,100.0,98.0,100.0,100.0,42.0,56.0,76.0,69.0,61.0,58.0,92.0,84.0,38.0,1.0,0.0,0.0,0.0,0.0
2026-02-04,太阳总辐射(MJ/m²),0.0,0.0,0.0,0.0,0.0,0.0,0.0,0.0,0.079,0.302,0.914,1.822,2.02,1.645,1.67,1.652,1.242,0.763,0.274,0.007,0.0,0.0,0.0,0.0
2026-02-05,气温(℃),16.2,15.9,16.1,15.9,15.4,14.6,14.3,14.0,15.4,17.6,20.3,22.6,24.4,26.0,25.9,26.6,26.0,24.6,22.5,20.2,20.4,19.6,18.8,17.9
2026-02-05,降水量(mm),0.0,0.0,0.0,0.0,0.0,0.0,0.0,0.0,0.0,0.0,0.0,0.0,0.0,0.0,0.0,0.0,0.0,0.0,0.0,0.0,0.0,0.0,0.0,0.0
2026-02-05,风速(km/h),7.4,7.2,6.4,4.3,0.5,1.6,1.5,2.8,3.7,4.1,2.0,1.5,1.0,3.6,8.4,5.8,6.3,8.6,8.5,8.5,7.9,8.0,7.4,7.1
2026-02-05,风向(°),162.0,158.0,151.0,138.0,360.0,333.0,14.0,50.0,23.0,52.0,45.0,21.0,31.0,240.0,254.0,236.0,153.0,120.0,118.0,148.0,169.0,162.0,166.0,171.0
2026-02-05,云量(%),0.0,0.0,9.0,5.0,18.0,97.0,100.0,99.0,100.0,47.0,38.0,6.0,7.0,99.0,89.0,63.0,66.0,58.0,33.0,10.0,78.0,2.0,5.0,4.0
2026-02-05,太阳总辐射(MJ/m²),0.0,0.0,0.0,0.0,0.0,0.0,0.0,0.0,0.13,0.497,1.231,2.048,2.524,2.732,2.135,2.077,1.58,0.835,0.259,0.007,0.0,0.0,0.0,0.0
2026-02-06,气温(℃),17.4,17.1,16.4,15.8,15.3,15.3,14.9,14.7,16.1,19.0,21.8,23.8,25.8,27.2,26.9,27.1,26.9,26.5,24.8,22.8,22.0,21.0,20.1,19.3
2026-02-06,降水量(mm),0.0,0.0,0.0,0.0,0.0,0.0,0.0,0.0,0.0,0.0,0.0,0.0,0.0,0.0,0.0,0.1,0.1,0.0,0.0,0.0,0.0,0.0,0.0,0.0
2026-02-06,风速(km/h),6.9,6.7,4.7,3.1,3.2,4.1,1.1,1.4,1.7,1.7,0.6,1.7,1.6,3.1,0.7,1.7,0.8,1.6,4.7,10.1,7.8,6.3,6.8,5.2
2026-02-06,风向(°),174.0,174.0,189.0,230.0,254.0,209.0,162.0,130.0,167.0,122.0,56.0,139.0,180.0,167.0,90.0,32.0,63.0,117.0,137.0,174.0,184.0,182.0,209.0,226.0
2026-02-06,云量(%),0.0,1.0,5.0,5.0,97.0,99.0,100.0,100.0,100.0,26.0,34.0,15.0,4.0,46.0,71.0,49.0,41.0,28.0,32.0,29.0,6.0,1.0,9.0,2.0
2026-02-06,太阳总辐射(MJ/m²),0.0,0.0,0.0,0.0,0.0,0.0,0.0,0.0,0.108,0.598,1.174,1.904,2.484,2.693,2.225,1.966,1.508,0.968,0.324,0.007,0.0,0.0,0.0,0.0
2026-02-07,气温(℃),18.6,18.0,18.0,18.0,18.5,18.9,18.5,17.9,18.5,19.6,20.3,21.8,23.1,24.2,23.0,23.2,23.0,22.7,22.1,21.0,20.0,18.3,17.5,17.1
2026-02-07,降水量(mm),0.0,0.0,0.0,0.0,0.0,0.1,0.0,0.0,0.0,0.0,0.0,0.0,0.0,0.0,0.0,0.0,0.0,0.0,0.0,0.0,0.0,0.0,0.0,0.0
2026-02-07,风速(km/h),4.0,6.2,3.8,4.3,9.5,12.1,13.6,12.7,10.4,13.2,12.5,12.4,12.7,12.7,11.2,12.2,12.8,12.6,10.3,9.0,11.0,12.7,11.0,12.3
2026-02-07,风向(°),238.0,303.0,295.0,332.0,360.0,23.0,39.0,36.0,14.0,28.0,32.0,31.0,36.0,40.0,22.0,17.0,14.0,20.0,33.0,23.0,350.0,344.0,357.0,23.0
2026-02-07,云量(%),36.0,67.0,43.0,38.0,98.0,84.0,66.0,79.0,23.0,47.0,59.0,94.0,100.0,100.0,100.0,100.0,100.0,100.0,100.0,88.0,42.0,80.0,24.0,87.0
2026-02-07,太阳总辐射(MJ/m²),0.0,0.0,0.0,0.0,0.0,0.0,0.0,0.0,0.133,0.745,1.148,1.721,2.254,2.293,1.804,1.199,0.774,0.457,0.191,0.007,0.0,0.0,0.0,0.0
2026-02-08,气温(℃),16.4,15.4,16.5,16.3,15.5,14.7,13.9,13.4,13.7,14.3,14.1,14.8,16.0,17.4,17.5,17.9,17.6,17.4,16.8,15.7,15.2,14.5,13.7,13.0
2026-02-08,降水量(mm),0.0,0.0,0.0,0.0,0.0,0.0,0.0,0.0,0.0,0.0,0.0,0.0,0.0,0.0,0.0,0.0,0.0,0.0,0.0,0.0,0.0,0.0,0.0,0.0
2026-02-08,风速(km/h),15.2,14.4,12.3,13.3,16.3,17.3,17.5,16.5,15.2,16.9,16.5,16.7,16.9,17.3,14.3,13.9,13.3,13.3,12.5,10.4,10.4,7.5,7.8,8.1
2026-02-08,风向(°),34.0,37.0,38.0,36.0,25.0,20.0,25.0,32.0,22.0,24.0,25.0,21.0,16.0,23.0,15.0,25.0,35.0,30.0,28.0,30.0,45.0,30.0,13.0,13.0
2026-02-08,云量(%),53.0,65.0,100.0,98.0,67.0,45.0,100.0,99.0,66.0,100.0,100.0,91.0,92.0,52.0,100.0,100.0,96.0,70.0,6.0,5.0,14.0,9.0,13.0,23.0
2026-02-08,太阳总辐射(MJ/m²),0.0,0.0,0.0,0.0,0.0,0.0,0.0,0.0,0.09,0.569,0.5,0.76,1.433,1.771,2.228,1.519,0.958,0.562,0.295,0.011,0.0,0.0,0.0,0.0
2026-02-09,气温(℃),12.2,11.7,11.5,11.6,11.7,11.6,11.6,11.7,11.6,13.8,15.1,15.6,17.9,17.5,18.0,18.4,17.9,17.7,17.1,16.5,16.3,16.3,16.2,15.8
2026-02-09,降水量(mm),0.0,0.0,0.0,0.0,0.0,0.0,0.0,0.0,0.0,0.0,0.0,0.0,0.0,0.0,0.0,0.0,0.0,0.0,0.0,0.0,0.0,0.0,0.0,0.0
2026-02-09,风速(km/h),8.5,9.1,8.6,8.0,7.8,7.8,6.9,8.9,7.3,8.7,13.6,14.1,13.0,13.6,9.1,10.4,7.8,6.7,6.2,6.2,7.6,9.0,9.5,7.9
2026-02-09,风向(°),6.0,14.0,1.0,10.0,9.0,7.0,14.0,61.0,10.0,58.0,97.0,94.0,110.0,105.0,108.0,124.0,113.0,109.0,116.0,123.0,117.0,116.0,115.0,103.0
2026-02-09,云量(%),3.0,55.0,65.0,66.0,89.0,79.0,85.0,29.0,28.0,100.0,100.0,45.0,100.0,100.0,100.0,100.0,100.0,100.0,98.0,23.0,99.0,100.0,100.0,100.0
2026-02-09,太阳总辐射(MJ/m²),0.0,0.0,0.0,0.0,0.0,0.0,0.0,0.0,0.13,0.63,0.882,1.188,2.182,1.415,1.598,1.087,0.67,0.385,0.144,0.007,0.0,0.0,0.0,0.0
2026-02-10,气温(℃),15.6,15.2,14.6,14.6,14.6,14.8,14.8,14.8,15.2,16.4,17.5,18.8,19.4,20.1,20.0,21.4,21.5,21.1,20.4,18.8,18.1,17.5,16.8,16.1
2026-02-10,降水量(mm),0.2,0.3,0.1,0.1,0.0,0.0,0.0,0.0,0.0,0.0,0.0,0.0,0.0,0.0,0.0,0.0,0.0,0.0,0.0,0.0,0.0,0.0,0.0,0.0
2026-02-10,风速(km/h),7.4,9.9,6.2,6.1,6.3,8.3,10.1,9.0,5.8,7.1,8.4,7.6,7.5,6.1,8.0,9.8,8.3,6.4,5.7,5.4,4.6,2.3,4.0,3.2
2026-02-10,风向(°),93.0,91.0,57.0,67.0,83.0,88.0,91.0,93.0,64.0,80.0,106.0,118.0,111.0,118.0,130.0,134.0,131.0,112.0,79.0,76.0,132.0,122.0,69.0,56.0
2026-02-10,云量(%),100.0,100.0,100.0,100.0,91.0,100.0,100.0,100.0,100.0,100.0,100.0,100.0,100.0,100.0,100.0,100.0,99.0,97.0,16.0,9.0,13.0,15.0,5.0,8.0
2026-02-10,太阳总辐射(MJ/m²),0.0,0.0,0.0,0.0,0.0,0.0,0.0,0.0,0.097,0.252,0.493,0.803,0.835,0.81,0.889,1.174,0.648,0.349,0.198,0.011,0.0,0.0,0.0,0.0
2026-02-11,气温(℃),15.6,15.2,15.4,16.0,16.1,16.3,16.4,16.0,16.2,19.2,21.3,23.1,24.9,26.1,26.2,26.0,25.3,24.9,23.7,22.6,21.4,21.0,19.7,18.4
2026-02-11,降水量(mm),0.0,0.0,0.0,0.0,0.0,0.0,0.0,0.0,0.0,0.0,0.0,0.0,0.0,0.0,0.0,0.0,0.0,0.0,0.0,0.0,0.0,0.0,0.0,0.0
2026-02-11,风速(km/h),3.1,2.9,0.3,0.7,2.0,3.1,6.0,5.5,5.2,5.2,7.4,6.4,7.4,7.8,11.0,12.0,10.4,8.6,7.9,8.4,7.6,6.9,10.3,8.3
2026-02-11,风向(°),59.0,90.0,45.0,180.0,63.0,24.0,33.0,13.0,6.0,12.0,22.0,38.0,7.0,356.0,312.0,321.0,326.0,338.0,3.0,19.0,356.0,343.0,335.0,355.0
2026-02-11,云量(%),13.0,16.0,100.0,100.0,100.0,100.0,69.0,40.0,7.0,23.0,2.0,0.0,1.0,36.0,70.0,76.0,48.0,9.0,21.0,4.0,12.0,23.0,16.0,22.0
2026-02-11,太阳总辐射(MJ/m²),0.0,0.0,0.0,0.0,0.0,0.0,0.0,0.0,0.158,0.76,1.53,2.192,2.65,2.844,2.707,2.142,1.393,1.044,0.374,0.011,0.0,0.0,0.0,0.0
2026-02-12,气温(℃),17.7,17.2,16.7,16.4,16.2,15.8,15.9,15.9,16.6,18.9,19.1,20.5,20.6,21.1,22.1,23.5,23.1,22.1,20.7,18.6,18.0,17.5,17.0,16.8
2026-02-12,降水量(mm),0.0,0.0,0.0,0.0,0.0,0.0,0.0,0.0,0.0,0.0,0.1,0.0,0.0,0.0,0.0,0.0,0.0,0.0,0.0,0.0,0.0,0.0,0.0,0.0
2026-02-12,风速(km/h),6.4,6.7,4.8,6.0,4.0,3.2,7.0,9.2,7.5,6.7,8.3,8.1,10.3,8.2,6.5,7.9,7.8,8.6,10.2,12.1,8.6,9.1,8.7,8.1
2026-02-12,风向(°),350.0,358.0,338.0,333.0,330.0,34.0,87.0,97.0,101.0,114.0,112.0,125.0,121.0,131.0,141.0,129.0,124.0,126.0,139.0,147.0,165.0,158.0,153.0,145.0
2026-02-12,云量(%),29.0,84.0,91.0,88.0,75.0,95.0,27.0,52.0,25.0,100.0,100.0,99.0,100.0,99.0,45.0,51.0,73.0,48.0,5.0,1.0,1.0,5.0,9.0,9.0
2026-02-12,太阳总辐射(MJ/m²),0.0,0.0,0.0,0.0,0.0,0.0,0.0,0.0,0.191,0.756,0.367,1.271,0.619,0.878,1.915,1.912,1.541,0.706,0.324,0.014,0.0,0.0,0.0,0.0
2026-02-13,气温(℃),16.6,16.5,16.7,17.2,17.3,17.3,16.8,16.2,17.5,18.7,21.2,23.5,24.2,24.6,25.2,26.1,25.8,24.8,23.1,21.2,21.2,20.5,19.5,18.7
2026-02-13,降水量(mm),0.0,0.0,0.0,0.0,0.0,0.0,0.0,0.0,0.0,0.0,0.0,0.0,0.0,0.0,0.0,0.0,0.0,0.0,0.0,0.0,0.0,0.0,0.0,0.0
2026-02-13,风速(km/h),7.9,7.5,6.2,5.6,6.2,6.7,7.0,7.4,4.5,7.2,4.3,4.1,2.0,2.9,6.6,7.4,8.8,9.8,10.3,9.0,7.5,6.5,7.6,9.9
2026-02-13,风向(°),133.0,123.0,134.0,121.0,102.0,93.0,87.0,87.0,124.0,109.0,132.0,178.0,207.0,68.0,79.0,90.0,101.0,104.0,117.0,142.0,163.0,177.0,158.0,153.0
2026-02-13,云量(%),5.0,58.0,99.0,98.0,100.0,100.0,6.0,4.0,100.0,90.0,75.0,91.0,100.0,67.0,10.0,7.0,5.0,2.0,3.0,4.0,70.0,45.0,91.0,83.0
2026-02-13,太阳总辐射(MJ/m²),0.0,0.0,0.0,0.0,0.0,0.0,0.0,0.0,0.184,0.266,1.271,1.692,1.303,1.706,2.311,2.333,1.854,1.13,0.403,0.014,0.0,0.0,0.0,0.0
2026-02-14,气温(℃),18.3,17.8,17.0,16.5,16.1,15.5,15.1,14.4,16.2,18.6,22.3,25.0,27.0,28.4,28.4,28.5,27.9,26.4,23.9,21.8,20.9,20.0,19.7,19.3
2026-02-14,降水量(mm),0.0,0.0,0.0,0.0,0.0,0.0,0.0,0.0,0.0,0.0,0.0,0.0,0.0,0.0,0.0,0.0,0.0,0.0,0.0,0.0,0.0,0.0,0.0,0.0
2026-02-14,风速(km/h),8.3,4.9,3.0,2.7,4.6,0.6,1.4,2.9,3.0,4.4,3.4,3.4,4.1,5.4,8.5,11.7,12.9,14.3,12.2,10.6,9.6,10.7,9.8,7.7
2026-02-14,风向(°),164.0,170.0,194.0,203.0,149.0,162.0,157.0,150.0,123.0,102.0,84.0,93.0,124.0,130.0,122.0,133.0,143.0,152.0,158.0,161.0,164.0,160.0,163.0,168.0
2026-02-14,云量(%),100.0,28.0,8.0,24.0,52.0,100.0,98.0,100.0,100.0,20.0,11.0,0.0,0.0,0.0,0.0,0.0,6.0,1.0,1.0,2.0,0.0,1.0,1.0,0.0
2026-02-14,太阳总辐射(MJ/m²),0.0,0.0,0.0,0.0,0.0,0.0,0.0,0.0,0.14,0.659,1.616,2.279,2.714,2.898,2.815,2.477,1.904,1.051,0.425,0.018,0.0,0.0,0.0,0.0
2026-02-15,气温(℃),18.9,18.5,18.8,19.2,19.4,19.6,19.7,19.8,19.8,20.7,21.5,23.5,26.2,28.2,28.0,28.4,27.9,26.7,24.7,22.4,21.8,21.0,20.4,20.3
2026-02-15,降水量(mm),0.0,0.0,0.0,0.0,0.0,0.0,0.0,0.0,0.0,0.0,0.0,0.1,0.0,0.0,0.0,0.0,0.0,0.0,0.0,0.0,0.0,0.0,0.0,0.0
2026-02-15,风速(km/h),5.8,5.2,3.9,3.1,0.9,2.1,3.7,4.5,3.4,5.4,6.0,8.2,8.7,8.2,9.1,10.2,12.2,11.9,10.2,9.5,8.8,7.9,6.4,5.6
2026-02-15,风向(°),184.0,200.0,223.0,230.0,169.0,128.0,104.0,97.0,72.0,90.0,93.0,126.0,138.0,148.0,141.0,135.0,142.0,151.0,156.0,158.0,161.0,163.0,153.0,151.0
2026-02-15,云量(%),2.0,48.0,100.0,100.0,100.0,100.0,100.0,100.0,100.0,100.0,100.0,84.0,50.0,34.0,12.0,2.0,1.0,8.0,1.0,1.0,0.0,52.0,100.0,100.0
2026-02-15,太阳总辐射(MJ/m²),0.0,0.0,0.0,0.0,0.0,0.0,0.0,0.0,0.061,0.248,0.403,0.936,1.814,2.549,2.588,2.243,1.721,1.058,0.432,0.018,0.0,0.0,0.0,0.0
2026-02-16,气温(℃),20.5,20.5,20.5,20.5,20.4,20.3,20.3,20.3,20.8,22.1,23.3,25.1,27.1,29.0,29.7,29.9,29.4,28.2,26.1,23.7,23.1,22.5,21.8,21.3
2026-02-16,降水量(mm),0.0,0.0,0.0,0.0,0.0,0.0,0.0,0.0,0.0,0.1,0.0,0.0,0.0,0.0,0.0,0.0,0.0,0.0,0.0,0.0,0.0,0.0,0.0,0.0
2026-02-16,风速(km/h),9.3,7.0,4.5,3.8,2.8,3.0,3.1,4.3,5.7,6.4,7.1,7.1,6.1,4.4,4.8,7.1,9.3,9.8,11.3,10.9,9.0,8.7,9.0,6.5
2026-02-16,风向(°),158.0,157.0,178.0,163.0,130.0,107.0,80.0,57.0,62.0,79.0,97.0,120.0,137.0,153.0,151.0,144.0,139.0,128.0,129.0,153.0,164.0,156.0,158.0,150.0
2026-02-16,云量(%),100.0,100.0,100.0,100.0,100.0,100.0,100.0,100.0,100.0,100.0,91.0,100.0,60.0,44.0,27.0,59.0,15.0,33.0,34.0,6.0,5.0,4.0,1.0,0.0
2026-02-16,太阳总辐射(MJ/m²),0.0,0.0,0.0,0.0,0.0,0.0,0.0,0.0,0.104,0.428,0.925,1.728,2.214,2.707,2.696,2.221,1.642,1.084,0.425,0.018,0.0,0.0,0.0,0.0
2026-02-17,气温(℃),20.8,20.3,20.1,20.3,19.4,18.4,18.7,18.4,19.2,20.3,20.5,19.9,20.1,20.8,20.9,21.3,21.8,21.7,20.9,20.0,18.9,17.6,16.9,16.3
2026-02-17,降水量(mm),0.0,0.0,0.0,0.0,0.0,0.0,0.0,0.0,0.0,0.0,0.0,0.0,0.0,0.0,0.0,0.0,0.0,0.0,0.0,0.0,0.0,0.0,0.0,0.0
2026-02-17,风速(km/h),1.2,4.9,10.7,11.6,13.1,10.5,12.6,12.8,10.4,13.0,13.1,13.4,13.0,12.2,10.1,9.5,9.3,9.9,10.2,10.7,9.2,10.7,9.8,9.8
2026-02-17,风向(°),219.0,356.0,348.0,353.0,352.0,3.0,31.0,35.0,34.0,37.0,38.0,33.0,33.0,37.0,39.0,29.0,27.0,27.0,21.0,5.0,2.0,354.0,354.0,353.0
2026-02-17,云量(%),0.0,5.0,100.0,95.0,54.0,100.0,100.0,100.0,66.0,100.0,100.0,100.0,100.0,100.0,99.0,91.0,98.0,48.0,42.0,67.0,19.0,17.0,21.0,30.0
2026-02-17,太阳总辐射(MJ/m²),0.0,0.0,0.0,0.0,0.0,0.0,0.0,0.0,0.104,0.824,1.094,0.788,1.087,1.156,1.39,1.44,1.368,0.943,0.36,0.018,0.0,0.0,0.0,0.0
2026-02-18,气温(℃),15.9,16.0,16.8,16.4,15.5,14.9,14.5,14.3,14.6,16.5,18.3,20.0,21.5,22.8,23.0,23.8,23.8,23.3,22.2,21.1,19.3,18.1,17.1,16.8
2026-02-18,降水量(mm),0.0,0.0,0.0,0.0,0.0,0.0,0.0,0.0,0.0,0.0,0.0,0.0,0.0,0.0,0.0,0.0,0.0,0.0,0.0,0.0,0.0,0.0,0.0,0.0
2026-02-18,风速(km/h),9.4,9.0,8.4,9.1,9.1,9.6,10.0,10.1,9.3,11.0,10.3,9.5,9.8,10.2,10.5,9.2,10.3,10.0,8.2,8.0,3.2,6.7,5.4,5.3
2026-02-18,风向(°),352.0,358.0,344.0,345.0,343.0,346.0,354.0,2.0,341.0,6.0,16.0,29.0,38.0,39.0,27.0,39.0,47.0,52.0,75.0,54.0,133.0,161.0,182.0,147.0
2026-02-18,云量(%),68.0,81.0,41.0,13.0,3.0,0.0,0.0,1.0,0.0,0.0,2.0,7.0,2.0,0.0,10.0,23.0,55.0,77.0,72.0,38.0,57.0,55.0,20.0,4.0
2026-02-18,太阳总辐射(MJ/m²),0.0,0.0,0.0,0.0,0.0,0.0,0.0,0.0,0.22,0.9,1.656,2.239,2.668,2.898,2.826,2.398,1.796,1.184,0.446,0.022,0.0,0.0,0.0,0.0
2026-02-19,气温(℃),16.6,16.5,16.6,17.0,17.1,16.9,16.4,15.5,16.1,18.2,20.1,21.6,23.4,24.4,24.4,25.9,26.0,24.6,22.9,20.7,19.4,19.0,17.9,17.1
2026-02-19,降水量(mm),0.0,0.0,0.0,0.0,0.0,0.0,0.0,0.0,0.0,0.0,0.0,0.0,0.0,0.0,0.0,0.0,0.0,0.0,0.0,0.0,0.0,0.0,0.0,0.0
2026-02-19,风速(km/h),5.8,7.7,4.4,5.3,6.4,9.3,9.5,8.9,7.9,9.0,7.6,5.5,4.5,6.4,6.6,8.7,10.6,6.0,6.6,5.1,2.7,2.1,5.0,6.3
2026-02-19,风向(°),104.0,90.0,111.0,80.0,61.0,54.0,57.0,66.0,77.0,74.0,56.0,32.0,353.0,335.0,303.0,294.0,305.0,351.0,49.0,96.0,42.0,165.0,159.0,182.0
2026-02-19,云量(%),9.0,43.0,100.0,98.0,98.0,87.0,29.0,17.0,1.0,2.0,9.0,45.0,35.0,3.0,1.0,9.0,94.0,9.0,21.0,7.0,9.0,16.0,13.0,10.0
2026-02-19,太阳总辐射(MJ/m²),0.0,0.0,0.0,0.0,0.0,0.0,0.0,0.0,0.227,0.914,1.674,2.099,2.336,2.491,2.79,2.354,1.742,1.109,0.436,0.022,0.0,0.0,0.0,0.0
2026-02-20,气温(℃),16.6,16.1,16.0,17.0,17.3,17.5,17.4,16.0,16.4,18.8,21.3,23.3,24.7,25.9,26.5,26.9,27.0,26.1,25.0,22.6,20.6,19.6,18.7,18.2
2026-02-20,降水量(mm),0.0,0.0,0.0,0.0,0.0,0.0,0.0,0.0,0.0,0.0,0.0,0.0,0.0,0.0,0.0,0.0,0.0,0.0,0.0,0.0,0.0,0.0,0.0,0.0
2026-02-20,风速(km/h),3.4,2.2,5.2,6.3,6.4,7.5,7.6,9.0,6.7,7.8,9.0,8.7,8.6,11.0,14.1,14.1,13.3,8.8,3.4,10.4,10.8,9.2,9.2,9.5
2026-02-20,风向(°),245.0,305.0,248.0,219.0,254.0,285.0,304.0,314.0,329.0,353.0,357.0,347.0,331.0,311.0,298.0,295.0,295.0,279.0,302.0,143.0,156.0,174.0,174.0,170.0
2026-02-20,云量(%),4.0,9.0,99.0,92.0,100.0,100.0,3.0,2.0,4.0,0.0,0.0,0.0,2.0,12.0,36.0,52.0,98.0,63.0,12.0,4.0,1.0,0.0,1.0,2.0
2026-02-20,太阳总辐射(MJ/m²),0.0,0.0,0.0,0.0,0.0,0.0,0.0,0.0,0.23,0.929,1.688,2.318,2.747,2.948,2.668,1.696,1.195,0.85,0.432,0.025,0.0,0.0,0.0,0.0
2026-02-21,气温(℃),17.8,17.4,16.9,16.8,16.5,16.2,16.0,15.7,16.6,20.9,23.3,25.3,25.7,25.1,26.1,27.0,25.8,24.2,22.4,20.4,20.0,19.9,19.7,19.5
2026-02-21,降水量(mm),0.0,0.0,0.0,0.0,0.0,0.0,0.0,0.0,0.0,0.0,0.0,0.0,0.0,0.1,0.0,0.0,0.0,0.0,0.0,0.0,0.0,0.0,0.0,0.0
2026-02-21,风速(km/h),9.2,8.0,5.8,5.8,5.0,5.3,6.0,5.3,4.9,6.1,7.8,9.5,9.7,10.8,9.7,12.1,13.8,15.4,15.7,14.8,12.4,11.1,10.3,9.8
2026-02-21,风向(°),176.0,190.0,189.0,182.0,178.0,168.0,159.0,142.0,152.0,156.0,172.0,178.0,156.0,169.0,183.0,174.0,173.0,169.0,160.0,157.0,156.0,158.0,153.0,148.0
2026-02-21,云量(%),0.0,2.0,5.0,12.0,14.0,14.0,30.0,100.0,99.0,23.0,18.0,100.0,100.0,88.0,40.0,94.0,92.0,34.0,5.0,1.0,1.0,1.0,4.0,13.0
2026-02-21,太阳总辐射(MJ/m²),0.0,0.0,0.0,0.0,0.0,0.0,0.0,0.0,0.22,0.896,1.609,2.214,2.016,1.228,1.764,2.203,1.267,0.677,0.385,0.022,0.0,0.0,0.0,0.0
2026-02-22,气温(℃),19.2,19.1,19.1,19.2,19.2,19.1,18.8,18.4,19.7,21.8,24.0,25.5,26.5,27.6,26.7,27.8,27.6,26.5,24.8,23.6,22.8,21.7,21.0,20.4
2026-02-22,降水量(mm),0.0,0.0,0.0,0.0,0.0,0.1,0.0,0.0,0.0,0.0,0.1,0.1,0.2,0.1,0.1,0.1,0.0,0.0,0.0,0.0,0.0,0.0,0.0,0.0
2026-02-22,风速(km/h),11.1,11.2,8.5,7.8,7.6,5.6,5.9,6.1,5.4,4.7,2.8,1.1,1.2,0.2,3.7,5.9,7.4,9.8,9.8,7.4,8.9,9.6,8.9,7.7
2026-02-22,风向(°),146.0,148.0,153.0,146.0,158.0,149.0,140.0,140.0,120.0,86.0,108.0,72.0,309.0,270.0,51.0,70.0,84.0,114.0,137.0,174.0,208.0,203.0,199.0,204.0
2026-02-22,云量(%),1.0,1.0,2.0,63.0,34.0,80.0,94.0,44.0,100.0,91.0,38.0,41.0,41.0,22.0,38.0,55.0,57.0,5.0,1.0,5.0,2.0,0.0,0.0,21.0
2026-02-22,太阳总辐射(MJ/m²),0.0,0.0,0.0,0.0,0.0,0.0,0.0,0.0,0.184,0.562,1.364,2.048,2.347,2.491,2.599,1.951,1.444,0.979,0.349,0.025,0.0,0.0,0.0,0.0
2026-02-23,气温(℃),19.9,19.5,18.9,18.3,17.7,17.4,17.4,17.6,18.9,22.0,24.2,24.5,26.2,25.7,26.5,26.3,25.7,24.5,22.5,21.2,21.4,21.1,20.9,20.4
2026-02-23,降水量(mm),0.0,0.0,0.0,0.0,0.0,0.0,0.0,0.0,0.0,0.0,0.0,0.0,0.0,0.0,0.0,0.0,0.0,0.0,0.0,0.0,0.0,0.0,0.0,0.0
2026-02-23,风速(km/h),7.3,6.4,3.0,1.9,2.3,5.4,6.4,6.1,5.0,3.9,12.1,12.7,16.1,15.5,15.0,15.1,13.9,14.9,15.2,13.4,11.3,10.3,10.0,10.4
2026-02-23,风向(°),210.0,205.0,197.0,124.0,94.0,110.0,119.0,120.0,136.0,112.0,105.0,113.0,117.0,118.0,117.0,117.0,121.0,125.0,138.0,139.0,138.0,133.0,131.0,134.0
2026-02-23,云量(%),11.0,0.0,0.0,0.0,2.0,10.0,64.0,100.0,21.0,48.0,98.0,52.0,97.0,12.0,17.0,8.0,29.0,98.0,97.0,91.0,97.0,100.0,90.0,65.0
2026-02-23,太阳总辐射(MJ/m²),0.0,0.0,0.0,0.0,0.0,0.0,0.0,0.0,0.158,0.648,1.242,1.465,2.394,1.559,2.876,2.416,1.872,1.105,0.238,0.018,0.0,0.0,0.0,0.0
2026-02-24,气温(℃),20.2,20.3,20.4,20.7,20.8,20.7,20.6,20.5,20.8,21.7,23.0,24.6,26.1,27.1,25.7,27.7,26.6,26.7,25.1,24.1,23.4,22.7,21.6,20.8
2026-02-24,降水量(mm),0.0,0.1,0.0,0.0,0.0,0.1,0.0,0.0,0.0,0.0,0.0,0.1,0.1,0.0,0.1,0.1,0.0,0.0,0.0,0.0,0.0,0.0,0.0,0.0
2026-02-24,风速(km/h),9.0,9.2,6.4,6.2,6.2,5.4,6.1,6.8,5.9,6.6,6.7,5.4,4.2,4.0,5.3,2.1,3.2,6.5,8.4,7.8,3.9,5.2,5.2,3.6
2026-02-24,风向(°),125.0,113.0,140.0,126.0,112.0,90.0,90.0,93.0,70.0,81.0,114.0,138.0,155.0,172.0,156.0,200.0,137.0,124.0,132.0,142.0,127.0,139.0,158.0,174.0
2026-02-24,云量(%),100.0,72.0,100.0,100.0,100.0,100.0,100.0,100.0,100.0,100.0,99.0,80.0,100.0,75.0,66.0,100.0,97.0,100.0,100.0,100.0,72.0,10.0,9.0,100.0
2026-02-24,太阳总辐射(MJ/m²),0.0,0.0,0.0,0.0,0.0,0.0,0.0,0.0,0.079,0.324,0.673,1.091,1.66,1.67,1.876,2.002,0.439,0.652,0.101,0.007,0.0,0.0,0.0,0.0
2026-02-25,气温(℃),20.4,20.3,20.3,20.3,20.1,20.2,20.2,19.7,20.7,23.3,24.6,26.2,27.4,28.3,27.0,26.8,25.9,25.0,23.9,22.4,22.1,21.5,21.1,21.1
2026-02-25,降水量(mm),0.0,0.0,0.0,0.0,0.0,0.0,0.0,0.0,0.0,0.0,0.1,0.0,0.0,0.0,0.0,0.0,0.0,0.0,0.0,0.0,0.0,0.0,0.0,0.0
2026-02-25,风速(km/h),2.4,1.0,1.5,0.2,1.4,3.0,3.7,1.8,3.8,5.7,8.3,9.2,10.1,9.4,7.1,7.4,10.1,11.4,9.9,10.7,8.7,9.5,11.0,10.9
2026-02-25,风向(°),171.0,211.0,194.0,270.0,220.0,287.0,349.0,336.0,8.0,44.0,77.0,89.0,94.0,107.0,135.0,133.0,139.0,143.0,147.0,145.0,148.0,141.0,131.0,134.0
2026-02-25,云量(%),100.0,100.0,100.0,100.0,100.0,100.0,99.0,100.0,90.0,57.0,69.0,55.0,58.0,100.0,100.0,100.0,99.0,87.0,99.0,95.0,20.0,9.0,100.0,68.0
2026-02-25,太阳总辐射(MJ/m²),0.0,0.0,0.0,0.0,0.0,0.0,0.0,0.0,0.169,0.781,0.976,1.512,2.117,1.948,1.354,0.403,0.324,0.378,0.317,0.018,0.0,0.0,0.0,0.0
2026-02-26,气温(℃),20.7,20.8,20.5,20.3,20.1,19.7,19.4,19.2,20.6,21.9,23.7,25.4,25.9,25.9,24.9,25.6,24.6,23.8,22.4,21.4,21.1,20.9,20.6,20.5
2026-02-26,降水量(mm),0.1,0.1,0.1,0.0,0.0,0.0,0.0,0.0,0.0,0.0,0.0,0.0,0.1,0.1,0.3,0.1,0.0,0.0,0.0,0.0,0.0,0.0,0.0,0.0
2026-02-26,风速(km/h),10.8,9.2,6.0,7.7,6.9,8.4,7.6,8.3,12.8,14.0,14.7,15.1,15.1,14.5,12.2,12.2,13.2,10.4,10.4,11.4,8.7,10.6,9.4,10.7
2026-02-26,风向(°),126.0,121.0,129.0,126.0,120.0,113.0,115.0,131.0,130.0,134.0,140.0,154.0,155.0,163.0,172.0,180.0,154.0,152.0,144.0,145.0,159.0,148.0,150.0,144.0
2026-02-26,云量(%),95.0,99.0,27.0,16.0,16.0,13.0,7.0,12.0,100.0,73.0,66.0,49.0,74.0,55.0,100.0,97.0,67.0,96.0,100.0,100.0,97.0,91.0,100.0,100.0
2026-02-26,太阳总辐射(MJ/m²),0.0,0.0,0.0,0.0,0.0,0.0,0.0,0.0,0.238,0.482,1.217,1.656,1.998,1.53,1.678,1.724,1.332,0.918,0.18,0.011,0.0,0.0,0.0,0.0
2026-02-27,气温(℃),20.4,20.1,20.5,20.1,20.2,19.9,19.7,19.0,21.1,22.4,23.8,26.1,25.3,25.8,25.6,25.6,25.1,24.8,24.0,22.6,21.9,21.8,21.5,21.6
2026-02-27,降水量(mm),0.0,0.0,0.1,0.6,0.3,0.0,0.0,0.0,0.0,0.1,0.1,0.1,0.0,0.1,0.3,0.1,0.1,0.0,0.0,0.0,0.0,0.0,0.0,0.3
2026-02-27,风速(km/h),9.8,8.2,7.9,4.1,1.2,5.5,5.4,4.4,4.4,6.9,4.9,4.0,6.8,9.0,6.6,8.9,9.6,10.2,10.6,10.6,9.7,8.3,7.6,9.9
2026-02-27,风向(°),144.0,140.0,147.0,135.0,63.0,126.0,146.0,128.0,125.0,137.0,129.0,153.0,153.0,154.0,167.0,162.0,168.0,162.0,157.0,154.0,146.0,138.0,152.0,153.0
2026-02-27,云量(%),80.0,89.0,46.0,95.0,58.0,25.0,16.0,40.0,100.0,96.0,68.0,100.0,100.0,91.0,100.0,100.0,100.0,100.0,33.0,30.0,98.0,84.0,100.0,100.0
2026-02-27,太阳总辐射(MJ/m²),0.0,0.0,0.0,0.0,0.0,0.0,0.0,0.0,0.234,0.407,0.76,1.663,0.724,1.346,1.674,0.954,0.781,0.49,0.396,0.025,0.0,0.0,0.0,0.0
2026-02-28,气温(℃),21.4,21.3,21.1,21.2,21.1,21.1,21.1,21.0,21.3,21.8,22.8,23.9,22.6,22.7,23.2,22.4,22.2,21.0,20.5,20.3,19.5,19.6,19.6,19.7
2026-02-28,降水量(mm),0.2,0.0,0.1,0.6,0.4,0.6,0.8,0.5,0.2,0.4,0.0,0.0,0.1,0.4,0.2,0.1,0.0,0.1,0.2,0.1,0.6,0.1,0.0,0.0
2026-02-28,风速(km/h),10.5,10.5,10.9,9.7,7.9,9.1,8.6,11.1,9.0,13.5,16.4,19.2,18.3,19.1,16.0,17.5,15.9,14.8,14.2,13.5,14.1,16.0,15.1,13.9
2026-02-28,风向(°),141.0,143.0,121.0,149.0,125.0,146.0,160.0,129.0,119.0,119.0,122.0,132.0,130.0,125.0,121.0,130.0,118.0,111.0,112.0,109.0,109.0,111.0,116.0,115.0
2026-02-28,云量(%),100.0,100.0,100.0,100.0,100.0,100.0,100.0,100.0,100.0,100.0,100.0,100.0,100.0,100.0,100.0,100.0,100.0,100.0,100.0,100.0,100.0,100.0,100.0,100.0
2026-02-28,太阳总辐射(MJ/m²),0.0,0.0,0.0,0.0,0.0,0.0,0.0,0.0,0.05,0.277,0.76,1.483,0.756,0.904,0.972,0.803,0.482,0.274,0.122,0.011,0.0,0.0,0.0,0.0
2026-03-01,气温(℃),19.9,20.0,20.3,20.2,20.3,20.4,20.5,20.6,20.8,21.5,22.2,23.1,24.1,24.6,25.3,25.7,26.0,25.4,24.4,22.9,22.5,21.9,21.7,21.6
2026-03-01,降水量(mm),0.0,0.0,0.1,0.1,0.0,0.0,0.0,0.0,0.0,0.0,0.0,0.0,0.0,0.1,0.2,0.1,0.1,0.0,0.0,0.0,0.0,0.0,0.0,0.0
2026-03-01,风速(km/h),13.5,14.2,14.3,15.2,16.5,15.2,15.3,15.7,12.6,18.1,20.5,19.5,19.0,19.9,18.3,19.5,19.1,16.1,12.6,10.2,10.5,9.3,7.5,7.1
2026-03-01,风向(°),115.0,116.0,115.0,117.0,120.0,124.0,126.0,131.0,131.0,137.0,141.0,148.0,157.0,157.0,173.0,177.0,181.0,175.0,163.0,148.0,139.0,137.0,153.0,144.0
2026-03-01,云量(%),100.0,100.0,100.0,100.0,100.0,100.0,100.0,100.0,100.0,100.0,100.0,100.0,100.0,99.0,67.0,47.0,48.0,88.0,28.0,33.0,15.0,18.0,23.0,37.0
2026-03-01,太阳总辐射(MJ/m²),0.0,0.0,0.0,0.0,0.0,0.0,0.0,0.0,0.079,0.313,0.544,0.828,1.058,1.087,1.724,1.966,1.652,1.026,0.374,0.029,0.0,0.0,0.0,0.0
2026-03-02,气温(℃),21.6,21.7,21.5,21.5,21.7,21.9,22.1,22.2,22.9,24.7,26.0,27.5,28.2,25.4,27.1,27.6,26.5,24.3,22.8,22.1,22.2,21.8,20.4,19.3
2026-03-02,降水量(mm),0.0,0.0,0.0,0.0,0.0,0.0,0.0,0.0,0.1,0.2,0.1,0.0,0.0,0.7,0.2,0.1,1.1,0.4,1.6,1.3,6.2,0.0,0.0,0.0
2026-03-02,风速(km/h),8.6,9.0,7.1,5.8,4.8,5.5,8.3,7.3,7.5,9.2,9.6,7.7,7.8,9.8,14.9,10.9,8.3,1.9,8.8,10.0,3.2,10.5,12.6,12.9
2026-03-02,风向(°),150.0,150.0,153.0,146.0,127.0,122.0,146.0,152.0,130.0,164.0,183.0,183.0,184.0,187.0,188.0,196.0,240.0,197.0,321.0,345.0,227.0,333.0,338.0,340.0
2026-03-02,云量(%),70.0,91.0,82.0,100.0,100.0,100.0,100.0,100.0,31.0,55.0,13.0,73.0,100.0,52.0,48.0,93.0,66.0,100.0,100.0,100.0,25.0,39.0,59.0,33.0
2026-03-02,太阳总辐射(MJ/m²),0.0,0.0,0.0,0.0,0.0,0.0,0.0,0.0,0.108,0.688,1.339,2.171,2.048,1.451,2.11,1.57,0.709,0.626,0.155,0.011,0.0,0.0,0.0,0.0
2026-03-03,气温(℃),18.5,18.5,18.8,18.2,17.7,17.1,16.7,16.3,17.0,18.6,18.9,19.8,18.6,18.8,18.6,16.0,16.2,16.5,15.9,15.7,16.0,15.8,15.7,15.3
2026-03-03,降水量(mm),0.0,0.0,0.0,0.0,0.0,0.0,0.0,0.0,0.0,0.0,0.2,0.4,0.7,0.5,0.7,0.9,1.0,1.3,2.9,1.1,0.6,2.0,6.2,4.6
2026-03-03,风速(km/h),11.4,12.1,10.9,10.1,11.3,11.1,10.7,11.6,11.8,13.5,12.7,11.7,10.7,11.5,15.1,15.3,12.1,13.8,10.1,10.7,7.2,9.9,9.6,12.3
2026-03-03,风向(°),337.0,357.0,331.0,338.0,352.0,352.0,347.0,338.0,337.0,351.0,354.0,5.0,14.0,22.0,343.0,348.0,2.0,17.0,335.0,17.0,4.0,341.0,6.0,349.0
2026-03-03,云量(%),100.0,99.0,97.0,45.0,16.0,14.0,56.0,45.0,14.0,66.0,99.0,100.0,100.0,100.0,100.0,100.0,100.0,99.0,100.0,100.0,100.0,100.0,100.0,100.0
2026-03-03,太阳总辐射(MJ/m²),0.0,0.0,0.0,0.0,0.0,0.0,0.0,0.004,0.241,0.958,0.893,1.523,0.454,0.918,0.587,0.324,0.486,0.576,0.144,0.007,0.0,0.0,0.0,0.0
2026-03-04,气温(℃),14.8,14.5,14.8,14.3,13.9,13.6,13.5,13.5,13.4,14.4,15.0,15.4,16.8,18.4,18.3,18.4,17.4,16.7,16.2,15.7,15.5,15.4,15.2,15.1
2026-03-04,降水量(mm),3.1,2.6,3.6,3.3,3.2,4.6,2.8,1.6,0.2,0.1,0.1,0.0,0.0,0.0,0.0,0.0,0.1,0.1,0.2,0.1,0.0,0.1,0.1,0.0
2026-03-04,风速(km/h),13.1,11.4,11.2,11.1,11.0,10.6,9.8,9.5,8.4,12.3,11.2,11.9,9.3,8.3,9.7,7.8,8.6,10.1,8.0,6.2,7.0,7.8,7.1,5.5
2026-03-04,风向(°),352.0,344.0,338.0,333.0,339.0,358.0,342.0,358.0,345.0,10.0,22.0,30.0,25.0,24.0,1.0,9.0,2.0,360.0,10.0,7.0,10.0,328.0,336.0,341.0
2026-03-04,云量(%),100.0,100.0,100.0,100.0,100.0,100.0,100.0,100.0,100.0,100.0,100.0,100.0,100.0,100.0,99.0,100.0,100.0,100.0,100.0,100.0,100.0,100.0,100.0,100.0
2026-03-04,太阳总辐射(MJ/m²),0.0,0.0,0.0,0.0,0.0,0.0,0.0,0.0,0.18,0.284,0.407,0.338,1.051,1.289,0.896,1.141,0.259,0.151,0.119,0.011,0.0,0.0,0.0,0.0
2026-03-05,气温(℃),15.2,15.1,14.8,14.9,15.2,15.6,15.6,15.4,15.5,16.4,17.9,20.4,21.9,23.4,23.6,23.6,23.2,22.2,21.4,20.7,19.6,19.4,19.1,18.8
2026-03-05,降水量(mm),0.0,0.0,0.0,0.0,0.0,0.0,0.0,0.0,0.0,0.0,0.0,0.0,0.0,0.0,0.0,0.0,0.0,0.0,0.0,0.0,0.0,0.0,0.0,0.0
2026-03-05,风速(km/h),4.1,3.6,2.9,3.8,4.9,8.5,7.8,8.4,8.5,8.5,6.2,5.4,6.4,7.6,8.7,10.3,12.0,11.5,4.2,2.0,6.5,10.3,11.5,9.8
2026-03-05,风向(°),326.0,303.0,292.0,341.0,10.0,27.0,15.0,11.0,356.0,4.0,22.0,37.0,29.0,19.0,8.0,358.0,346.0,346.0,340.0,280.0,3.0,360.0,4.0,8.0
2026-03-05,云量(%),100.0,77.0,98.0,100.0,100.0,95.0,100.0,100.0,100.0,98.0,0.0,0.0,0.0,54.0,100.0,100.0,92.0,99.0,91.0,100.0,100.0,100.0,100.0,100.0
2026-03-05,太阳总辐射(MJ/m²),0.0,0.0,0.0,0.0,0.0,0.0,0.0,0.004,0.115,0.454,1.069,2.362,2.822,3.006,2.632,1.606,1.246,0.695,0.317,0.025,0.0,0.0,0.0,0.0
2026-03-06,气温(℃),18.6,17.4,16.5,16.1,15.5,14.9,14.3,13.7,14.8,16.6,18.0,19.6,20.9,21.9,22.1,22.6,22.7,22.3,21.1,19.4,18.4,18.3,17.9,17.5
2026-03-06,降水量(mm),0.0,0.0,0.0,0.0,0.0,0.0,0.0,0.0,0.0,0.0,0.0,0.0,0.0,0.0,0.0,0.0,0.0,0.0,0.0,0.0,0.0,0.0,0.0,0.0
2026-03-06,风速(km/h),8.6,7.2,6.8,8.7,10.1,10.1,10.3,8.9,9.7,13.0,14.0,12.7,12.1,12.0,10.1,7.5,7.7,8.7,4.8,5.2,9.5,10.0,10.1,8.9
2026-03-06,风向(°),15.0,13.0,357.0,339.0,341.0,340.0,353.0,353.0,333.0,354.0,8.0,13.0,17.0,22.0,33.0,55.0,69.0,60.0,77.0,90.0,68.0,56.0,66.0,69.0
2026-03-06,云量(%),99.0,98.0,95.0,100.0,98.0,89.0,6.0,0.0,0.0,3.0,0.0,0.0,9.0,13.0,7.0,4.0,8.0,7.0,1.0,1.0,2.0,4.0,19.0,7.0
2026-03-06,太阳总辐射(MJ/m²),0.0,0.0,0.0,0.0,0.0,0.0,0.0,0.007,0.342,1.073,1.832,2.473,2.898,3.071,2.97,2.632,2.027,1.278,0.518,0.04,0.0,0.0,0.0,0.0
2026-03-07,气温(℃),17.1,16.6,16.0,15.9,15.8,15.5,15.5,15.4,16.1,18.4,20.3,21.5,22.2,23.1,23.1,23.6,23.3,22.5,20.5,17.9,17.5,17.4,17.2,17.1
2026-03-07,降水量(mm),0.0,0.0,0.0,0.0,0.0,0.0,0.0,0.0,0.0,0.0,0.0,0.0,0.0,0.0,0.0,0.0,0.0,0.0,0.0,0.0,0.0,0.0,0.0,0.0
2026-03-07,风速(km/h),8.9,6.8,6.2,6.2,5.9,6.8,6.6,7.2,4.0,4.2,6.4,8.9,9.1,8.8,6.8,7.7,8.6,7.2,8.5,11.0,11.4,10.4,10.2,11.0
2026-03-07,风向(°),71.0,61.0,54.0,52.0,35.0,25.0,21.0,19.0,342.0,25.0,68.0,84.0,81.0,78.0,79.0,69.0,67.0,90.0,134.0,148.0,145.0,129.0,124.0,125.0
2026-03-07,云量(%),20.0,0.0,0.0,20.0,34.0,55.0,100.0,100.0,2.0,0.0,0.0,43.0,40.0,54.0,34.0,44.0,17.0,0.0,0.0,0.0,1.0,1.0,2.0,1.0
2026-03-07,太阳总辐射(MJ/m²),0.0,0.0,0.0,0.0,0.0,0.0,0.0,0.004,0.173,1.008,1.818,2.329,2.509,2.552,2.466,2.203,1.764,1.22,0.518,0.04,0.0,0.0,0.0,0.0
2026-03-08,气温(℃),17.0,16.8,16.8,16.6,16.2,15.9,15.6,15.2,16.6,18.2,19.7,21.2,22.3,23.2,23.9,24.2,23.8,23.3,22.0,19.7,19.0,18.8,19.0,18.4
2026-03-08,降水量(mm),0.0,0.0,0.0,0.0,0.0,0.0,0.0,0.0,0.0,0.0,0.0,0.0,0.0,0.0,0.0,0.0,0.0,0.0,0.0,0.0,0.0,0.0,0.0,0.0
2026-03-08,风速(km/h),10.6,11.3,10.6,8.5,6.7,6.9,8.7,10.0,9.2,9.3,8.1,7.3,7.9,8.6,6.8,7.2,8.8,7.2,4.3,9.3,8.2,8.3,8.6,7.0
2026-03-08,风向(°),114.0,117.0,130.0,128.0,110.0,85.0,69.0,77.0,69.0,82.0,89.0,79.0,57.0,57.0,78.0,90.0,101.0,91.0,92.0,140.0,154.0,146.0,127.0,122.0
2026-03-08,云量(%),5.0,1.0,1.0,1.0,1.0,7.0,2.0,0.0,13.0,1.0,0.0,0.0,0.0,0.0,0.0,29.0,36.0,30.0,59.0,100.0,98.0,100.0,96.0,23.0
2026-03-08,太阳总辐射(MJ/m²),0.0,0.0,0.0,0.0,0.0,0.0,0.0,0.007,0.349,1.062,1.786,2.477,2.909,3.074,2.97,2.556,1.721,1.087,0.446,0.036,0.0,0.0,0.0,0.0
2026-03-09,气温(℃),18.1,17.7,18.1,17.7,17.4,17.4,17.5,17.3,18.2,19.4,20.4,20.6,20.5,20.9,22.4,22.6,22.6,22.2,20.6,20.1,19.4,18.2,17.2,16.5
2026-03-09,降水量(mm),0.0,0.0,0.0,0.0,0.0,0.0,0.0,0.0,0.0,0.0,0.0,0.0,0.0,0.0,0.0,0.0,0.0,0.1,0.2,0.1,0.0,0.0,0.1,0.0
2026-03-09,风速(km/h),6.4,8.0,5.8,5.6,6.2,6.9,7.8,8.1,7.4,7.1,7.3,7.4,8.1,7.9,7.0,8.7,3.0,4.9,6.3,10.8,16.2,14.3,15.8,14.2
2026-03-09,风向(°),112.0,108.0,110.0,94.0,78.0,70.0,77.0,72.0,34.0,45.0,38.0,39.0,29.0,35.0,42.0,40.0,76.0,327.0,329.0,11.0,345.0,355.0,349.0,347.0
2026-03-09,云量(%),18.0,9.0,13.0,77.0,98.0,100.0,99.0,100.0,48.0,100.0,100.0,100.0,100.0,99.0,100.0,100.0,100.0,100.0,100.0,100.0,100.0,100.0,100.0,100.0
2026-03-09,太阳总辐射(MJ/m²),0.0,0.0,0.0,0.0,0.0,0.0,0.0,0.007,0.162,0.691,0.788,0.677,0.63,0.72,1.181,1.253,0.756,0.432,0.112,0.007,0.0,0.0,0.0,0.0
2026-03-10,气温(℃),16.1,15.7,15.4,15.2,14.7,14.1,14.0,14.2,14.2,14.8,15.6,16.2,16.7,16.9,16.9,17.3,17.9,17.9,17.3,16.7,15.9,15.5,15.2,14.6
2026-03-10,降水量(mm),0.1,0.0,0.0,0.0,0.4,0.2,0.1,0.0,0.0,0.0,0.0,0.0,0.0,0.0,0.0,0.0,0.0,0.0,0.0,0.0,0.0,0.0,0.0,0.0
2026-03-10,风速(km/h),11.5,10.3,9.1,10.4,11.9,10.9,9.7,10.3,8.7,9.3,9.1,9.3,8.7,7.0,7.5,7.4,7.6,7.2,7.4,6.9,5.8,4.9,4.9,2.6
2026-03-10,风向(°),357.0,360.0,346.0,340.0,345.0,347.0,349.0,355.0,347.0,9.0,18.0,16.0,17.0,4.0,10.0,4.0,5.0,4.0,347.0,340.0,334.0,332.0,321.0,309.0
2026-03-10,云量(%),100.0,100.0,100.0,100.0,100.0,100.0,100.0,100.0,100.0,100.0,100.0,100.0,100.0,100.0,100.0,100.0,100.0,100.0,100.0,100.0,84.0,13.0,9.0,100.0
2026-03-10,太阳总辐射(MJ/m²),0.0,0.0,0.0,0.0,0.0,0.0,0.0,0.004,0.155,0.263,0.41,0.54,0.832,0.598,1.249,0.886,0.95,0.526,0.173,0.014,0.0,0.0,0.0,0.0
2026-03-11,气温(℃),14.3,13.9,14.0,14.2,13.8,13.6,13.8,14.0,15.6,17.1,18.4,19.6,20.0,21.2,21.5,21.6,21.6,21.2,20.2,18.5,16.9,16.4,15.9,15.6
2026-03-11,降水量(mm),0.0,0.0,0.0,0.0,0.0,0.0,0.0,0.0,0.0,0.0,0.0,0.0,0.0,0.1,0.1,0.0,0.0,0.0,0.0,0.0,0.0,0.0,0.0,0.0
2026-03-11,风速(km/h),3.2,4.2,4.0,4.1,3.3,4.0,3.7,4.5,5.4,6.0,5.1,3.8,3.1,4.2,4.8,6.3,7.6,7.3,5.0,4.8,9.0,7.4,5.7,5.3
2026-03-11,风向(°),267.0,277.0,302.0,308.0,299.0,328.0,321.0,331.0,346.0,29.0,72.0,65.0,10.0,342.0,329.0,342.0,357.0,7.0,41.0,110.0,168.0,184.0,162.0,192.0
2026-03-11,云量(%),100.0,100.0,100.0,100.0,100.0,7.0,59.0,84.0,27.0,42.0,98.0,100.0,100.0,100.0,62.0,27.0,52.0,84.0,41.0,29.0,5.0,1.0,0.0,1.0
2026-03-11,太阳总辐射(MJ/m²),0.0,0.0,0.0,0.0,0.0,0.0,0.0,0.007,0.173,0.662,1.112,1.487,1.22,1.962,2.185,1.523,1.278,0.608,0.259,0.029,0.0,0.0,0.0,0.0
2026-03-12,气温(℃),15.0,14.5,14.5,14.2,13.7,13.4,13.4,13.5,14.9,17.4,19.9,21.9,23.4,24.0,25.1,25.2,25.0,24.8,22.5,19.3,17.4,17.1,17.3,17.4
2026-03-12,降水量(mm),0.0,0.0,0.0,0.0,0.0,0.0,0.0,0.0,0.0,0.0,0.0,0.0,0.0,0.0,0.0,0.0,0.0,0.0,0.0,0.0,0.0,0.0,0.0,0.0
2026-03-12,风速(km/h),4.4,3.6,3.0,1.0,0.7,4.5,5.3,4.3,1.9,5.2,5.7,8.2,12.0,11.9,12.2,11.9,11.7,10.4,5.6,6.9,11.4,10.6,8.4,8.6
2026-03-12,风向(°),199.0,210.0,197.0,202.0,14.0,50.0,28.0,15.0,338.0,12.0,18.0,40.0,49.0,49.0,57.0,59.0,46.0,36.0,65.0,131.0,149.0,148.0,140.0,121.0
2026-03-12,云量(%),6.0,9.0,10.0,9.0,98.0,98.0,100.0,100.0,100.0,53.0,29.0,1.0,0.0,0.0,0.0,0.0,0.0,0.0,0.0,0.0,0.0,0.0,0.0,0.0
2026-03-12,太阳总辐射(MJ/m²),0.0,0.0,0.0,0.0,0.0,0.0,0.0,0.011,0.292,0.871,1.721,2.455,2.977,3.164,3.067,2.707,2.102,1.343,0.554,0.047,0.0,0.0,0.0,0.0
2026-03-13,气温(℃),17.3,17.0,16.6,16.3,15.7,15.3,14.9,14.7,16.5,18.5,19.5,20.5,21.2,21.5,22.2,21.9,21.3,19.5,18.1,16.3,16.2,16.1,15.7,15.8
2026-03-13,降水量(mm),0.0,0.0,0.0,0.0,0.0,0.0,0.0,0.0,0.0,0.0,0.0,0.0,0.0,0.0,0.0,0.0,0.0,0.0,0.0,0.0,0.0,0.0,0.0,0.0
2026-03-13,风速(km/h),10.6,12.9,11.1,11.4,10.1,9.6,9.4,9.0,7.4,8.8,9.7,9.3,10.7,11.9,12.0,12.6,12.0,14.4,12.6,13.0,10.3,9.4,9.4,12.2
2026-03-13,风向(°),89.0,109.0,106.0,103.0,101.0,93.0,89.0,84.0,90.0,91.0,88.0,82.0,85.0,86.0,81.0,91.0,112.0,133.0,128.0,133.0,125.0,125.0,126.0,124.0
2026-03-13,云量(%),0.0,0.0,0.0,20.0,28.0,23.0,99.0,100.0,74.0,70.0,47.0,40.0,43.0,6.0,14.0,0.0,0.0,0.0,0.0,0.0,0.0,0.0,0.0,0.0
2026-03-13,太阳总辐射(MJ/m²),0.0,0.0,0.0,0.0,0.0,0.0,0.0,0.014,0.396,1.12,1.933,2.563,2.988,3.168,3.078,2.714,2.11,1.354,0.562,0.05,0.0,0.0,0.0,0.0
2026-03-14,气温(℃),15.9,15.5,14.9,15.0,14.7,14.1,13.6,13.4,14.6,16.3,18.3,20.2,21.7,22.8,23.5,23.2,23.1,22.3,20.7,18.7,18.2,18.1,17.6,17.2
2026-03-14,降水量(mm),0.0,0.0,0.0,0.0,0.0,0.0,0.0,0.0,0.0,0.0,0.0,0.0,0.0,0.0,0.0,0.0,0.0,0.0,0.0,0.0,0.0,0.0,0.0,0.0
2026-03-14,风速(km/h),12.6,10.8,8.3,9.8,11.2,11.6,11.9,11.6,13.0,12.8,11.0,8.1,6.2,7.2,8.5,9.2,8.9,9.6,6.4,7.1,7.4,9.0,9.0,8.0
2026-03-14,风向(°),119.0,111.0,101.0,96.0,90.0,86.0,84.0,78.0,59.0,70.0,69.0,65.0,60.0,90.0,125.0,116.0,111.0,123.0,133.0,161.0,177.0,143.0,137.0,140.0
2026-03-14,云量(%),0.0,0.0,0.0,0.0,3.0,0.0,0.0,0.0,0.0,3.0,1.0,2.0,2.0,0.0,38.0,53.0,58.0,37.0,11.0,1.0,0.0,0.0,0.0,0.0
2026-03-14,太阳总辐射(MJ/m²),0.0,0.0,0.0,0.0,0.0,0.0,0.0,0.018,0.425,1.184,1.944,2.581,2.995,3.164,3.056,2.149,1.728,1.105,0.522,0.047,0.0,0.0,0.0,0.0
2026-03-15,气温(℃),16.9,16.5,15.9,15.9,15.3,14.9,15.5,15.9,18.0,20.0,21.7,23.2,24.2,24.8,25.8,25.5,24.7,23.2,21.3,19.3,18.5,18.2,17.9,17.4
2026-03-15,降水量(mm),0.0,0.0,0.0,0.0,0.0,0.0,0.0,0.0,0.0,0.0,0.0,0.0,0.0,0.0,0.0,0.0,0.0,0.0,0.0,0.0,0.0,0.0,0.0,0.0
2026-03-15,风速(km/h),7.3,5.7,3.8,1.8,2.6,4.4,7.7,10.9,10.6,10.9,9.9,9.4,9.2,8.4,6.4,8.0,12.2,12.9,8.7,8.5,7.7,9.5,8.1,6.6
2026-03-15,风向(°),138.0,134.0,149.0,90.0,34.0,55.0,69.0,84.0,104.0,112.0,115.0,110.0,107.0,106.0,133.0,118.0,118.0,126.0,138.0,156.0,152.0,161.0,155.0,159.0
2026-03-15,云量(%),0.0,0.0,5.0,3.0,2.0,10.0,7.0,8.0,6.0,2.0,0.0,0.0,0.0,0.0,57.0,74.0,6.0,2.0,0.0,0.0,0.0,0.0,0.0,0.0
2026-03-15,太阳总辐射(MJ/m²),0.0,0.0,0.0,0.0,0.0,0.0,0.0,0.018,0.403,1.098,1.858,2.527,2.966,3.125,3.02,2.21,1.843,1.184,0.54,0.05,0.0,0.0,0.0,0.0
2026-03-16,气温(℃),16.9,16.5,16.3,16.5,16.1,16.4,15.9,15.6,17.6,19.9,21.9,23.6,24.8,25.5,25.8,25.3,24.7,23.5,21.4,19.1,19.1,18.9,18.6,18.3
2026-03-16,降水量(mm),0.0,0.0,0.0,0.0,0.0,0.0,0.0,0.0,0.0,0.0,0.0,0.0,0.0,0.0,0.0,0.0,0.0,0.0,0.0,0.0,0.0,0.0,0.0,0.0
2026-03-16,风速(km/h),4.9,4.9,5.5,5.0,4.8,6.3,5.5,5.5,5.6,5.0,4.9,4.2,6.3,9.4,9.8,12.0,12.4,12.9,11.9,9.8,8.8,8.7,8.3,9.3
2026-03-16,风向(°),147.0,126.0,139.0,128.0,112.0,95.0,81.0,67.0,48.0,75.0,80.0,70.0,88.0,101.0,125.0,127.0,132.0,140.0,148.0,156.0,157.0,146.0,146.0,144.0
2026-03-16,云量(%),0.0,0.0,0.0,0.0,0.0,0.0,0.0,0.0,0.0,0.0,0.0,0.0,0.0,2.0,5.0,1.0,0.0,1.0,0.0,0.0,0.0,0.0,0.0,1.0
2026-03-16,太阳总辐射(MJ/m²),0.0,0.0,0.0,0.0,0.0,0.0,0.0,0.018,0.418,1.156,1.915,2.549,2.974,3.139,2.988,2.491,1.944,1.213,0.533,0.05,0.0,0.0,0.0,0.0
2026-03-17,气温(℃),18.2,18.0,17.7,17.8,17.7,17.6,17.5,17.7,20.0,21.8,23.1,23.2,24.0,24.5,23.9,23.6,24.2,23.7,22.0,20.3,20.3,20.2,19.9,19.5
2026-03-17,降水量(mm),0.0,0.0,0.0,0.0,0.0,0.0,0.0,0.0,0.0,0.0,0.3,0.2,0.1,0.2,0.3,0.0,0.0,0.0,0.0,0.0,0.0,0.0,0.0,0.0
2026-03-17,风速(km/h),9.3,9.1,7.8,7.7,6.9,6.6,7.7,7.7,10.1,12.6,13.8,15.7,14.5,14.6,13.1,11.8,11.8,12.2,12.1,9.7,9.4,8.8,9.2,7.9
2026-03-17,风向(°),140.0,141.0,140.0,129.0,127.0,119.0,120.0,118.0,125.0,131.0,141.0,143.0,145.0,153.0,157.0,154.0,151.0,142.0,131.0,138.0,145.0,139.0,135.0,131.0
2026-03-17,云量(%),1.0,0.0,1.0,2.0,2.0,3.0,7.0,5.0,12.0,20.0,44.0,34.0,45.0,89.0,94.0,71.0,48.0,42.0,2.0,0.0,0.0,0.0,0.0,0.0
2026-03-17,太阳总辐射(MJ/m²),0.0,0.0,0.0,0.0,0.0,0.0,0.0,0.022,0.407,1.087,1.638,1.872,1.958,2.203,1.84,1.138,1.246,0.958,0.446,0.05,0.0,0.0,0.0,0.0
2026-03-18,气温(℃),19.1,18.8,18.5,18.7,18.5,17.5,17.2,17.7,20.0,22.6,25.0,26.6,27.6,27.9,27.3,27.9,27.4,26.9,25.3,23.3,22.7,22.0,21.3,20.6
2026-03-18,降水量(mm),0.0,0.0,0.0,0.0,0.0,0.0,0.0,0.0,0.0,0.0,0.0,0.0,0.0,0.0,0.0,0.0,0.0,0.0,0.0,0.0,0.0,0.0,0.0,0.0
2026-03-18,风速(km/h),7.5,6.7,4.7,5.4,6.1,4.5,4.0,5.1,5.0,5.1,7.3,9.0,9.6,8.9,8.1,6.1,6.2,7.2,8.4,9.4,6.1,6.0,6.3,6.3
2026-03-18,风向(°),132.0,128.0,118.0,116.0,113.0,106.0,111.0,126.0,125.0,132.0,149.0,157.0,159.0,159.0,155.0,168.0,165.0,161.0,146.0,162.0,180.0,177.0,178.0,187.0
2026-03-18,云量(%),2.0,2.0,2.0,1.0,3.0,18.0,35.0,93.0,7.0,23.0,25.0,35.0,59.0,100.0,59.0,100.0,100.0,98.0,16.0,1.0,7.0,4.0,1.0,1.0
2026-03-18,太阳总辐射(MJ/m²),0.0,0.0,0.0,0.0,0.0,0.0,0.0,0.022,0.392,1.109,1.85,2.272,2.563,2.059,1.31,1.894,1.084,0.792,0.328,0.036,0.0,0.0,0.0,0.0
2026-03-19,气温(℃),19.6,19.1,19.0,18.7,18.1,17.8,17.6,17.8,20.3,22.4,24.6,26.5,27.8,28.3,28.6,28.9,28.2,26.9,25.5,23.4,22.8,21.9,21.2,20.6
2026-03-19,降水量(mm),0.0,0.0,0.0,0.0,0.0,0.0,0.0,0.0,0.0,0.0,0.0,0.0,0.1,0.2,0.1,0.0,0.0,0.0,0.0,0.0,0.0,0.0,0.0,0.0
2026-03-19,风速(km/h),3.9,3.3,4.3,3.1,0.4,1.1,2.8,5.0,5.4,3.2,3.3,4.7,6.3,7.7,9.5,11.2,11.9,12.9,12.0,9.9,7.8,7.0,7.5,6.4
2026-03-19,风向(°),236.0,209.0,213.0,183.0,153.0,288.0,315.0,308.0,312.0,3.0,41.0,72.0,108.0,127.0,123.0,130.0,129.0,132.0,137.0,142.0,154.0,148.0,147.0,153.0
2026-03-19,云量(%),7.0,4.0,5.0,2.0,5.0,98.0,100.0,100.0,2.0,1.0,0.0,23.0,34.0,29.0,35.0,39.0,22.0,24.0,14.0,5.0,2.0,2.0,0.0,0.0
2026-03-19,太阳总辐射(MJ/m²),0.0,0.0,0.0,0.0,0.0,0.0,0.0,0.022,0.328,1.166,1.912,2.531,2.815,2.664,2.38,2.398,1.703,1.001,0.486,0.054,0.0,0.0,0.0,0.0
2026-03-20,气温(℃),20.3,19.8,19.3,19.5,19.6,19.7,20.2,20.2,20.7,22.1,24.2,25.6,26.4,26.7,25.7,25.6,24.6,23.2,22.7,22.1,22.0,22.0,22.0,21.7
2026-03-20,降水量(mm),0.0,0.0,0.0,0.0,0.0,0.3,1.1,0.6,0.0,0.0,0.0,0.0,0.0,0.0,0.0,0.1,0.0,0.0,0.0,0.0,0.0,0.0,0.0,0.1
2026-03-20,风速(km/h),5.8,4.0,1.0,0.6,1.8,4.7,5.0,8.8,14.0,17.3,17.6,17.9,19.0,17.6,20.4,19.9,19.8,17.3,15.1,11.7,10.3,10.1,9.3,7.4
2026-03-20,风向(°),154.0,144.0,149.0,56.0,53.0,86.0,92.0,113.0,110.0,117.0,131.0,142.0,147.0,149.0,149.0,146.0,147.0,146.0,140.0,131.0,136.0,130.0,115.0,113.0
2026-03-20,云量(%),1.0,11.0,94.0,30.0,69.0,100.0,100.0,94.0,61.0,38.0,35.0,55.0,57.0,91.0,65.0,73.0,94.0,100.0,100.0,100.0,100.0,100.0,100.0,100.0
2026-03-20,太阳总辐射(MJ/m²),0.0,0.0,0.0,0.0,0.0,0.0,0.0,0.007,0.169,0.706,1.472,2.077,2.43,2.502,1.469,1.85,1.364,0.806,0.198,0.018,0.0,0.0,0.0,0.0
2026-03-21,气温(℃),21.6,21.3,21.2,21.1,20.9,20.5,20.5,20.5,21.3,22.3,23.1,23.7,24.6,25.6,24.7,24.5,24.5,23.9,22.8,21.7,21.0,20.8,20.8,20.6
2026-03-21,降水量(mm),0.1,0.0,0.0,0.0,0.1,0.1,0.0,0.0,0.0,0.0,0.0,0.1,0.1,0.0,0.2,0.0,0.0,0.0,0.0,0.0,0.0,0.8,0.0,0.0
2026-03-21,风速(km/h),7.1,4.9,6.4,6.5,6.8,6.5,7.7,8.2,10.7,11.4,13.2,13.6,13.6,13.5,15.6,14.0,14.0,14.0,12.5,9.5,9.0,9.5,9.3,7.1
2026-03-21,风向(°),114.0,88.0,72.0,71.0,90.0,71.0,74.0,81.0,97.0,102.0,114.0,127.0,137.0,132.0,141.0,143.0,144.0,143.0,141.0,136.0,123.0,129.0,119.0,124.0
2026-03-21,云量(%),100.0,100.0,80.0,100.0,55.0,100.0,100.0,100.0,89.0,100.0,100.0,78.0,79.0,100.0,100.0,92.0,73.0,100.0,79.0,23.0,63.0,100.0,55.0,36.0
2026-03-21,太阳总辐射(MJ/m²),0.0,0.0,0.0,0.0,0.0,0.0,0.0,0.014,0.238,0.554,0.698,1.008,1.292,1.3,1.073,0.767,0.878,0.756,0.382,0.047,0.0,0.0,0.0,0.0
2026-03-22,气温(℃),20.4,20.4,20.5,20.6,20.4,20.1,19.8,19.9,21.5,23.1,24.4,25.9,27.0,27.5,26.8,27.2,27.0,25.9,23.8,22.1,21.9,21.4,20.9,20.6
2026-03-22,降水量(mm),0.0,0.0,0.0,0.0,0.0,0.0,0.0,0.0,0.0,0.0,0.0,0.0,0.0,0.0,0.0,0.0,0.0,0.0,0.0,0.0,0.0,0.0,0.0,0.0
2026-03-22,风速(km/h),7.2,7.5,6.8,9.1,9.8,10.3,10.6,11.4,13.8,15.6,15.0,13.1,12.4,10.2,9.4,8.7,9.7,11.7,13.4,11.1,8.6,8.6,7.9,6.3
2026-03-22,风向(°),127.0,120.0,107.0,105.0,104.0,106.0,109.0,109.0,111.0,124.0,136.0,144.0,144.0,148.0,173.0,167.0,153.0,148.0,156.0,164.0,164.0,154.0,153.0,162.0
2026-03-22,云量(%),100.0,100.0,100.0,100.0,50.0,44.0,29.0,52.0,23.0,34.0,41.0,45.0,40.0,100.0,100.0,100.0,75.0,46.0,5.0,13.0,17.0,2.0,1.0,2.0
2026-03-22,太阳总辐射(MJ/m²),0.0,0.0,0.0,0.0,0.0,0.0,0.0,0.025,0.292,0.965,1.487,2.056,2.383,2.066,1.652,1.253,1.192,0.835,0.335,0.054,0.0,0.0,0.0,0.0
2026-03-23,气温(℃),20.3,19.9,19.7,19.8,19.4,19.1,19.0,19.2,21.1,23.8,26.5,28.7,29.5,28.9,28.3,28.8,28.7,27.4,25.4,23.2,22.9,22.3,21.5,21.1
2026-03-23,降水量(mm),0.0,0.0,0.0,0.0,0.0,0.0,0.0,0.0,0.0,0.0,0.0,0.0,0.0,0.0,0.0,0.0,0.0,0.0,0.0,0.0,0.0,0.0,0.0,0.0
2026-03-23,风速(km/h),3.8,3.5,4.6,4.6,1.9,2.5,3.6,5.1,2.4,4.3,6.7,7.4,9.7,12.0,13.6,12.9,12.8,12.6,12.1,11.9,8.3,8.8,8.2,8.0
2026-03-23,风向(°),169.0,165.0,162.0,138.0,163.0,150.0,160.0,163.0,167.0,152.0,160.0,157.0,135.0,118.0,127.0,139.0,145.0,152.0,159.0,160.0,178.0,169.0,166.0,164.0
2026-03-23,云量(%),12.0,1.0,0.0,1.0,6.0,100.0,100.0,100.0,8.0,14.0,54.0,61.0,82.0,100.0,36.0,16.0,13.0,1.0,0.0,0.0,0.0,0.0,0.0,0.0
2026-03-23,太阳总辐射(MJ/m²),0.0,0.0,0.0,0.0,0.0,0.0,0.0,0.032,0.396,1.145,1.89,2.279,2.56,1.829,1.782,1.93,1.764,1.152,0.536,0.058,0.0,0.0,0.0,0.0
2026-03-24,气温(℃),20.8,20.5,20.0,20.0,19.9,19.8,19.5,20.0,22.1,24.5,26.2,28.0,29.1,29.9,28.7,29.5,29.2,27.8,25.9,24.4,23.3,23.0,22.5,22.1
2026-03-24,降水量(mm),0.0,0.0,0.0,0.0,0.0,0.0,0.0,0.0,0.1,0.0,0.1,0.0,0.0,0.0,0.0,0.0,0.0,0.0,0.0,0.0,0.0,0.0,0.0,0.0
2026-03-24,风速(km/h),7.3,6.2,5.4,7.6,7.2,6.3,3.5,3.6,1.7,6.9,8.8,8.5,8.2,7.7,6.4,7.5,10.0,13.1,11.7,10.2,6.5,7.3,7.6,5.4
2026-03-24,风向(°),169.0,168.0,165.0,149.0,148.0,156.0,165.0,180.0,212.0,163.0,178.0,182.0,172.0,169.0,158.0,159.0,154.0,162.0,169.0,159.0,167.0,169.0,183.0,186.0
2026-03-24,云量(%),0.0,1.0,0.0,0.0,0.0,10.0,100.0,100.0,23.0,54.0,52.0,63.0,98.0,100.0,98.0,98.0,97.0,91.0,10.0,6.0,26.0,9.0,15.0,15.0
2026-03-24,太阳总辐射(MJ/m²),0.0,0.0,0.0,0.0,0.0,0.0,0.0,0.032,0.292,1.076,1.616,2.322,2.466,2.419,1.879,1.678,1.426,0.824,0.281,0.05,0.0,0.0,0.0,0.0
2026-03-25,气温(℃),21.7,21.1,20.8,20.8,20.8,20.7,20.5,20.5,21.4,24.1,26.8,28.5,30.6,31.0,30.5,31.5,31.4,29.3,27.7,25.8,24.9,24.2,23.7,23.0
2026-03-25,降水量(mm),0.0,0.0,0.0,0.0,0.0,0.0,0.0,0.0,0.0,0.0,0.0,0.0,0.0,0.0,0.0,0.0,0.0,0.0,0.0,0.0,0.0,0.0,0.0,0.0
2026-03-25,风速(km/h),4.0,2.4,3.1,3.8,3.5,3.1,2.2,0.9,0.9,0.9,2.4,3.3,4.2,7.8,7.2,7.5,10.6,13.2,11.6,9.7,8.0,7.9,8.7,8.8
2026-03-25,风向(°),188.0,207.0,216.0,221.0,208.0,190.0,185.0,180.0,233.0,11.0,27.0,45.0,78.0,94.0,89.0,98.0,116.0,146.0,165.0,177.0,172.0,176.0,185.0,184.0
2026-03-25,云量(%),2.0,1.0,13.0,98.0,100.0,100.0,100.0,100.0,99.0,8.0,2.0,0.0,63.0,52.0,38.0,34.0,34.0,2.0,5.0,5.0,20.0,1.0,1.0,0.0
2026-03-25,太阳总辐射(MJ/m²),0.0,0.0,0.0,0.0,0.0,0.0,0.0,0.025,0.338,1.037,1.969,2.592,3.017,2.484,2.268,2.25,1.775,1.199,0.522,0.058,0.0,0.0,0.0,0.0
2026-03-26,气温(℃),22.6,22.2,22.2,22.5,22.8,22.6,22.5,22.7,23.9,25.5,27.1,28.6,30.2,30.7,29.4,30.0,29.5,28.6,27.0,25.0,23.7,23.3,22.9,22.5
2026-03-26,降水量(mm),0.0,0.0,0.0,0.0,0.0,0.0,0.0,0.0,0.0,0.1,0.0,0.0,0.0,0.0,0.0,0.0,0.0,0.0,0.0,0.0,0.0,0.0,0.0,0.0
2026-03-26,风速(km/h),8.0,7.3,8.5,8.1,8.0,8.5,7.2,8.3,9.1,10.1,12.4,13.4,12.3,14.1,14.4,14.4,14.4,13.0,11.8,11.2,11.2,8.6,7.5,7.4
2026-03-26,风向(°),186.0,190.0,207.0,205.0,198.0,193.0,184.0,176.0,190.0,186.0,171.0,176.0,184.0,182.0,181.0,192.0,196.0,186.0,168.0,159.0,147.0,147.0,138.0,146.0
2026-03-26,云量(%),0.0,0.0,72.0,100.0,99.0,100.0,100.0,100.0,79.0,76.0,46.0,52.0,64.0,97.0,55.0,46.0,38.0,38.0,51.0,7.0,10.0,21.0,22.0,17.0
2026-03-26,太阳总辐射(MJ/m²),0.0,0.0,0.0,0.0,0.0,0.0,0.0,0.029,0.378,0.9,1.498,1.933,2.268,2.261,2.232,2.002,1.58,1.087,0.529,0.058,0.0,0.0,0.0,0.0
2026-03-27,气温(℃),22.3,22.1,22.3,22.5,22.5,22.5,22.7,22.9,23.4,25.5,27.2,28.7,29.0,29.2,29.3,29.6,29.0,27.9,25.8,24.7,23.6,23.4,23.1,23.0
2026-03-27,降水量(mm),0.0,0.0,0.0,0.0,0.0,0.0,0.0,0.0,0.1,0.1,0.1,0.0,0.0,0.0,0.0,0.0,0.0,0.0,0.0,0.0,0.0,0.0,0.0,0.1
2026-03-27,风速(km/h),8.5,5.1,6.1,6.3,6.8,3.7,4.6,6.3,3.3,9.5,9.3,9.0,9.5,11.4,9.7,8.5,7.5,11.0,12.4,10.1,8.6,7.7,7.3,6.4
2026-03-27,风向(°),151.0,135.0,130.0,143.0,145.0,137.0,121.0,127.0,144.0,161.0,162.0,143.0,123.0,129.0,161.0,174.0,163.0,159.0,161.0,155.0,149.0,155.0,140.0,128.0
2026-03-27,云量(%),27.0,16.0,49.0,78.0,100.0,100.0,100.0,98.0,16.0,59.0,95.0,100.0,97.0,95.0,100.0,100.0,97.0,99.0,48.0,5.0,51.0,32.0,48.0,73.0
2026-03-27,太阳总辐射(MJ/m²),0.0,0.0,0.0,0.0,0.0,0.0,0.0,0.032,0.349,1.156,1.674,2.135,1.764,1.606,1.566,1.458,0.889,0.785,0.338,0.04,0.0,0.0,0.0,0.0
2026-03-28,气温(℃),22.8,22.6,22.4,22.2,22.3,22.3,21.9,22.3,23.2,25.6,26.3,27.3,28.8,26.8,27.1,26.5,26.6,25.9,24.9,24.1,23.8,23.4,23.0,22.7
2026-03-28,降水量(mm),0.1,0.0,0.0,0.0,0.0,0.0,0.3,0.0,0.0,0.1,0.5,0.2,0.1,0.2,0.3,0.5,0.6,0.3,0.0,0.0,0.0,0.0,0.0,0.0
2026-03-28,风速(km/h),9.3,7.9,6.7,3.7,4.6,6.5,4.4,6.7,3.7,11.8,12.4,11.3,9.4,9.7,12.6,11.5,9.2,9.3,11.2,9.7,9.2,9.9,7.8,8.5
2026-03-28,风向(°),144.0,139.0,153.0,194.0,171.0,166.0,168.0,161.0,141.0,156.0,182.0,180.0,176.0,209.0,197.0,179.0,197.0,161.0,143.0,146.0,145.0,147.0,142.0,153.0
2026-03-28,云量(%),22.0,74.0,8.0,30.0,80.0,20.0,100.0,62.0,13.0,98.0,98.0,58.0,100.0,100.0,100.0,86.0,98.0,59.0,66.0,100.0,18.0,2.0,17.0,18.0
2026-03-28,太阳总辐射(MJ/m²),0.0,0.0,0.0,0.0,0.0,0.0,0.0,0.043,0.342,1.188,1.282,1.804,2.207,0.846,0.752,1.174,0.918,0.637,0.371,0.043,0.0,0.0,0.0,0.0
2026-03-29,气温(℃),22.5,22.3,22.5,22.3,22.2,22.1,22.1,22.2,23.3,25.4,27.1,28.1,28.8,28.4,27.4,28.1,28.3,27.2,26.2,25.0,24.0,22.9,22.8,22.6
2026-03-29,降水量(mm),0.0,0.0,0.0,0.0,0.1,0.0,0.0,0.0,0.0,0.1,0.2,0.1,0.1,0.1,0.0,0.1,0.0,0.0,0.0,0.0,0.0,0.0,0.0,0.0
2026-03-29,风速(km/h),8.2,6.9,8.0,8.0,7.6,8.0,9.8,10.2,11.8,11.7,11.4,11.8,11.6,14.1,13.9,13.2,16.1,16.6,13.5,10.8,4.3,7.4,11.5,13.0
2026-03-29,风向(°),148.0,141.0,144.0,144.0,146.0,136.0,134.0,136.0,136.0,153.0,161.0,157.0,158.0,157.0,167.0,170.0,170.0,177.0,203.0,181.0,33.0,119.0,158.0,162.0
2026-03-29,云量(%),20.0,27.0,16.0,65.0,50.0,78.0,63.0,50.0,39.0,63.0,93.0,100.0,100.0,100.0,100.0,87.0,42.0,63.0,68.0,13.0,13.0,1.0,0.0,0.0
2026-03-29,太阳总辐射(MJ/m²),0.0,0.0,0.0,0.0,0.0,0.0,0.0,0.047,0.464,1.12,1.735,1.991,1.93,1.602,1.372,0.976,1.53,1.004,0.468,0.047,0.0,0.0,0.0,0.0
2026-03-30,气温(℃),22.6,22.5,22.2,22.4,22.5,22.6,22.6,23.0,24.2,25.4,24.4,26.7,29.6,30.5,26.7,30.0,29.2,28.1,26.6,25.1,24.8,24.4,23.8,23.7
2026-03-30,降水量(mm),0.0,0.0,0.0,0.0,0.0,0.0,0.0,0.0,0.0,0.1,0.3,0.0,0.0,0.0,0.0,0.0,0.4,0.0,0.0,0.0,0.0,0.0,0.0,0.0
2026-03-30,风速(km/h),12.5,11.7,8.4,11.1,11.9,12.6,12.3,13.3,10.9,17.6,9.4,13.4,16.0,19.3,9.1,13.2,16.9,16.3,13.9,12.6,8.3,7.1,6.6,3.9
2026-03-30,风向(°),164.0,170.0,164.0,163.0,166.0,166.0,176.0,178.0,192.0,248.0,188.0,185.0,192.0,204.0,112.0,175.0,211.0,200.0,179.0,166.0,134.0,153.0,158.0,152.0
2026-03-30,云量(%),0.0,1.0,2.0,2.0,14.0,76.0,28.0,48.0,99.0,100.0,78.0,62.0,9.0,26.0,100.0,45.0,43.0,26.0,24.0,39.0,100.0,98.0,56.0,55.0
2026-03-30,太阳总辐射(MJ/m²),0.0,0.0,0.0,0.0,0.0,0.0,0.0,0.054,0.457,0.688,0.223,1.566,2.07,3.028,2.894,2.102,1.67,1.084,0.486,0.065,0.0,0.0,0.0,0.0
2026-03-31,气温(℃),23.3,23.0,22.8,22.7,22.6,22.5,22.5,22.9,24.4,26.3,27.9,29.4,29.2,29.5,29.2,29.7,29.0,28.5,27.3,25.6,23.5,22.5,22.1,22.1
2026-03-31,降水量(mm),0.0,0.0,0.0,0.0,0.0,0.0,0.0,0.0,0.1,0.0,0.1,0.0,0.0,0.0,0.0,0.0,0.0,0.0,0.0,0.1,11.4,5.4,0.1,0.1
2026-03-31,风速(km/h),4.9,7.1,3.2,6.0,7.2,7.8,9.1,9.6,12.9,17.0,19.4,20.4,19.4,21.1,19.0,22.3,18.8,19.3,14.5,7.5,7.8,6.2,11.2,11.9
2026-03-31,风向(°),152.0,146.0,137.0,117.0,127.0,136.0,142.0,146.0,155.0,175.0,200.0,210.0,196.0,187.0,206.0,218.0,212.0,216.0,214.0,259.0,341.0,327.0,314.0,308.0
2026-03-31,云量(%),20.0,9.0,95.0,100.0,99.0,32.0,63.0,92.0,97.0,91.0,66.0,95.0,64.0,37.0,41.0,78.0,45.0,88.0,100.0,73.0,91.0,100.0,93.0,100.0
2026-03-31,太阳总辐射(MJ/m²),0.0,0.0,0.0,0.0,0.0,0.0,0.0,0.054,0.407,0.961,1.519,2.012,1.703,2.408,2.635,2.282,1.228,1.105,0.295,0.022,0.0,0.0,0.0,0.0
2026-04-01,气温(℃),21.8,20.1,19.6,19.2,18.9,18.3,18.1,18.2,20.1,22.0,23.8,25.3,26.4,27.5,29.6,30.4,30.2,28.1,26.5,25.3,24.5,23.9,23.1,23.1
2026-04-01,降水量(mm),0.1,0.0,0.0,0.0,0.0,0.0,0.0,0.0,0.0,0.0,0.0,0.0,0.0,0.0,0.0,0.0,0.0,0.0,0.0,0.0,0.0,0.0,0.0,0.0
2026-04-01,风速(km/h),10.4,13.3,10.1,9.4,10.4,11.8,13.1,10.4,10.5,12.2,10.0,7.6,7.9,6.3,5.0,2.9,3.1,4.1,7.4,1.8,4.1,5.2,5.1,5.7
2026-04-01,风向(°),342.0,341.0,316.0,334.0,340.0,339.0,351.0,359.0,356.0,20.0,21.0,15.0,17.0,37.0,341.0,281.0,187.0,75.0,49.0,101.0,92.0,110.0,170.0,167.0
2026-04-01,云量(%),40.0,36.0,23.0,85.0,38.0,41.0,99.0,88.0,23.0,38.0,41.0,19.0,7.0,9.0,99.0,47.0,98.0,100.0,57.0,89.0,97.0,24.0,98.0,31.0
2026-04-01,太阳总辐射(MJ/m²),0.0,0.0,0.0,0.0,0.0,0.0,0.0,0.05,0.497,1.253,1.861,2.416,2.945,3.136,2.992,2.009,1.48,0.778,0.284,0.05,0.0,0.0,0.0,0.0
2026-04-02,气温(℃),22.2,22.1,22.2,22.2,21.9,21.8,22.4,22.7,23.1,24.2,24.3,25.9,26.6,27.0,26.6,26.8,26.0,25.1,24.3,23.9,23.5,23.4,23.4,23.4
2026-04-02,降水量(mm),0.0,0.0,0.0,0.0,0.0,0.0,0.0,0.0,0.0,0.1,0.2,0.2,0.2,0.2,0.1,0.1,0.1,0.1,0.0,0.0,0.0,0.1,0.0,0.0
2026-04-02,风速(km/h),4.7,6.4,5.1,4.9,4.6,4.8,6.9,8.5,10.7,17.2,17.5,21.1,21.3,22.3,23.6,23.0,22.3,20.8,19.3,14.1,13.8,14.3,14.0,15.5
2026-04-02,风向(°),137.0,144.0,157.0,163.0,149.0,124.0,118.0,126.0,130.0,135.0,138.0,140.0,139.0,139.0,149.0,151.0,153.0,147.0,147.0,145.0,154.0,143.0,137.0,140.0
2026-04-02,云量(%),100.0,28.0,100.0,23.0,14.0,100.0,100.0,9.0,100.0,100.0,84.0,53.0,46.0,57.0,57.0,95.0,94.0,88.0,98.0,81.0,67.0,93.0,61.0,42.0
2026-04-02,太阳总辐射(MJ/m²),0.0,0.0,0.0,0.0,0.0,0.0,0.0,0.032,0.41,0.558,0.889,1.84,2.516,2.693,2.74,2.268,1.264,0.724,0.263,0.036,0.0,0.0,0.0,0.0
2026-04-03,气温(℃),23.1,23.2,23.2,23.3,23.5,23.5,23.4,23.7,25.3,26.4,28.0,29.3,30.0,30.3,28.6,28.6,28.2,27.9,26.9,25.7,25.3,25.4,25.2,24.9
2026-04-03,降水量(mm),0.0,0.0,0.0,0.0,0.0,0.0,0.0,0.0,0.0,0.1,0.1,0.2,0.0,0.0,0.0,0.0,0.1,0.0,0.0,0.0,0.5,0.0,0.0,0.0
2026-04-03,风速(km/h),16.6,14.7,12.3,11.2,16.7,17.2,15.0,13.7,13.3,21.5,22.6,26.3,29.2,32.0,24.2,21.4,18.0,21.2,15.0,14.8,14.1,14.0,7.4,9.8
2026-04-03,风向(°),144.0,153.0,159.0,161.0,160.0,164.0,166.0,170.0,170.0,184.0,189.0,203.0,203.0,212.0,217.0,222.0,214.0,217.0,207.0,210.0,207.0,212.0,247.0,229.0
2026-04-03,云量(%),44.0,13.0,100.0,100.0,100.0,31.0,51.0,38.0,61.0,65.0,36.0,61.0,23.0,31.0,92.0,81.0,57.0,52.0,67.0,96.0,95.0,42.0,58.0,48.0
2026-04-03,太阳总辐射(MJ/m²),0.0,0.0,0.0,0.0,0.0,0.0,0.0,0.065,0.515,0.976,1.634,2.034,2.275,2.765,2.596,1.296,1.202,1.112,0.407,0.058,0.0,0.0,0.0,0.0
2026-04-04,气温(℃),24.6,23.9,22.4,22.7,22.1,21.5,21.4,21.5,24.3,25.6,24.3,24.5,24.5,23.0,23.0,23.5,24.4,24.3,23.8,22.7,22.8,22.4,22.2,21.9
2026-04-04,降水量(mm),0.0,0.5,0.9,0.0,0.0,0.8,0.2,0.6,1.6,0.6,6.0,1.6,1.1,2.5,3.1,0.3,0.0,0.0,0.0,0.0,0.0,0.0,0.0,0.0
2026-04-04,风速(km/h),9.4,4.3,4.6,3.9,6.4,7.4,10.7,7.1,5.8,5.2,7.5,6.6,4.7,10.5,13.0,7.6,10.6,7.8,5.0,5.4,5.4,5.4,5.5,4.5
2026-04-04,风向(°),228.0,303.0,318.0,307.0,11.0,274.0,282.0,243.0,166.0,326.0,310.0,305.0,360.0,356.0,1.0,38.0,40.0,71.0,103.0,105.0,104.0,84.0,107.0,119.0
2026-04-04,云量(%),34.0,73.0,70.0,80.0,88.0,100.0,83.0,100.0,42.0,82.0,100.0,100.0,100.0,100.0,100.0,46.0,52.0,93.0,5.0,9.0,30.0,19.0,8.0,13.0
2026-04-04,太阳总辐射(MJ/m²),0.0,0.0,0.0,0.0,0.0,0.0,0.0,0.047,0.194,1.109,1.181,0.961,1.465,0.583,0.99,0.677,1.58,1.073,0.464,0.065,0.0,0.0,0.0,0.0
2026-04-05,气温(℃),21.7,21.3,21.4,21.7,21.9,22.5,22.4,22.1,23.3,24.4,25.4,25.6,27.2,26.2,27.2,25.8,25.9,25.2,23.9,23.0,24.1,23.8,23.8,24.0
2026-04-05,降水量(mm),0.0,0.0,0.0,0.0,0.0,0.0,0.1,0.0,0.1,0.1,0.2,0.1,0.2,1.2,1.1,1.5,0.2,0.0,0.1,0.3,0.1,0.0,0.0,0.0
2026-04-05,风速(km/h),3.9,2.9,2.1,3.9,4.9,5.4,7.5,5.8,10.8,6.3,18.9,16.1,17.5,18.0,16.9,18.4,17.8,15.9,13.6,13.3,9.8,10.0,9.4,14.3
2026-04-05,风向(°),103.0,137.0,128.0,118.0,98.0,111.0,140.0,160.0,147.0,156.0,139.0,145.0,139.0,153.0,136.0,151.0,158.0,158.0,163.0,152.0,160.0,163.0,157.0,165.0
2026-04-05,云量(%),0.0,13.0,24.0,39.0,100.0,98.0,33.0,49.0,78.0,95.0,100.0,59.0,84.0,93.0,99.0,99.0,100.0,100.0,99.0,100.0,83.0,59.0,92.0,100.0
2026-04-05,太阳总辐射(MJ/m²),0.0,0.0,0.0,0.0,0.0,0.0,0.0,0.058,0.486,0.929,1.404,1.253,2.448,1.89,1.519,1.757,1.447,0.72,0.324,0.047,0.0,0.0,0.0,0.0
2026-04-06,气温(℃),24.4,24.5,24.5,24.6,24.0,23.5,23.6,24.1,25.0,26.7,27.8,29.3,30.3,30.4,28.9,27.9,28.2,27.7,27.0,25.8,25.7,25.6,25.4,25.1
2026-04-06,降水量(mm),0.0,0.0,2.5,0.3,0.1,0.0,0.0,0.0,0.0,0.1,0.0,0.0,0.0,0.0,0.0,0.2,0.6,0.1,0.0,0.0,0.0,0.0,0.0,0.0
2026-04-06,风速(km/h),14.9,8.4,0.7,8.1,9.3,10.1,7.4,9.6,10.2,15.5,19.5,19.6,24.0,23.8,19.2,17.5,20.1,17.7,14.6,13.3,8.8,8.5,7.7,7.4
2026-04-06,风向(°),173.0,211.0,76.0,174.0,170.0,161.0,184.0,176.0,163.0,189.0,192.0,207.0,211.0,215.0,212.0,212.0,208.0,207.0,202.0,193.0,192.0,175.0,169.0,176.0
2026-04-06,云量(%),100.0,100.0,100.0,91.0,82.0,100.0,100.0,100.0,51.0,62.0,88.0,62.0,81.0,71.0,69.0,84.0,57.0,100.0,23.0,6.0,1.0,100.0,95.0,9.0
2026-04-06,太阳总辐射(MJ/m²),0.0,0.0,0.0,0.0,0.0,0.0,0.0,0.04,0.338,1.123,1.292,1.894,2.725,2.574,2.722,1.123,1.544,1.163,0.45,0.068,0.0,0.0,0.0,0.0
2026-04-07,气温(℃),24.8,24.6,24.8,24.7,24.5,24.3,24.2,24.7,26.7,27.8,29.3,30.3,30.9,32.2,31.4,31.1,30.7,29.6,28.1,26.6,26.3,26.0,25.7,25.7
2026-04-07,降水量(mm),0.0,0.0,0.0,0.0,0.0,0.0,0.0,0.0,0.0,0.2,0.1,0.1,0.3,0.0,0.4,0.2,0.0,0.0,0.0,0.0,0.0,0.0,0.0,0.0
2026-04-07,风速(km/h),7.6,6.1,5.1,6.7,5.5,5.6,6.1,6.6,6.2,9.2,7.6,9.3,7.8,6.5,10.3,11.2,10.1,10.3,11.1,11.4,9.6,6.7,9.3,11.5
2026-04-07,风向(°),180.0,180.0,184.0,175.0,167.0,158.0,157.0,158.0,202.0,219.0,187.0,212.0,193.0,193.0,195.0,201.0,202.0,183.0,164.0,164.0,166.0,142.0,131.0,145.0
2026-04-07,云量(%),16.0,16.0,1.0,0.0,0.0,3.0,42.0,100.0,85.0,51.0,56.0,73.0,27.0,70.0,52.0,30.0,68.0,38.0,38.0,17.0,42.0,75.0,100.0,100.0
2026-04-07,太阳总辐射(MJ/m²),0.0,0.0,0.0,0.0,0.0,0.0,0.0,0.076,0.443,0.803,1.663,2.056,2.351,2.83,2.171,1.793,1.566,0.94,0.526,0.072,0.0,0.0,0.0,0.0
2026-04-08,气温(℃),25.5,25.2,25.5,25.2,25.0,24.1,23.3,23.2,23.2,23.7,24.1,25.0,25.5,26.3,25.1,25.1,25.3,25.1,24.4,24.0,23.4,23.4,23.6,23.7
2026-04-08,降水量(mm),0.0,0.0,0.0,0.2,0.2,0.3,0.8,0.5,0.1,0.2,0.2,0.0,0.0,0.1,0.1,0.2,0.1,0.0,0.0,0.0,0.0,0.0,0.0,0.0
2026-04-08,风速(km/h),11.3,11.2,12.1,14.3,16.7,16.6,15.9,18.6,16.1,15.7,17.9,22.5,21.9,25.0,24.4,24.7,21.5,19.7,17.0,13.5,13.9,12.2,11.7,12.6
2026-04-08,风向(°),147.0,147.0,142.0,140.0,135.0,108.0,117.0,123.0,117.0,117.0,120.0,130.0,131.0,137.0,139.0,141.0,144.0,145.0,139.0,138.0,136.0,136.0,143.0,143.0
2026-04-08,云量(%),100.0,100.0,100.0,100.0,100.0,100.0,100.0,100.0,100.0,100.0,100.0,100.0,100.0,100.0,100.0,100.0,98.0,100.0,100.0,77.0,47.0,98.0,100.0,100.0
2026-04-08,太阳总辐射(MJ/m²),0.0,0.0,0.0,0.0,0.0,0.0,0.0,0.025,0.248,0.619,0.904,1.217,1.382,1.897,1.541,0.986,0.695,0.508,0.288,0.05,0.0,0.0,0.0,0.0
2026-04-09,气温(℃),23.5,23.3,23.2,23.1,23.1,23.4,23.7,23.8,24.4,24.9,26.7,28.2,29.0,29.5,29.9,29.3,28.3,27.7,26.5,25.2,24.9,24.6,24.3,24.2
2026-04-09,降水量(mm),0.0,0.0,0.0,0.0,0.0,0.0,0.0,0.0,0.0,0.0,0.0,0.1,0.1,0.0,0.0,0.0,0.0,0.0,0.0,0.0,0.0,0.0,0.0,0.0
2026-04-09,风速(km/h),13.3,11.9,8.9,9.8,9.6,11.1,13.1,13.9,13.1,15.7,17.9,20.1,20.5,21.4,20.5,19.6,19.6,19.0,16.4,13.2,9.6,10.8,11.2,11.6
2026-04-09,风向(°),147.0,150.0,137.0,136.0,140.0,141.0,146.0,149.0,146.0,152.0,163.0,174.0,182.0,186.0,195.0,195.0,195.0,192.0,189.0,183.0,186.0,177.0,179.0,185.0
2026-04-09,云量(%),33.0,46.0,28.0,15.0,37.0,66.0,29.0,14.0,100.0,100.0,80.0,88.0,58.0,40.0,66.0,100.0,64.0,73.0,41.0,26.0,67.0,69.0,5.0,9.0
2026-04-09,太阳总辐射(MJ/m²),0.0,0.0,0.0,0.0,0.0,0.0,0.0,0.068,0.583,0.418,1.123,2.102,2.408,2.455,2.693,2.059,1.318,1.13,0.544,0.076,0.0,0.0,0.0,0.0
2026-04-10,气温(℃),24.1,23.9,23.9,23.9,23.6,23.4,23.2,23.7,25.4,26.9,28.5,30.0,31.1,31.1,30.8,30.2,29.7,28.4,26.9,25.6,25.3,24.9,24.6,24.4
2026-04-10,降水量(mm),0.0,0.0,0.0,0.0,0.0,0.0,0.0,0.0,0.0,0.0,0.0,0.0,0.0,0.0,0.0,0.0,0.0,0.0,0.0,0.0,0.0,0.0,0.0,0.0
2026-04-10,风速(km/h),12.5,13.5,11.7,11.2,9.0,8.3,9.2,9.0,9.9,13.1,15.9,17.2,17.1,17.0,17.4,16.2,17.4,18.5,15.9,14.2,10.0,10.7,10.5,11.2
2026-04-10,风向(°),187.0,190.0,191.0,183.0,180.0,178.0,177.0,178.0,195.0,203.0,208.0,208.0,210.0,208.0,212.0,207.0,210.0,202.0,193.0,180.0,186.0,167.0,163.0,164.0
2026-04-10,云量(%),7.0,9.0,2.0,1.0,2.0,7.0,8.0,11.0,31.0,26.0,32.0,61.0,11.0,11.0,13.0,15.0,27.0,45.0,26.0,13.0,3.0,2.0,1.0,1.0
2026-04-10,太阳总辐射(MJ/m²),0.0,0.0,0.0,0.0,0.0,0.0,0.0,0.101,0.655,1.242,1.814,2.21,2.826,2.999,2.855,2.542,1.951,1.13,0.551,0.079,0.0,0.0,0.0,0.0
2026-04-11,气温(℃),24.1,23.9,23.8,23.8,23.7,23.7,23.7,24.3,25.5,27.4,29.0,29.8,30.1,30.4,29.4,30.1,29.2,28.7,27.5,26.1,25.7,25.3,25.4,25.4
2026-04-11,降水量(mm),0.0,0.0,0.0,0.0,0.0,0.0,0.0,0.0,0.0,0.1,0.0,0.0,0.0,0.0,0.0,0.0,0.0,0.0,0.0,0.0,0.0,0.0,0.0,0.0
2026-04-11,风速(km/h),10.5,10.7,8.1,9.0,9.5,9.8,9.5,9.1,11.7,15.4,18.8,20.4,21.9,22.3,19.8,20.0,19.8,17.7,14.9,12.8,9.5,11.0,11.6,11.0
2026-04-11,风向(°),167.0,163.0,152.0,157.0,155.0,157.0,159.0,165.0,184.0,190.0,192.0,196.0,199.0,198.0,200.0,208.0,202.0,192.0,178.0,165.0,147.0,154.0,162.0,166.0
2026-04-11,云量(%),2.0,9.0,9.0,5.0,14.0,41.0,100.0,63.0,73.0,41.0,68.0,97.0,94.0,100.0,20.0,88.0,59.0,52.0,40.0,26.0,24.0,100.0,89.0,100.0
2026-04-11,太阳总辐射(MJ/m²),0.0,0.0,0.0,0.0,0.0,0.0,0.0,0.09,0.504,1.094,1.724,1.883,2.164,2.254,2.556,2.358,1.325,0.979,0.443,0.076,0.0,0.0,0.0,0.0
2026-04-12,气温(℃),25.1,24.8,25.1,24.8,24.5,24.2,24.1,24.6,26.2,27.6,28.9,29.4,30.2,30.1,29.4,29.5,28.7,28.3,27.0,25.7,25.6,25.3,25.1,24.8
2026-04-12,降水量(mm),0.0,0.0,0.0,0.0,0.0,0.0,0.0,0.0,0.0,0.0,0.0,0.0,0.0,0.0,0.0,0.4,0.0,0.0,0.0,0.0,0.0,0.0,0.0,0.0
2026-04-12,风速(km/h),11.3,12.1,9.7,9.3,8.8,9.7,10.5,12.2,13.6,14.8,16.6,18.0,18.4,19.2,15.3,16.8,17.5,17.5,14.8,12.2,10.0,9.4,9.9,9.8
2026-04-12,风向(°),166.0,165.0,164.0,167.0,160.0,156.0,156.0,158.0,169.0,181.0,184.0,187.0,185.0,185.0,189.0,183.0,179.0,179.0,174.0,163.0,167.0,151.0,151.0,154.0
2026-04-12,云量(%),100.0,100.0,95.0,75.0,59.0,61.0,21.0,16.0,37.0,35.0,100.0,100.0,85.0,95.0,77.0,100.0,36.0,48.0,46.0,23.0,59.0,24.0,22.0,84.0
2026-04-12,太阳总辐射(MJ/m²),0.0,0.0,0.0,0.0,0.0,0.0,0.0,0.108,0.634,1.282,1.915,1.894,2.365,2.311,2.398,2.03,1.292,1.127,0.479,0.076,0.0,0.0,0.0,0.0
2026-04-13,气温(℃),24.5,24.3,24.3,24.2,24.0,23.9,23.8,24.5,26.3,27.9,29.1,30.1,30.6,30.8,30.2,29.6,29.4,28.2,27.3,25.9,25.6,25.2,24.9,24.8
2026-04-13,降水量(mm),0.0,0.0,0.0,0.0,0.0,0.0,0.0,0.0,0.0,0.0,0.0,0.0,0.0,0.0,0.0,0.0,0.0,0.0,0.0,0.0,0.0,0.0,0.0,0.0
2026-04-13,风速(km/h),9.4,10.0,8.9,9.3,9.1,9.7,10.1,10.9,12.2,14.9,16.0,17.6,18.8,19.0,17.4,15.8,17.1,15.8,12.1,10.1,9.5,9.0,8.2,8.9
2026-04-13,风向(°),156.0,157.0,153.0,155.0,153.0,151.0,153.0,153.0,160.0,168.0,172.0,181.0,186.0,190.0,191.0,187.0,189.0,191.0,179.0,158.0,155.0,147.0,147.0,148.0
2026-04-13,云量(%),64.0,12.0,9.0,7.0,10.0,5.0,17.0,13.0,23.0,17.0,17.0,45.0,92.0,77.0,97.0,100.0,100.0,20.0,40.0,23.0,1.0,2.0,4.0,4.0
2026-04-13,太阳总辐射(MJ/m²),0.0,0.0,0.0,0.0,0.0,0.0,0.0,0.115,0.655,1.354,2.059,2.534,2.585,2.16,2.243,1.76,1.598,1.03,0.554,0.079,0.0,0.0,0.0,0.0
2026-04-14,气温(℃),24.6,24.3,24.9,24.6,24.4,24.1,24.1,24.7,26.5,27.8,29.4,30.6,31.4,31.8,30.5,30.5,29.9,28.9,27.9,26.5,25.9,25.4,24.9,24.7
2026-04-14,降水量(mm),0.0,0.0,0.0,0.0,0.0,0.0,0.0,0.0,0.0,0.0,0.0,0.0,0.0,0.0,0.0,0.0,0.0,0.0,0.0,0.0,0.0,0.0,0.0,0.0
2026-04-14,风速(km/h),9.6,8.9,5.7,4.5,5.4,8.8,9.7,10.7,11.1,12.1,13.2,14.6,15.3,16.2,16.5,15.3,15.0,13.6,11.0,9.2,5.4,6.6,6.6,6.9
2026-04-14,风向(°),152.0,155.0,145.0,140.0,143.0,149.0,149.0,153.0,164.0,178.0,183.0,189.0,192.0,199.0,207.0,214.0,209.0,209.0,201.0,186.0,154.0,154.0,159.0,152.0
2026-04-14,云量(%),3.0,4.0,97.0,64.0,20.0,2.0,1.0,5.0,41.0,20.0,42.0,77.0,86.0,94.0,23.0,21.0,13.0,20.0,20.0,23.0,28.0,7.0,5.0,10.0
2026-04-14,太阳总辐射(MJ/m²),0.0,0.0,0.0,0.0,0.0,0.0,0.0,0.119,0.677,1.192,2.066,2.444,2.498,2.671,2.304,2.527,1.696,1.328,0.547,0.083,0.0,0.0,0.0,0.0
2026-04-15,气温(℃),24.7,24.4,24.7,24.7,24.6,24.3,23.8,24.2,25.9,27.4,28.9,29.6,30.7,30.6,29.8,30.4,30.0,28.1,26.7,25.9,25.6,25.2,24.7,24.4
2026-04-15,降水量(mm),0.0,0.0,0.0,0.0,0.0,0.0,0.0,0.0,0.0,0.0,0.0,0.0,0.0,0.0,0.0,0.0,0.0,0.0,0.0,0.0,0.0,0.0,0.0,0.0
2026-04-15,风速(km/h),7.1,5.2,4.6,4.5,5.1,5.4,5.4,7.6,9.8,12.0,15.1,15.4,13.7,18.3,15.0,15.6,15.9,16.0,13.5,10.6,8.6,6.8,7.0,8.2
2026-04-15,风向(°),159.0,158.0,138.0,137.0,129.0,130.0,130.0,135.0,157.0,173.0,183.0,190.0,198.0,197.0,207.0,210.0,203.0,194.0,196.0,179.0,180.0,169.0,154.0,157.0
2026-04-15,云量(%),2.0,2.0,91.0,98.0,16.0,7.0,15.0,12.0,59.0,46.0,53.0,48.0,44.0,86.0,51.0,54.0,87.0,87.0,70.0,29.0,13.0,2.0,5.0,2.0
2026-04-15,太阳总辐射(MJ/m²),0.0,0.0,0.0,0.0,0.0,0.0,0.0,0.115,0.655,1.022,1.886,2.005,2.43,2.538,1.829,2.297,1.724,0.932,0.45,0.058,0.0,0.0,0.0,0.0
2026-04-16,气温(℃),24.1,23.9,23.9,23.6,23.4,23.3,23.3,24.0,26.1,27.4,28.1,29.1,29.7,29.3,29.7,29.9,28.5,28.0,27.2,25.5,25.3,24.7,24.3,23.6
2026-04-16,降水量(mm),0.0,0.0,0.0,0.0,0.0,0.0,0.0,0.0,0.0,0.0,1.6,0.3,0.0,0.0,0.0,0.0,0.0,0.0,0.0,0.0,0.0,0.0,0.0,0.0
2026-04-16,风速(km/h),9.5,10.1,7.7,4.4,5.7,8.0,9.4,10.4,10.1,10.0,13.4,14.5,14.7,17.4,13.0,14.5,15.2,12.6,9.9,9.0,9.1,5.3,4.5,3.1
2026-04-16,风向(°),155.0,153.0,159.0,173.0,162.0,153.0,154.0,157.0,164.0,173.0,175.0,173.0,172.0,174.0,184.0,191.0,194.0,182.0,176.0,174.0,163.0,162.0,124.0,152.0
2026-04-16,云量(%),1.0,1.0,0.0,4.0,4.0,2.0,2.0,14.0,52.0,44.0,57.0,48.0,100.0,91.0,84.0,100.0,71.0,13.0,8.0,4.0,33.0,3.0,0.0,2.0
2026-04-16,太阳总辐射(MJ/m²),0.0,0.0,0.0,0.0,0.0,0.0,0.0,0.13,0.72,1.188,1.703,2.124,2.124,2.282,2.11,1.93,1.454,1.087,0.605,0.09,0.0,0.0,0.0,0.0
2026-04-17,气温(℃),23.3,23.2,23.8,23.6,23.3,23.1,22.9,23.6,24.5,25.2,26.3,25.4,25.0,27.5,28.2,24.7,23.5,22.8,22.2,22.3,22.3,22.1,21.9,21.8
2026-04-17,降水量(mm),0.0,0.0,0.0,0.0,0.0,0.0,0.0,0.0,0.0,0.3,0.3,1.2,0.5,0.1,0.0,5.5,3.0,3.4,7.1,2.7,1.6,0.0,0.0,0.0
2026-04-17,风速(km/h),3.1,5.3,4.2,5.4,5.1,6.3,6.8,6.9,2.4,1.2,2.8,3.4,9.7,8.3,6.4,3.0,7.5,6.5,11.8,8.1,8.1,6.9,3.6,4.2
2026-04-17,风向(°),144.0,162.0,173.0,172.0,170.0,160.0,151.0,155.0,318.0,117.0,235.0,267.0,145.0,160.0,100.0,107.0,228.0,178.0,196.0,217.0,288.0,263.0,264.0,265.0
2026-04-17,云量(%),1.0,13.0,47.0,44.0,16.0,21.0,55.0,37.0,63.0,40.0,100.0,100.0,41.0,51.0,100.0,100.0,100.0,100.0,100.0,100.0,100.0,100.0,100.0,38.0
2026-04-17,太阳总辐射(MJ/m²),0.0,0.0,0.0,0.0,0.0,0.0,0.0,0.112,0.652,0.846,1.53,0.652,0.986,2.293,2.502,0.94,0.389,0.047,0.061,0.029,0.0,0.0,0.0,0.0
2026-04-18,气温(℃),21.5,21.6,21.7,20.8,20.7,20.9,21.1,22.0,23.1,24.9,26.1,26.8,27.5,27.9,28.2,28.0,28.1,27.9,27.3,26.1,24.1,23.6,23.3,23.0
2026-04-18,降水量(mm),0.0,0.0,0.0,0.0,0.0,0.0,0.0,0.0,0.0,0.1,0.1,0.0,0.0,0.3,0.1,0.0,0.0,0.0,0.0,0.0,0.0,0.0,0.0,0.0
2026-04-18,风速(km/h),4.2,5.6,4.2,4.6,4.5,4.7,5.1,6.6,6.5,6.2,8.5,8.8,8.2,8.4,10.1,9.3,9.1,6.5,3.7,0.3,6.6,4.5,6.1,4.7
2026-04-18,风向(°),280.0,277.0,252.0,244.0,268.0,270.0,266.0,283.0,318.0,316.0,306.0,303.0,292.0,285.0,292.0,285.0,287.0,298.0,309.0,135.0,171.0,203.0,203.0,223.0
2026-04-18,云量(%),96.0,16.0,0.0,0.0,2.0,12.0,23.0,22.0,53.0,80.0,100.0,100.0,35.0,64.0,66.0,76.0,97.0,71.0,63.0,100.0,7.0,4.0,1.0,0.0
2026-04-18,太阳总辐射(MJ/m²),0.0,0.0,0.0,0.0,0.0,0.0,0.0,0.13,0.695,1.278,1.616,1.652,1.832,2.023,2.326,1.512,1.318,0.9,0.526,0.058,0.0,0.0,0.0,0.0
2026-04-19,气温(℃),22.7,22.4,22.5,22.3,22.1,21.8,21.3,22.1,24.1,26.4,28.1,29.3,29.9,30.1,30.3,30.5,29.6,27.8,26.4,25.0,25.0,24.6,24.1,23.9
2026-04-19,降水量(mm),0.0,0.0,0.0,0.0,0.0,0.0,0.0,0.0,0.0,0.0,0.0,0.0,0.0,0.0,0.0,0.0,0.0,0.0,0.0,0.0,0.0,0.0,0.0,0.0
2026-04-19,风速(km/h),5.3,4.6,5.6,5.6,6.0,4.6,2.9,4.8,1.6,2.1,3.7,6.1,8.1,8.4,7.4,6.8,11.6,14.2,12.3,10.5,7.3,4.9,5.5,5.6
2026-04-19,风向(°),215.0,222.0,249.0,263.0,277.0,283.0,259.0,233.0,297.0,20.0,67.0,87.0,93.0,113.0,137.0,145.0,139.0,145.0,150.0,158.0,160.0,182.0,171.0,163.0
2026-04-19,云量(%),0.0,0.0,0.0,0.0,0.0,0.0,0.0,0.0,0.0,0.0,2.0,52.0,55.0,31.0,46.0,29.0,99.0,100.0,100.0,100.0,92.0,34.0,90.0,97.0
2026-04-19,太阳总辐射(MJ/m²),0.0,0.0,0.0,0.0,0.0,0.0,0.0,0.151,0.77,1.53,2.261,2.743,2.876,3.071,2.83,2.25,1.962,1.228,0.576,0.079,0.0,0.0,0.0,0.0
2026-04-20,气温(℃),23.6,23.4,23.2,23.2,22.8,22.6,22.5,23.3,26.2,27.8,29.0,29.9,25.0,26.4,26.8,25.4,25.8,24.8,24.6,23.8,24.0,23.7,23.6,23.4
2026-04-20,降水量(mm),0.0,0.0,0.0,0.0,0.0,0.0,0.0,0.0,0.0,0.0,0.0,0.1,10.8,5.5,1.3,0.4,0.2,1.3,0.6,0.0,0.0,0.0,0.0,0.0
2026-04-20,风速(km/h),6.6,6.6,4.7,6.0,5.6,5.9,5.8,5.5,4.7,7.7,8.5,7.5,11.4,5.7,13.6,11.8,11.4,10.8,8.2,9.4,9.8,8.4,10.4,7.4
2026-04-20,风向(°),163.0,163.0,171.0,143.0,140.0,162.0,144.0,161.0,137.0,150.0,167.0,150.0,168.0,198.0,156.0,164.0,164.0,181.0,157.0,148.0,136.0,140.0,134.0,137.0
2026-04-20,云量(%),59.0,88.0,98.0,65.0,91.0,61.0,2.0,14.0,42.0,71.0,65.0,100.0,99.0,93.0,100.0,99.0,100.0,99.0,100.0,96.0,84.0,80.0,25.0,36.0
2026-04-20,太阳总辐射(MJ/m²),0.0,0.0,0.0,0.0,0.0,0.0,0.0,0.148,0.695,1.458,2.074,2.398,0.947,1.516,2.246,0.911,0.925,0.49,0.328,0.076,0.0,0.0,0.0,0.0
2026-04-21,气温(℃),23.4,23.4,23.6,23.8,23.3,23.7,23.5,24.1,24.9,26.3,28.0,29.4,30.5,31.1,28.1,29.3,28.8,28.2,27.0,25.5,25.2,24.9,24.5,24.3
2026-04-21,降水量(mm),0.0,0.0,0.0,0.0,0.0,0.0,0.0,0.0,0.0,0.0,0.0,0.1,0.0,0.0,0.0,0.1,0.0,0.0,0.0,0.0,0.0,0.0,0.0,0.0
2026-04-21,风速(km/h),10.3,8.5,4.6,4.3,3.8,5.2,5.2,5.8,7.6,16.7,12.4,16.0,15.2,16.1,12.3,14.6,17.0,15.6,11.4,11.5,8.0,9.3,8.3,9.2
2026-04-21,风向(°),147.0,152.0,138.0,152.0,177.0,155.0,139.0,146.0,176.0,187.0,193.0,192.0,190.0,186.0,172.0,181.0,186.0,186.0,176.0,169.0,160.0,158.0,160.0,160.0
2026-04-21,云量(%),19.0,39.0,100.0,16.0,90.0,14.0,100.0,79.0,52.0,42.0,66.0,38.0,16.0,12.0,69.0,74.0,45.0,37.0,18.0,6.0,67.0,52.0,13.0,1.0
2026-04-21,太阳总辐射(MJ/m²),0.0,0.0,0.0,0.0,0.0,0.0,0.0,0.101,0.68,1.364,1.998,2.444,2.923,3.074,2.905,2.642,1.858,1.192,0.544,0.101,0.0,0.0,0.0,0.0
2026-04-22,气温(℃),24.3,24.0,23.7,23.6,23.4,23.3,23.1,24.0,26.1,27.2,28.6,29.3,29.8,29.2,28.9,29.2,29.1,28.9,27.5,26.2,25.9,25.5,25.2,24.8
2026-04-22,降水量(mm),0.0,0.0,0.0,0.0,0.0,0.0,0.0,0.0,0.0,0.1,0.0,0.0,0.0,0.0,0.0,0.0,0.0,0.0,0.0,0.0,0.0,0.2,0.0,0.0
2026-04-22,风速(km/h),9.3,8.8,8.1,6.6,7.1,7.3,7.0,8.6,11.9,14.7,17.5,19.8,21.7,20.6,18.0,18.5,17.7,17.2,13.5,12.2,10.4,9.0,9.0,7.0
2026-04-22,风向(°),161.0,163.0,156.0,167.0,173.0,173.0,167.0,169.0,184.0,197.0,200.0,204.0,213.0,217.0,216.0,218.0,218.0,217.0,203.0,199.0,190.0,183.0,183.0,179.0
2026-04-22,云量(%),2.0,2.0,30.0,45.0,97.0,100.0,34.0,19.0,70.0,54.0,67.0,60.0,79.0,76.0,94.0,100.0,80.0,70.0,55.0,41.0,48.0,54.0,11.0,6.0
2026-04-22,太阳总辐射(MJ/m²),0.0,0.0,0.0,0.0,0.0,0.0,0.0,0.166,0.763,1.31,1.93,2.29,2.668,2.174,1.994,2.005,1.343,1.098,0.486,0.094,0.0,0.0,0.0,0.0
2026-04-23,气温(℃),24.6,24.3,24.1,24.1,23.7,23.4,23.4,23.6,24.6,25.5,23.5,22.0,21.4,22.5,24.4,22.6,21.4,20.8,20.1,19.6,20.0,20.2,20.2,19.8
2026-04-23,降水量(mm),0.0,0.0,0.1,0.0,0.5,0.0,0.0,0.1,0.3,0.1,0.2,0.4,0.1,0.0,0.0,0.0,0.3,0.4,0.9,0.2,0.1,0.0,0.0,0.0
2026-04-23,风速(km/h),6.3,5.6,3.8,3.6,5.5,4.9,3.8,4.8,8.9,9.7,14.4,11.3,14.6,12.0,8.8,7.2,9.6,12.8,10.1,7.4,9.3,10.9,8.7,8.8
2026-04-23,风向(°),182.0,178.0,175.0,250.0,316.0,350.0,329.0,323.0,262.0,266.0,317.0,324.0,322.0,332.0,337.0,360.0,334.0,329.0,340.0,326.0,344.0,8.0,354.0,360.0
2026-04-23,云量(%),67.0,100.0,99.0,98.0,100.0,100.0,100.0,100.0,100.0,100.0,100.0,100.0,100.0,100.0,100.0,100.0,100.0,100.0,100.0,100.0,100.0,99.0,100.0,100.0
2026-04-23,太阳总辐射(MJ/m²),0.0,0.0,0.0,0.0,0.0,0.0,0.0,0.058,0.23,0.878,0.616,0.709,0.673,1.692,2.016,0.792,0.587,0.518,0.119,0.036,0.0,0.0,0.0,0.0
2026-04-24,气温(℃),19.9,19.9,20.2,20.0,19.8,19.5,19.1,18.6,19.0,20.2,19.9,20.1,19.5,19.9,19.3,19.2,19.0,18.6,18.2,18.1,18.2,17.9,17.9,18.4
2026-04-24,降水量(mm),0.0,0.0,0.8,0.1,0.0,0.0,0.3,1.7,2.5,11.3,5.3,5.7,1.1,3.0,4.6,8.0,17.3,7.8,2.4,3.8,3.1,0.0,0.0,0.0
2026-04-24,风速(km/h),8.3,5.9,9.7,7.8,10.0,11.2,10.0,10.4,7.2,7.9,8.1,9.0,7.2,8.2,7.7,9.8,11.5,10.1,9.2,9.1,11.2,7.8,8.7,10.1
2026-04-24,风向(°),18.0,358.0,350.0,29.0,20.0,21.0,13.0,10.0,357.0,12.0,357.0,2.0,22.0,22.0,41.0,343.0,337.0,6.0,12.0,15.0,1.0,34.0,34.0,44.0
2026-04-24,云量(%),100.0,100.0,100.0,98.0,100.0,100.0,100.0,100.0,100.0,100.0,100.0,100.0,100.0,100.0,100.0,100.0,100.0,100.0,100.0,100.0,100.0,100.0,100.0,99.0
2026-04-24,太阳总辐射(MJ/m²),0.0,0.0,0.0,0.0,0.0,0.0,0.0,0.032,0.126,1.253,0.662,1.019,0.274,0.544,0.5,0.382,0.155,0.115,0.112,0.014,0.0,0.0,0.0,0.0
2026-04-25,气温(℃),18.4,18.2,17.9,17.3,17.5,17.4,17.2,18.1,19.6,20.9,22.8,24.3,25.6,26.5,26.8,26.9,26.7,26.3,25.1,23.2,22.0,21.4,21.6,21.6
2026-04-25,降水量(mm),0.0,0.0,0.0,0.0,0.0,0.0,0.0,0.0,0.0,0.0,0.0,0.0,0.0,0.0,0.0,0.0,0.0,0.0,0.0,0.0,0.0,0.0,0.0,0.0
2026-04-25,风速(km/h),8.3,7.8,5.6,4.4,5.4,6.0,6.7,8.1,7.6,6.9,7.5,8.0,6.8,6.3,6.0,6.5,6.8,6.6,5.2,4.2,6.9,7.8,8.2,7.8
2026-04-25,风向(°),27.0,19.0,21.0,30.0,360.0,353.0,354.0,348.0,1.0,20.0,15.0,16.0,17.0,15.0,25.0,39.0,35.0,45.0,84.0,130.0,150.0,154.0,142.0,132.0
2026-04-25,云量(%),100.0,100.0,98.0,6.0,7.0,10.0,1.0,2.0,86.0,23.0,13.0,2.0,0.0,2.0,12.0,77.0,41.0,11.0,4.0,13.0,5.0,17.0,0.0,3.0
2026-04-25,太阳总辐射(MJ/m²),0.0,0.0,0.0,0.0,0.0,0.0,0.0,0.184,0.828,1.138,2.113,2.84,3.287,3.37,3.146,2.815,2.196,1.48,0.72,0.119,0.0,0.0,0.0,0.0
2026-04-26,气温(℃),21.4,21.1,20.3,20.3,20.0,20.2,19.9,21.0,23.0,24.3,25.6,26.4,27.4,28.2,28.9,29.3,28.5,27.0,25.6,23.7,23.2,22.8,22.6,22.4
2026-04-26,降水量(mm),0.0,0.0,0.0,0.0,0.0,0.0,0.0,0.0,0.0,0.0,0.0,0.0,0.0,0.0,0.0,0.0,0.0,0.0,0.0,0.0,0.0,0.0,0.0,0.0
2026-04-26,风速(km/h),7.1,5.5,3.9,2.8,2.5,5.8,3.9,6.7,9.2,8.8,8.7,8.5,6.1,5.0,3.6,4.8,8.1,9.8,8.6,8.9,8.7,8.0,8.6,9.0
2026-04-26,风向(°),124.0,122.0,103.0,105.0,90.0,88.0,74.0,54.0,64.0,67.0,68.0,69.0,78.0,92.0,72.0,75.0,103.0,139.0,150.0,159.0,163.0,162.0,158.0,150.0
2026-04-26,云量(%),22.0,2.0,5.0,7.0,18.0,95.0,96.0,52.0,94.0,100.0,94.0,65.0,69.0,99.0,95.0,100.0,100.0,100.0,20.0,80.0,88.0,82.0,95.0,100.0
2026-04-26,太阳总辐射(MJ/m²),0.0,0.0,0.0,0.0,0.0,0.0,0.0,0.155,0.695,1.375,2.239,2.372,2.837,2.675,2.311,2.174,1.512,0.835,0.461,0.115,0.0,0.0,0.0,0.0
2026-04-27,气温(℃),22.3,22.1,22.1,22.1,22.0,22.1,22.1,23.0,24.7,26.0,26.8,26.5,27.4,26.9,26.8,27.3,27.1,25.8,25.1,24.1,23.9,23.7,23.6,23.3
2026-04-27,降水量(mm),0.0,0.0,0.0,0.0,0.0,0.0,0.0,0.0,0.0,0.1,0.1,0.2,0.1,0.1,0.1,0.1,0.0,0.0,0.0,0.0,0.3,0.0,0.0,0.0
2026-04-27,风速(km/h),8.5,7.0,6.6,5.8,6.7,7.5,7.0,8.3,7.8,9.4,10.3,11.3,10.2,10.8,9.9,9.1,9.5,9.9,8.0,10.1,11.1,10.2,10.1,10.3
2026-04-27,风向(°),151.0,154.0,143.0,144.0,136.0,132.0,140.0,132.0,132.0,142.0,136.0,132.0,139.0,134.0,151.0,150.0,148.0,145.0,152.0,149.0,129.0,132.0,139.0,140.0
2026-04-27,云量(%),99.0,100.0,100.0,100.0,100.0,97.0,100.0,96.0,38.0,93.0,100.0,100.0,100.0,100.0,100.0,100.0,100.0,100.0,100.0,100.0,100.0,100.0,85.0,98.0
2026-04-27,太阳总辐射(MJ/m²),0.0,0.0,0.0,0.0,0.0,0.0,0.0,0.18,0.788,1.458,2.038,1.372,1.793,1.21,1.17,1.717,1.235,0.587,0.281,0.054,0.0,0.0,0.0,0.0
2026-04-28,气温(℃),23.3,23.0,22.2,22.3,22.1,22.2,22.5,22.7,23.4,24.9,26.7,28.5,26.7,26.9,27.1,27.0,26.9,25.5,24.6,23.6,23.0,23.3,23.4,23.4
2026-04-28,降水量(mm),0.0,0.0,0.1,0.0,0.0,0.7,0.3,0.3,0.0,0.0,0.0,0.1,4.1,0.6,0.1,0.1,1.3,0.1,0.8,0.1,0.0,0.0,0.0,0.0
2026-04-28,风速(km/h),8.9,7.7,11.1,7.7,6.8,4.5,6.2,6.2,9.6,11.8,12.1,14.1,11.7,15.3,8.0,12.6,18.4,10.0,11.2,8.3,2.7,5.6,9.4,7.7
2026-04-28,风向(°),138.0,127.0,134.0,120.0,130.0,85.0,126.0,173.0,107.0,117.0,122.0,140.0,170.0,167.0,152.0,167.0,180.0,165.0,120.0,138.0,132.0,123.0,154.0,155.0
2026-04-28,云量(%),46.0,99.0,97.0,87.0,95.0,96.0,70.0,56.0,63.0,70.0,20.0,100.0,98.0,83.0,100.0,76.0,92.0,93.0,100.0,99.0,100.0,100.0,100.0,96.0
2026-04-28,太阳总辐射(MJ/m²),0.0,0.0,0.0,0.0,0.0,0.0,0.0,0.097,0.684,0.864,1.724,2.722,1.728,1.44,2.419,1.969,1.512,0.752,0.583,0.108,0.0,0.0,0.0,0.0
2026-04-29,气温(℃),23.1,22.7,22.2,22.5,22.1,21.8,21.6,22.8,25.6,27.1,28.2,27.4,24.8,24.5,26.1,25.8,24.9,23.9,23.3,22.5,21.1,20.9,21.3,21.1
2026-04-29,降水量(mm),0.0,1.8,0.1,0.0,0.0,0.0,0.0,0.0,2.5,0.0,0.2,2.2,7.7,4.8,0.4,1.1,1.5,0.3,0.0,0.0,0.0,0.0,0.0,0.0
2026-04-29,风速(km/h),9.9,9.9,5.4,10.7,6.9,5.5,4.5,1.1,1.3,4.6,7.0,11.0,3.7,6.0,6.5,9.8,12.2,13.2,13.1,11.4,13.7,14.2,11.5,12.7
2026-04-29,风向(°),155.0,159.0,194.0,166.0,175.0,207.0,217.0,18.0,124.0,99.0,176.0,268.0,293.0,350.0,347.0,302.0,343.0,354.0,347.0,355.0,342.0,344.0,356.0,7.0
2026-04-29,云量(%),100.0,100.0,100.0,99.0,34.0,2.0,23.0,34.0,5.0,30.0,100.0,98.0,100.0,100.0,100.0,100.0,100.0,100.0,100.0,99.0,100.0,100.0,100.0,100.0
2026-04-29,太阳总辐射(MJ/m²),0.0,0.0,0.0,0.0,0.0,0.0,0.0,0.209,0.778,1.577,2.185,1.649,1.458,0.792,0.482,1.814,0.972,0.677,0.335,0.09,0.0,0.0,0.0,0.0
2026-04-30,气温(℃),20.7,20.3,19.7,18.9,18.7,18.0,17.5,17.5,18.9,19.7,20.6,21.5,22.3,23.1,23.0,23.0,23.6,23.6,23.2,21.8,21.1,20.4,20.2,19.7
2026-04-30,降水量(mm),0.0,0.0,0.0,0.0,0.0,0.0,0.0,0.0,0.0,0.0,0.0,0.0,0.0,0.0,0.0,0.0,0.0,0.0,0.0,0.0,0.0,0.0,0.0,0.0
2026-04-30,风速(km/h),13.0,12.6,15.6,12.4,11.7,13.4,12.9,11.2,11.7,11.5,11.3,11.3,11.2,10.9,11.7,10.8,8.5,6.7,2.4,0.4,3.1,2.8,1.1,1.5
2026-04-30,风向(°),11.0,13.0,345.0,343.0,342.0,340.0,344.0,341.0,349.0,359.0,10.0,13.0,11.0,9.0,1.0,357.0,4.0,8.0,54.0,153.0,118.0,105.0,342.0,324.0
2026-04-30,云量(%),100.0,100.0,100.0,100.0,100.0,99.0,80.0,83.0,75.0,72.0,91.0,98.0,99.0,98.0,88.0,100.0,17.0,25.0,5.0,8.0,9.0,27.0,6.0,7.0
2026-04-30,太阳总辐射(MJ/m²),0.0,0.0,0.0,0.0,0.0,0.0,0.0,0.14,0.554,1.145,1.49,1.865,2.156,2.509,2.257,1.793,1.678,1.368,0.688,0.13,0.0,0.0,0.0,0.0
2026-05-01,气温(℃),19.5,19.9,20.2,19.7,19.1,18.8,18.5,19.5,20.7,22.2,23.3,24.6,25.3,25.6,26.7,26.4,26.1,25.0,24.4,23.3,22.8,22.6,22.5,22.5
2026-05-01,降水量(mm),0.0,0.0,0.0,0.0,0.0,0.0,0.0,0.0,0.0,0.0,0.0,0.0,0.0,0.1,0.0,0.0,0.0,0.0,0.0,0.0,0.0,0.0,0.0,0.0
2026-05-01,风速(km/h),3.3,6.8,6.9,6.1,6.8,7.0,6.6,7.3,7.1,7.3,7.2,7.3,9.3,8.9,10.2,8.8,9.4,9.7,9.9,10.6,9.9,10.8,10.7,10.9
2026-05-01,风向(°),54.0,68.0,67.0,45.0,29.0,35.0,47.0,62.0,47.0,60.0,72.0,99.0,124.0,126.0,150.0,152.0,160.0,156.0,142.0,145.0,145.0,134.0,131.0,134.0
2026-05-01,云量(%),31.0,100.0,66.0,100.0,100.0,99.0,55.0,25.0,30.0,41.0,87.0,95.0,100.0,99.0,90.0,100.0,100.0,100.0,99.0,14.0,84.0,4.0,13.0,10.0
2026-05-01,太阳总辐射(MJ/m²),0.0,0.0,0.0,0.0,0.0,0.0,0.0,0.194,0.882,1.652,2.027,2.329,2.084,1.422,1.966,1.476,1.296,0.713,0.428,0.101,0.0,0.0,0.0,0.0
2026-05-02,气温(℃),22.6,22.5,22.6,22.7,22.9,22.8,22.6,23.7,24.9,26.2,26.7,27.1,27.9,28.3,27.9,28.6,28.1,27.9,27.0,25.3,24.8,24.3,24.1,24.0
2026-05-02,降水量(mm),0.0,0.0,0.0,0.0,0.0,0.0,0.0,0.0,0.0,0.1,0.1,0.1,0.1,0.3,0.3,0.2,0.0,0.0,0.0,0.0,0.0,0.0,0.0,0.0
2026-05-02,风速(km/h),10.2,8.6,6.9,6.7,8.8,9.5,9.5,10.4,15.7,14.6,14.2,14.7,13.7,15.9,15.7,14.9,13.5,12.4,10.5,10.9,8.5,8.6,8.4,7.8
2026-05-02,风向(°),139.0,141.0,141.0,146.0,149.0,144.0,147.0,144.0,146.0,160.0,167.0,169.0,170.0,165.0,177.0,181.0,184.0,178.0,161.0,153.0,153.0,164.0,160.0,161.0
2026-05-02,云量(%),48.0,100.0,100.0,99.0,99.0,97.0,100.0,100.0,71.0,71.0,82.0,100.0,92.0,75.0,61.0,69.0,100.0,84.0,98.0,98.0,98.0,100.0,100.0,100.0
2026-05-02,太阳总辐射(MJ/m²),0.0,0.0,0.0,0.0,0.0,0.0,0.0,0.173,0.774,1.228,1.472,1.584,2.214,2.552,2.398,2.156,1.35,1.102,0.67,0.119,0.0,0.0,0.0,0.0
2026-05-03,气温(℃),23.7,23.4,23.7,23.9,23.9,23.8,23.3,23.8,26.3,25.7,24.1,24.2,24.6,25.5,26.9,27.7,27.1,26.2,25.5,23.7,22.9,22.3,22.3,22.4
2026-05-03,降水量(mm),0.0,0.0,0.0,0.0,0.0,0.0,0.5,0.2,0.1,9.7,0.3,2.0,1.1,0.4,0.4,0.1,0.3,0.5,0.0,0.1,0.8,1.7,2.4,0.1
2026-05-03,风速(km/h),5.5,7.1,7.4,7.8,6.6,7.1,1.6,7.4,6.1,7.2,8.0,9.3,9.8,7.5,10.8,9.5,9.6,7.2,8.2,8.9,5.6,4.3,3.5,4.5
2026-05-03,风向(°),161.0,153.0,166.0,175.0,191.0,218.0,174.0,148.0,203.0,273.0,308.0,331.0,325.0,327.0,15.0,10.0,5.0,13.0,346.0,335.0,331.0,22.0,62.0,355.0
2026-05-03,云量(%),99.0,42.0,84.0,95.0,80.0,100.0,100.0,100.0,80.0,100.0,100.0,100.0,100.0,100.0,77.0,65.0,99.0,84.0,100.0,100.0,100.0,100.0,100.0,100.0
2026-05-03,太阳总辐射(MJ/m²),0.0,0.0,0.0,0.0,0.0,0.0,0.0,0.061,0.263,0.925,0.482,0.605,1.184,1.012,1.296,1.991,1.706,0.576,0.522,0.072,0.0,0.0,0.0,0.0
2026-05-04,气温(℃),22.1,21.8,22.2,21.8,21.5,21.0,20.6,20.8,21.6,23.0,24.0,24.9,24.7,23.7,25.1,23.8,23.2,22.3,21.9,21.5,21.1,21.1,21.3,21.3
2026-05-04,降水量(mm),0.0,0.0,0.0,0.0,0.0,0.0,0.0,0.0,0.0,0.0,0.0,0.0,0.0,0.2,0.1,0.6,0.3,0.5,0.0,0.0,0.0,0.1,0.1,0.2
2026-05-04,风速(km/h),7.4,11.5,9.4,8.1,6.5,9.2,9.9,8.8,8.8,9.4,9.0,9.3,9.2,8.0,6.6,6.0,5.2,5.6,7.3,6.0,5.5,5.3,6.1,6.9
2026-05-04,风向(°),360.0,14.0,13.0,13.0,354.0,344.0,357.0,355.0,2.0,29.0,43.0,37.0,31.0,25.0,26.0,33.0,29.0,17.0,30.0,33.0,32.0,24.0,23.0,60.0
2026-05-04,云量(%),100.0,100.0,32.0,99.0,98.0,100.0,100.0,100.0,100.0,99.0,100.0,100.0,100.0,100.0,100.0,100.0,100.0,98.0,100.0,100.0,100.0,100.0,100.0,100.0
2026-05-04,太阳总辐射(MJ/m²),0.0,0.0,0.0,0.0,0.0,0.0,0.0,0.126,0.612,0.958,1.4,1.692,1.102,0.77,0.976,0.994,0.637,0.31,0.281,0.058,0.0,0.0,0.0,0.0
2026-05-05,气温(℃),21.2,21.3,21.0,21.1,21.1,20.9,20.5,20.3,20.6,20.8,21.6,23.7,25.1,24.5,25.9,26.7,25.1,23.2,22.4,21.9,21.6,21.5,21.2,21.1
2026-05-05,降水量(mm),0.2,0.2,0.0,0.1,1.2,0.8,2.2,1.2,0.5,0.9,0.0,0.0,0.0,0.4,0.4,0.1,0.6,1.8,1.1,0.1,0.0,0.1,0.0,0.0
2026-05-05,风速(km/h),6.9,7.7,5.2,7.4,8.1,8.0,9.3,11.1,7.9,7.4,7.5,8.5,8.0,8.6,6.3,4.1,4.0,7.0,6.6,6.8,6.1,9.7,10.3,9.7
2026-05-05,风向(°),43.0,62.0,22.0,29.0,32.0,48.0,53.0,73.0,102.0,89.0,105.0,118.0,117.0,105.0,162.0,165.0,82.0,93.0,106.0,125.0,78.0,100.0,106.0,112.0
2026-05-05,云量(%),100.0,100.0,100.0,100.0,100.0,91.0,95.0,92.0,100.0,100.0,91.0,73.0,100.0,100.0,91.0,100.0,100.0,100.0,100.0,100.0,100.0,91.0,100.0,85.0
2026-05-05,太阳总辐射(MJ/m²),0.0,0.0,0.0,0.0,0.0,0.0,0.0,0.101,0.418,0.54,0.713,1.984,2.196,1.192,1.408,1.703,0.983,0.36,0.086,0.061,0.0,0.0,0.0,0.0
2026-05-06,气温(℃),21.1,21.0,21.2,21.3,21.4,21.4,21.2,21.9,22.2,23.4,24.2,25.3,26.0,26.3,25.7,26.1,26.2,26.0,24.9,23.7,23.1,23.0,22.9,22.9
2026-05-06,降水量(mm),0.0,0.0,0.0,0.0,0.0,0.0,0.0,0.0,0.0,0.1,0.0,0.0,0.2,0.3,0.2,0.2,0.0,0.0,0.0,0.0,0.0,0.0,0.0,0.0
2026-05-06,风速(km/h),8.4,7.2,4.1,4.0,5.6,6.0,6.7,9.4,7.5,7.4,7.6,7.3,7.6,10.2,9.6,10.8,12.8,14.1,12.4,9.8,8.7,9.7,9.9,9.8
2026-05-06,风向(°),115.0,122.0,103.0,63.0,68.0,74.0,81.0,90.0,66.0,83.0,104.0,113.0,115.0,135.0,140.0,142.0,149.0,145.0,146.0,145.0,140.0,137.0,128.0,128.0
2026-05-06,云量(%),100.0,97.0,100.0,100.0,100.0,100.0,100.0,20.0,97.0,100.0,100.0,100.0,100.0,100.0,100.0,100.0,63.0,33.0,3.0,13.0,70.0,3.0,16.0,41.0
2026-05-06,太阳总辐射(MJ/m²),0.0,0.0,0.0,0.0,0.0,0.0,0.0,0.18,0.85,1.159,0.979,1.386,1.343,1.224,1.21,0.864,0.792,0.9,0.594,0.133,0.0,0.0,0.0,0.0
2026-05-07,气温(℃),22.8,22.8,22.2,22.7,22.8,22.7,22.4,23.7,25.3,26.6,27.6,28.9,29.6,29.9,29.5,28.9,28.3,27.8,26.5,25.2,25.1,24.8,24.5,24.3
2026-05-07,降水量(mm),0.0,0.0,0.0,0.0,0.0,0.0,0.0,0.0,0.1,0.1,0.1,0.1,0.2,0.2,0.3,0.4,0.1,0.1,0.0,0.0,0.0,0.0,0.0,0.0
2026-05-07,风速(km/h),9.1,7.8,3.5,5.3,7.0,7.2,7.7,9.0,10.9,11.2,10.0,8.1,8.3,9.7,7.0,8.5,10.5,10.2,10.2,9.5,8.7,7.3,6.4,6.2
2026-05-07,风向(°),129.0,130.0,125.0,125.0,119.0,115.0,120.0,119.0,119.0,132.0,141.0,149.0,156.0,156.0,176.0,168.0,163.0,159.0,149.0,147.0,146.0,147.0,140.0,150.0
2026-05-07,云量(%),5.0,57.0,91.0,84.0,16.0,1.0,19.0,30.0,47.0,39.0,36.0,31.0,29.0,40.0,57.0,55.0,46.0,68.0,80.0,89.0,100.0,98.0,100.0,100.0
2026-05-07,太阳总辐射(MJ/m²),0.0,0.0,0.0,0.0,0.0,0.0,0.0,0.238,0.785,1.454,1.973,2.614,2.93,3.031,2.671,2.225,1.458,1.192,0.634,0.112,0.0,0.0,0.0,0.0
2026-05-08,气温(℃),24.0,23.7,23.6,23.7,23.2,23.1,22.9,23.9,25.5,27.1,27.7,28.5,29.2,29.2,28.4,27.5,26.7,27.1,26.7,25.2,24.6,24.7,24.3,24.1
2026-05-08,降水量(mm),0.0,0.0,0.0,0.0,0.0,0.0,0.0,0.0,0.0,0.1,0.1,0.0,0.0,0.1,0.1,2.4,2.6,0.1,1.1,0.1,0.1,0.2,0.0,0.0
2026-05-08,风速(km/h),6.1,3.2,2.7,2.7,1.1,0.3,0.9,2.3,4.0,4.5,5.2,6.7,7.0,6.5,5.2,5.5,4.5,2.5,3.5,7.0,3.4,2.3,3.4,5.8
2026-05-08,风向(°),157.0,142.0,176.0,152.0,162.0,225.0,127.0,58.0,357.0,344.0,346.0,355.0,1.0,2.0,25.0,306.0,265.0,278.0,339.0,339.0,267.0,293.0,328.0,360.0
2026-05-08,云量(%),100.0,100.0,100.0,90.0,100.0,100.0,100.0,100.0,88.0,100.0,100.0,100.0,100.0,97.0,99.0,99.0,100.0,76.0,90.0,91.0,99.0,66.0,45.0,74.0
2026-05-08,太阳总辐射(MJ/m²),0.0,0.0,0.0,0.0,0.0,0.0,0.0,0.194,0.673,1.386,1.318,1.955,2.2,2.045,2.52,1.012,0.702,0.803,0.616,0.09,0.0,0.0,0.0,0.0
2026-05-09,气温(℃),23.5,23.1,23.1,23.2,23.3,23.2,23.1,22.5,22.5,22.7,23.5,23.8,24.4,25.2,25.1,24.9,24.9,24.9,24.4,23.9,23.3,23.2,23.0,22.8
2026-05-09,降水量(mm),0.5,0.1,0.9,0.2,1.1,1.2,2.9,3.0,1.6,0.7,0.7,0.3,0.4,0.2,0.0,0.0,0.0,0.0,0.0,0.0,0.0,0.0,0.0,0.0
2026-05-09,风速(km/h),6.7,5.3,7.1,7.9,8.8,8.9,10.3,15.6,10.9,10.7,12.8,11.3,11.1,9.7,8.7,8.9,7.8,4.9,3.3,2.9,1.6,0.6,0.7,2.9
2026-05-09,风向(°),6.0,350.0,27.0,13.0,51.0,69.0,71.0,69.0,40.0,42.0,68.0,70.0,73.0,93.0,107.0,114.0,127.0,123.0,77.0,90.0,174.0,214.0,166.0,7.0
2026-05-09,云量(%),66.0,76.0,78.0,100.0,100.0,100.0,100.0,100.0,100.0,100.0,100.0,100.0,100.0,100.0,100.0,100.0,100.0,100.0,100.0,100.0,100.0,100.0,100.0,100.0
2026-05-09,太阳总辐射(MJ/m²),0.0,0.0,0.0,0.0,0.0,0.0,0.0,0.043,0.281,0.22,0.58,0.439,0.742,1.166,0.68,0.662,0.533,0.389,0.13,0.036,0.0,0.0,0.0,0.0
2026-05-10,气温(℃),22.5,22.4,22.3,22.2,22.2,22.2,22.1,22.8,24.0,24.8,25.3,25.8,26.7,27.6,26.5,26.5,26.5,26.6,26.1,24.7,23.9,23.2,22.5,22.1
2026-05-10,降水量(mm),0.0,0.0,0.0,0.0,0.0,0.0,0.0,0.0,0.0,0.1,0.1,0.1,0.1,0.1,0.6,0.6,0.2,0.1,0.0,0.0,0.0,0.0,0.0,0.0
2026-05-10,风速(km/h),4.2,2.9,3.0,2.7,2.8,2.1,3.2,2.5,5.9,5.4,5.0,4.6,4.9,4.5,4.6,3.9,2.0,3.7,6.0,5.7,4.4,6.5,5.6,5.7
2026-05-10,风向(°),25.0,22.0,308.0,318.0,342.0,345.0,322.0,360.0,113.0,120.0,128.0,126.0,147.0,140.0,171.0,164.0,153.0,133.0,127.0,122.0,128.0,152.0,165.0,167.0
2026-05-10,云量(%),100.0,100.0,30.0,98.0,100.0,100.0,100.0,99.0,100.0,100.0,100.0,100.0,100.0,100.0,100.0,100.0,97.0,76.0,60.0,76.0,27.0,14.0,35.0,20.0
2026-05-10,太阳总辐射(MJ/m²),0.0,0.0,0.0,0.0,0.0,0.0,0.0,0.151,0.493,0.662,0.81,0.936,1.267,1.782,2.002,1.541,1.04,0.828,0.569,0.137,0.0,0.0,0.0,0.0
2026-05-11,气温(℃),21.8,21.6,21.7,21.8,21.8,21.7,21.7,23.1,24.7,26.5,27.7,28.5,29.9,30.6,30.0,30.5,30.4,29.8,28.7,26.6,25.4,24.8,24.5,24.3
2026-05-11,降水量(mm),0.0,0.0,0.0,0.0,0.0,0.0,0.0,0.0,0.0,0.1,0.2,0.1,0.2,0.6,0.5,0.3,0.2,0.0,0.1,0.1,0.0,0.0,0.0,0.0
2026-05-11,风速(km/h),5.2,5.2,5.2,4.4,4.4,4.8,5.0,4.9,4.2,6.6,7.7,7.5,6.8,6.4,6.0,4.8,4.1,2.5,2.7,9.4,8.8,8.7,7.7,8.2
2026-05-11,风向(°),174.0,186.0,224.0,210.0,199.0,202.0,215.0,197.0,216.0,244.0,246.0,262.0,268.0,288.0,307.0,335.0,331.0,8.0,148.0,179.0,175.0,184.0,192.0,202.0
2026-05-11,云量(%),4.0,19.0,13.0,12.0,16.0,91.0,78.0,91.0,67.0,84.0,100.0,100.0,43.0,100.0,67.0,100.0,84.0,88.0,98.0,39.0,25.0,38.0,23.0,13.0
2026-05-11,太阳总辐射(MJ/m²),0.0,0.0,0.0,0.0,0.0,0.0,0.004,0.241,0.724,1.426,1.944,1.969,2.75,2.848,2.398,2.448,1.858,1.253,0.612,0.137,0.0,0.0,0.0,0.0
2026-05-12,气温(℃),24.1,24.0,24.3,24.2,24.1,24.0,23.8,24.9,26.3,28.0,29.1,29.8,30.5,31.6,31.9,32.1,31.9,30.8,29.2,27.6,26.6,26.2,25.8,25.5
2026-05-12,降水量(mm),0.0,0.0,0.0,0.0,0.0,0.0,0.0,0.0,0.0,0.0,0.2,0.3,0.5,0.4,0.3,0.1,0.0,0.1,0.0,0.0,0.0,0.0,0.0,0.0
2026-05-12,风速(km/h),9.5,10.2,9.6,9.1,9.0,8.6,8.0,6.4,3.8,4.9,5.6,3.9,2.9,2.1,2.1,0.4,3.3,5.5,8.5,9.5,7.3,8.5,8.3,9.0
2026-05-12,风向(°),216.0,214.0,217.0,214.0,217.0,217.0,220.0,220.0,251.0,266.0,249.0,254.0,270.0,285.0,308.0,333.0,84.0,103.0,145.0,169.0,160.0,174.0,176.0,186.0
2026-05-12,云量(%),8.0,76.0,9.0,59.0,92.0,97.0,97.0,95.0,11.0,98.0,96.0,100.0,76.0,94.0,77.0,98.0,100.0,100.0,97.0,98.0,83.0,77.0,84.0,97.0
2026-05-12,太阳总辐射(MJ/m²),0.0,0.0,0.0,0.0,0.0,0.0,0.004,0.263,0.904,1.692,2.318,2.635,2.704,3.143,2.934,2.585,2.138,1.174,0.583,0.148,0.0,0.0,0.0,0.0
2026-05-13,气温(℃),25.2,25.1,25.4,24.9,24.7,24.7,24.7,25.8,27.5,28.7,30.1,31.3,32.2,32.5,32.9,32.6,31.4,30.3,29.1,27.5,27.4,26.6,26.4,26.5
2026-05-13,降水量(mm),0.0,0.0,0.0,0.0,0.0,0.0,0.0,0.0,0.0,0.0,0.0,0.0,0.0,0.0,0.0,0.0,0.3,0.0,0.0,0.0,0.0,0.0,0.0,0.0
2026-05-13,风速(km/h),9.3,10.1,9.3,9.0,8.4,9.8,9.8,10.5,10.9,11.0,11.8,12.4,13.4,16.0,13.3,14.1,13.7,13.4,12.4,10.3,10.4,9.7,10.6,11.1
2026-05-13,风向(°),189.0,199.0,198.0,196.0,195.0,187.0,193.0,197.0,220.0,221.0,223.0,223.0,219.0,216.0,229.0,227.0,214.0,206.0,202.0,196.0,172.0,178.0,171.0,173.0
2026-05-13,云量(%),95.0,81.0,62.0,74.0,4.0,59.0,44.0,79.0,70.0,80.0,63.0,45.0,11.0,37.0,30.0,96.0,95.0,66.0,61.0,96.0,56.0,59.0,100.0,95.0
2026-05-13,太阳总辐射(MJ/m²),0.0,0.0,0.0,0.0,0.0,0.0,0.004,0.274,0.936,1.631,2.268,2.848,3.208,3.398,3.236,2.747,1.753,1.274,0.749,0.155,0.0,0.0,0.0,0.0
2026-05-14,气温(℃),26.4,26.2,26.7,26.3,26.2,26.1,26.1,27.1,28.4,29.8,30.2,29.6,27.9,26.6,26.0,26.1,27.1,27.9,27.7,26.8,26.5,26.0,25.9,25.5
2026-05-14,降水量(mm),0.0,0.0,0.0,0.1,0.0,0.0,0.0,0.0,0.1,0.2,0.3,0.8,2.6,4.1,0.8,7.3,1.9,0.1,0.0,0.0,0.0,0.0,0.0,0.4
2026-05-14,风速(km/h),10.6,9.2,9.1,8.3,6.1,6.5,7.4,11.9,11.8,15.5,13.4,15.4,12.5,9.3,8.6,8.1,9.8,11.2,9.7,7.6,8.8,8.6,9.2,5.7
2026-05-14,风向(°),170.0,163.0,194.0,176.0,152.0,157.0,176.0,186.0,199.0,203.0,204.0,204.0,215.0,229.0,241.0,168.0,194.0,199.0,198.0,184.0,116.0,120.0,140.0,125.0
2026-05-14,云量(%),100.0,74.0,38.0,90.0,100.0,100.0,47.0,70.0,64.0,80.0,59.0,93.0,99.0,99.0,100.0,99.0,74.0,71.0,52.0,43.0,18.0,41.0,8.0,73.0
2026-05-14,太阳总辐射(MJ/m²),0.0,0.0,0.0,0.0,0.0,0.0,0.004,0.216,0.572,1.49,1.595,2.502,1.62,1.714,1.534,0.126,1.228,1.163,0.644,0.166,0.0,0.0,0.0,0.0
2026-05-15,气温(℃),24.8,24.1,23.6,23.4,23.6,23.5,23.8,24.4,25.9,27.8,28.9,29.8,30.5,29.9,30.2,28.6,27.9,27.9,27.1,26.0,25.9,25.2,25.2,25.2
2026-05-15,降水量(mm),1.2,1.1,2.3,5.4,0.4,0.4,0.2,0.9,0.9,0.0,0.0,0.4,0.0,1.0,1.1,1.7,0.3,0.1,0.0,0.2,0.4,0.1,0.0,0.0
2026-05-15,风速(km/h),3.1,1.9,6.8,7.1,3.8,9.0,4.0,3.6,5.1,3.9,8.4,9.3,7.8,8.3,13.3,17.0,15.3,16.3,15.7,13.1,11.8,11.6,10.9,12.3
2026-05-15,风向(°),97.0,17.0,25.0,63.0,278.0,91.0,63.0,342.0,18.0,28.0,62.0,75.0,83.0,129.0,123.0,113.0,102.0,113.0,120.0,124.0,128.0,129.0,117.0,127.0
2026-05-15,云量(%),27.0,100.0,100.0,96.0,33.0,95.0,86.0,100.0,77.0,91.0,25.0,70.0,85.0,88.0,93.0,99.0,73.0,90.0,73.0,91.0,100.0,100.0,100.0,98.0
2026-05-15,太阳总辐射(MJ/m²),0.0,0.0,0.0,0.0,0.0,0.0,0.004,0.162,0.547,1.516,1.886,2.711,2.264,1.897,1.991,2.506,1.89,1.408,0.659,0.122,0.0,0.0,0.0,0.0
2026-05-16,气温(℃),25.1,25.0,25.2,24.5,24.0,23.8,23.6,24.2,25.6,26.3,27.2,27.4,27.7,28.6,28.1,27.8,27.2,26.6,25.5,25.1,24.9,24.3,24.3,24.2
2026-05-16,降水量(mm),0.0,0.0,0.1,0.3,1.6,1.0,0.5,0.3,0.4,0.3,0.3,0.3,0.3,0.1,0.1,0.1,0.1,0.1,0.1,0.0,0.0,0.0,0.0,0.0
2026-05-16,风速(km/h),11.9,11.0,8.8,10.6,12.6,15.1,15.6,16.3,18.8,20.7,22.5,22.7,22.4,23.3,20.2,21.1,20.3,22.1,20.2,20.0,20.4,20.6,19.7,20.5
2026-05-16,风向(°),131.0,131.0,131.0,108.0,88.0,91.0,97.0,96.0,99.0,103.0,104.0,107.0,111.0,115.0,109.0,115.0,110.0,106.0,104.0,104.0,94.0,96.0,102.0,101.0
2026-05-16,云量(%),89.0,59.0,70.0,94.0,96.0,100.0,98.0,100.0,59.0,80.0,95.0,35.0,54.0,100.0,99.0,97.0,99.0,100.0,100.0,95.0,80.0,98.0,77.0,80.0
2026-05-16,太阳总辐射(MJ/m²),0.0,0.0,0.0,0.0,0.0,0.0,0.004,0.205,0.702,1.346,2.084,1.883,2.56,3.125,2.272,1.678,1.058,0.706,0.317,0.079,0.0,0.0,0.0,0.0
2026-05-17,气温(℃),24.0,23.8,24.3,23.9,23.7,23.7,23.6,24.2,24.8,25.2,25.8,26.3,26.7,26.8,27.9,26.5,25.4,24.8,24.7,24.0,24.2,24.1,24.0,24.1
2026-05-17,降水量(mm),0.0,0.0,0.0,0.0,0.1,0.1,0.0,0.0,0.0,0.3,0.0,0.1,0.4,0.8,0.2,0.4,0.6,0.5,0.3,0.4,0.3,0.5,0.2,0.2
2026-05-17,风速(km/h),19.7,17.6,17.3,17.3,16.5,17.3,19.0,18.3,20.2,19.1,21.5,20.6,21.4,22.3,22.0,21.6,19.5,19.3,20.1,19.7,15.8,18.8,18.5,17.3
2026-05-17,风向(°),102.0,101.0,98.0,99.0,96.0,94.0,95.0,95.0,91.0,91.0,96.0,104.0,107.0,109.0,109.0,111.0,101.0,102.0,105.0,111.0,114.0,112.0,109.0,107.0
2026-05-17,云量(%),34.0,99.0,39.0,51.0,66.0,47.0,48.0,58.0,100.0,100.0,100.0,100.0,95.0,96.0,100.0,99.0,100.0,89.0,100.0,83.0,100.0,100.0,99.0,100.0
2026-05-17,太阳总辐射(MJ/m²),0.0,0.0,0.0,0.0,0.0,0.0,0.004,0.274,0.832,0.85,1.307,1.526,1.739,2.167,1.663,1.609,1.026,0.608,0.479,0.072,0.0,0.0,0.0,0.0
2026-05-18,气温(℃),24.1,24.0,24.2,24.3,24.0,24.1,24.1,24.9,25.4,24.8,25.4,26.4,27.3,28.2,27.4,25.8,25.5,25.5,25.1,24.8,25.2,24.9,25.0,25.0
2026-05-18,降水量(mm),0.0,0.0,0.2,0.1,0.2,0.1,0.0,0.1,0.1,1.3,0.5,0.2,0.1,0.5,0.4,1.2,1.1,1.7,1.1,0.1,0.1,0.5,0.0,0.0
2026-05-18,风速(km/h),16.2,13.9,16.2,16.7,16.7,17.1,16.4,14.9,15.9,17.1,16.8,18.8,20.4,22.1,18.7,15.2,17.0,17.4,15.2,15.4,15.8,13.2,11.8,12.6
2026-05-18,风向(°),109.0,109.0,113.0,120.0,123.0,124.0,125.0,120.0,133.0,134.0,123.0,117.0,124.0,126.0,135.0,132.0,127.0,123.0,120.0,128.0,128.0,124.0,117.0,118.0
2026-05-18,云量(%),55.0,100.0,70.0,52.0,25.0,39.0,45.0,42.0,100.0,98.0,100.0,96.0,84.0,87.0,100.0,100.0,100.0,99.0,91.0,89.0,100.0,96.0,80.0,91.0
2026-05-18,太阳总辐射(MJ/m²),0.0,0.0,0.0,0.0,0.0,0.0,0.004,0.277,0.81,0.511,1.174,1.03,1.483,2.686,2.444,1.084,0.533,0.601,0.266,0.036,0.0,0.0,0.0,0.0
2026-05-19,气温(℃),25.0,25.0,24.6,24.3,23.9,23.9,24.0,24.3,25.6,24.7,24.8,25.6,26.9,26.2,25.4,25.6,25.9,26.2,25.9,25.2,25.4,25.0,25.0,25.1
2026-05-19,降水量(mm),0.0,0.0,0.0,0.5,1.3,0.6,0.4,1.0,0.6,1.9,1.7,0.7,0.5,7.6,2.6,1.8,0.6,0.1,0.0,0.0,0.1,0.0,0.0,0.2
2026-05-19,风速(km/h),13.1,13.1,12.2,12.9,12.8,11.8,13.6,14.4,14.4,15.3,14.1,14.4,13.4,15.5,8.7,6.8,7.2,7.2,9.2,10.2,10.4,11.1,11.7,12.4
2026-05-19,风向(°),120.0,123.0,128.0,131.0,132.0,136.0,138.0,138.0,144.0,146.0,142.0,146.0,148.0,158.0,167.0,145.0,145.0,143.0,141.0,148.0,138.0,138.0,143.0,146.0
2026-05-19,云量(%),100.0,99.0,99.0,98.0,100.0,100.0,100.0,100.0,100.0,100.0,100.0,100.0,96.0,100.0,100.0,100.0,100.0,100.0,100.0,100.0,98.0,92.0,98.0,99.0
2026-05-19,太阳总辐射(MJ/m²),0.0,0.0,0.0,0.0,0.0,0.0,0.004,0.097,0.389,0.18,0.292,0.778,1.199,1.382,0.317,0.526,0.673,0.562,0.389,0.094,0.0,0.0,0.0,0.0
2026-05-20,气温(℃),24.7,24.6,25.1,25.2,24.6,24.6,24.4,24.5,25.2,25.1,25.4,26.1,26.7,28.9,28.6,26.9,27.2,27.5,27.8,26.2,25.0,24.9,24.7,24.3
2026-05-20,降水量(mm),0.7,0.2,0.1,0.0,2.9,3.5,1.9,1.5,0.5,2.1,1.1,0.4,0.0,0.0,0.2,2.6,0.3,0.1,0.0,0.0,2.1,5.8,1.8,1.3
2026-05-20,风速(km/h),12.3,12.2,11.4,13.3,11.9,13.1,13.4,12.6,10.6,9.6,10.1,10.5,7.2,9.5,6.6,9.6,7.3,5.4,6.3,6.5,11.3,10.8,8.6,8.2
2026-05-20,风向(°),146.0,151.0,154.0,153.0,146.0,171.0,168.0,169.0,162.0,184.0,181.0,163.0,155.0,159.0,196.0,217.0,196.0,172.0,180.0,199.0,189.0,154.0,158.0,140.0
2026-05-20,云量(%),98.0,95.0,72.0,99.0,100.0,100.0,100.0,100.0,100.0,100.0,100.0,100.0,100.0,80.0,100.0,100.0,100.0,99.0,99.0,100.0,100.0,100.0,100.0,100.0
2026-05-20,太阳总辐射(MJ/m²),0.0,0.0,0.0,0.0,0.0,0.0,0.0,0.065,0.184,0.252,0.41,0.608,0.814,1.714,2.491,0.77,0.796,0.637,0.475,0.112,0.0,0.0,0.0,0.0
2026-05-21,气温(℃),24.3,24.7,26.0,25.8,25.2,24.6,24.2,24.8,26.4,28.1,30.7,29.9,30.6,28.8,30.0,30.9,27.9,26.2,27.0,26.4,27.3,25.8,25.0,24.9
2026-05-21,降水量(mm),2.0,0.2,0.3,1.7,0.6,0.1,1.2,0.5,0.4,0.0,0.1,0.5,0.1,0.3,1.3,0.1,1.2,5.5,0.3,0.3,0.0,1.3,1.2,0.1
2026-05-21,风速(km/h),10.7,8.8,4.0,1.4,6.2,8.0,11.4,8.2,12.3,8.2,12.6,12.5,15.2,9.6,14.8,16.6,15.2,8.7,7.1,8.6,4.8,2.4,8.7,9.5
2026-05-21,风向(°),150.0,175.0,180.0,130.0,144.0,118.0,141.0,154.0,162.0,170.0,184.0,184.0,194.0,189.0,203.0,197.0,224.0,173.0,187.0,168.0,195.0,103.0,130.0,147.0
2026-05-21,云量(%),100.0,100.0,100.0,100.0,98.0,100.0,100.0,100.0,100.0,88.0,100.0,100.0,100.0,100.0,95.0,98.0,100.0,100.0,100.0,100.0,100.0,100.0,100.0,97.0
2026-05-21,太阳总辐射(MJ/m²),0.0,0.0,0.0,0.0,0.0,0.0,0.004,0.148,0.331,0.954,2.052,1.472,1.75,1.026,1.703,1.678,1.53,0.342,0.436,0.079,0.0,0.0,0.0,0.0
2026-05-22,气温(℃),25.1,25.2,25.0,24.9,24.9,25.0,25.3,26.3,28.3,30.0,31.3,32.0,32.4,32.8,32.2,32.0,31.7,30.7,29.6,28.3,28.0,27.3,27.0,26.8
2026-05-22,降水量(mm),0.0,0.0,0.0,0.1,0.3,0.1,0.0,0.0,0.0,0.1,0.0,0.0,0.7,0.0,0.2,0.0,0.0,0.0,0.0,0.0,0.0,0.0,0.0,0.0
2026-05-22,风速(km/h),9.9,8.5,5.7,4.5,6.5,7.8,8.7,9.9,9.6,13.3,15.3,17.4,18.2,19.2,17.7,15.6,15.6,14.6,12.5,11.1,10.5,11.0,10.6,11.0
2026-05-22,风向(°),151.0,152.0,156.0,140.0,138.0,134.0,148.0,164.0,176.0,193.0,204.0,207.0,208.0,208.0,215.0,210.0,207.0,206.0,200.0,187.0,186.0,185.0,180.0,176.0
2026-05-22,云量(%),100.0,100.0,100.0,100.0,100.0,100.0,99.0,99.0,94.0,91.0,98.0,93.0,93.0,94.0,97.0,91.0,98.0,94.0,89.0,82.0,41.0,45.0,53.0,55.0
2026-05-22,太阳总辐射(MJ/m²),0.0,0.0,0.0,0.0,0.0,0.0,0.004,0.205,0.641,1.49,1.886,2.556,3.164,3.229,2.927,2.275,1.944,1.35,0.72,0.187,0.0,0.0,0.0,0.0
2026-05-23,气温(℃),26.7,26.5,26.5,26.2,25.9,25.8,25.9,27.1,28.3,29.4,30.9,31.6,31.2,29.5,31.5,31.6,31.4,30.2,29.3,28.3,28.1,27.5,27.4,27.4
2026-05-23,降水量(mm),0.0,0.0,0.0,0.0,0.0,0.0,0.0,0.5,0.7,0.0,0.0,0.0,2.8,1.3,0.4,0.1,0.0,0.0,0.0,0.0,0.0,0.0,0.0,0.0
2026-05-23,风速(km/h),10.6,10.1,6.6,6.5,6.3,6.0,7.6,9.8,10.4,9.7,14.9,14.7,15.2,18.4,16.1,14.5,14.4,13.1,11.5,10.4,6.7,8.9,11.0,13.4
2026-05-23,风向(°),182.0,185.0,191.0,175.0,160.0,151.0,153.0,186.0,181.0,191.0,205.0,208.0,214.0,217.0,200.0,202.0,202.0,189.0,189.0,180.0,178.0,155.0,166.0,174.0
2026-05-23,云量(%),44.0,35.0,55.0,37.0,48.0,41.0,63.0,80.0,95.0,100.0,100.0,71.0,69.0,94.0,80.0,99.0,100.0,98.0,99.0,98.0,99.0,98.0,98.0,98.0
2026-05-23,太阳总辐射(MJ/m²),0.0,0.0,0.0,0.0,0.0,0.0,0.004,0.238,0.72,1.105,1.742,2.146,2.956,2.567,1.3,2.279,1.796,0.904,0.403,0.115,0.0,0.0,0.0,0.0
2026-05-24,气温(℃),27.4,27.3,27.3,27.0,26.9,26.6,26.7,28.1,29.4,30.8,32.0,32.8,33.2,33.2,33.4,33.1,32.5,31.6,30.4,28.9,28.7,28.0,27.8,27.6
2026-05-24,降水量(mm),0.0,0.0,0.0,0.0,0.0,0.0,0.0,0.0,0.1,0.0,0.1,0.1,0.1,0.1,0.4,0.2,0.0,0.0,0.0,0.0,0.0,0.0,0.0,0.0
2026-05-24,风速(km/h),14.8,14.6,11.6,10.8,10.0,8.8,9.0,9.9,11.5,13.3,14.1,15.7,17.1,18.7,17.1,16.8,16.3,14.9,14.3,13.0,12.1,12.8,13.7,14.0
2026-05-24,风向(°),178.0,184.0,196.0,198.0,193.0,180.0,177.0,192.0,215.0,221.0,218.0,216.0,215.0,216.0,222.0,218.0,208.0,195.0,187.0,179.0,165.0,166.0,164.0,167.0
2026-05-24,云量(%),99.0,99.0,98.0,99.0,95.0,80.0,95.0,98.0,58.0,84.0,81.0,57.0,34.0,61.0,28.0,21.0,92.0,95.0,97.0,94.0,89.0,79.0,81.0,49.0
2026-05-24,太阳总辐射(MJ/m²),0.0,0.0,0.0,0.0,0.0,0.0,0.007,0.299,0.806,1.721,2.311,2.369,2.452,2.563,2.236,2.732,2.153,1.548,0.803,0.194,0.0,0.0,0.0,0.0
2026-05-25,气温(℃),27.4,27.3,27.4,27.1,27.0,27.0,27.0,28.2,29.6,30.8,32.0,32.8,33.0,33.3,33.4,33.2,32.5,31.3,30.1,28.8,28.8,28.1,27.9,27.7
2026-05-25,降水量(mm),0.0,0.0,0.0,0.0,0.0,0.0,0.0,0.0,0.0,0.0,0.0,0.0,0.8,0.9,0.0,0.3,0.0,0.0,0.0,0.0,0.0,0.0,0.0,0.0
2026-05-25,风速(km/h),15.1,14.1,11.9,11.9,11.7,11.5,12.4,11.9,14.6,15.2,17.2,17.0,17.5,18.5,14.7,14.5,14.6,15.8,15.3,14.4,11.0,10.9,12.0,12.7
2026-05-25,风向(°),172.0,177.0,177.0,181.0,180.0,177.0,178.0,185.0,204.0,206.0,208.0,208.0,210.0,208.0,217.0,211.0,196.0,192.0,188.0,184.0,178.0,173.0,173.0,173.0
2026-05-25,云量(%),21.0,16.0,66.0,49.0,34.0,95.0,95.0,97.0,37.0,17.0,45.0,27.0,55.0,77.0,38.0,59.0,94.0,89.0,46.0,25.0,5.0,1.0,1.0,2.0
2026-05-25,太阳总辐射(MJ/m²),0.0,0.0,0.0,0.0,0.0,0.0,0.007,0.313,0.943,1.624,2.362,2.912,3.226,3.298,3.233,2.743,2.304,1.552,0.878,0.216,0.0,0.0,0.0,0.0
2026-05-26,气温(℃),27.5,27.4,27.4,27.2,26.9,26.8,26.8,28.4,30.0,31.4,32.6,33.4,34.0,34.3,34.4,34.0,33.4,32.4,30.9,29.3,29.2,28.4,28.1,28.0
2026-05-26,降水量(mm),0.0,0.0,0.0,0.0,0.0,0.0,0.0,0.0,0.0,0.0,0.1,0.1,0.1,0.0,0.0,0.0,0.0,0.0,0.0,0.0,0.0,0.0,0.0,0.0
2026-05-26,风速(km/h),13.5,14.5,10.0,8.5,7.4,5.6,6.0,9.3,10.3,11.4,11.1,12.7,14.7,16.0,12.7,13.1,12.6,13.1,12.7,10.6,9.4,10.2,10.4,9.9
2026-05-26,风向(°),178.0,186.0,186.0,184.0,179.0,174.0,159.0,188.0,205.0,208.0,209.0,211.0,206.0,209.0,213.0,210.0,202.0,193.0,186.0,177.0,160.0,162.0,166.0,165.0
2026-05-26,云量(%),2.0,79.0,30.0,1.0,5.0,6.0,25.0,97.0,83.0,95.0,98.0,85.0,91.0,72.0,41.0,90.0,77.0,59.0,97.0,100.0,20.0,49.0,100.0,99.0
2026-05-26,太阳总辐射(MJ/m²),0.0,0.0,0.0,0.0,0.0,0.0,0.007,0.306,0.929,1.667,2.405,2.718,3.208,3.355,3.229,2.848,2.322,1.534,0.878,0.212,0.0,0.0,0.0,0.0
2026-05-27,气温(℃),27.8,27.7,27.6,27.3,27.2,27.0,27.0,28.4,30.1,31.4,32.8,33.8,34.8,35.1,34.8,34.2,34.6,33.8,31.4,29.5,29.4,28.7,28.1,27.8
2026-05-27,降水量(mm),0.0,0.0,0.0,0.0,0.0,0.0,0.0,0.0,0.0,0.0,0.0,0.0,0.0,0.0,0.0,0.1,0.1,0.0,0.0,0.0,0.0,0.0,0.0,0.0
2026-05-27,风速(km/h),9.5,10.8,9.6,8.8,7.9,7.6,8.3,9.0,8.7,8.5,8.5,7.1,7.4,8.2,1.5,0.7,5.4,9.8,13.0,11.7,10.7,10.7,9.5,8.6
2026-05-27,风向(°),170.0,181.0,188.0,189.0,183.0,180.0,180.0,196.0,217.0,218.0,222.0,223.0,229.0,229.0,234.0,90.0,180.0,188.0,181.0,176.0,166.0,167.0,181.0,180.0
2026-05-27,云量(%),85.0,14.0,9.0,77.0,85.0,92.0,59.0,72.0,60.0,79.0,78.0,95.0,99.0,95.0,98.0,98.0,95.0,98.0,86.0,91.0,55.0,22.0,16.0,57.0
2026-05-27,太阳总辐射(MJ/m²),0.0,0.0,0.0,0.0,0.0,0.0,0.007,0.32,0.997,1.667,2.423,2.786,3.233,3.096,3.038,2.718,2.196,1.458,0.853,0.209,0.0,0.0,0.0,0.0
2026-05-28,气温(℃),27.6,27.4,27.6,27.4,27.2,27.1,27.0,28.5,30.2,31.3,32.4,33.8,34.9,35.6,35.3,34.9,34.4,33.9,32.6,31.0,30.5,29.2,28.5,28.2
2026-05-28,降水量(mm),0.0,0.0,0.0,0.0,0.0,0.0,0.0,0.0,0.0,0.0,0.0,0.0,0.0,0.0,0.1,0.2,0.2,0.1,0.3,0.0,0.0,0.0,0.0,0.0
2026-05-28,风速(km/h),8.3,8.5,7.4,7.1,6.7,7.1,5.8,8.4,8.0,7.7,7.4,6.1,3.9,3.3,1.9,2.3,2.3,4.3,5.8,5.9,9.7,9.0,9.5,12.2
2026-05-28,风向(°),184.0,185.0,198.0,199.0,189.0,187.0,178.0,211.0,243.0,240.0,247.0,247.0,248.0,264.0,56.0,51.0,61.0,202.0,214.0,198.0,182.0,195.0,202.0,204.0
2026-05-28,云量(%),77.0,91.0,23.0,13.0,11.0,30.0,3.0,24.0,9.0,11.0,7.0,4.0,8.0,22.0,32.0,42.0,32.0,20.0,36.0,6.0,3.0,2.0,1.0,1.0
2026-05-28,太阳总辐射(MJ/m²),0.0,0.0,0.0,0.0,0.0,0.0,0.007,0.331,0.972,1.746,2.434,2.977,3.283,3.384,3.092,2.657,2.117,1.476,0.806,0.209,0.0,0.0,0.0,0.0
2026-05-29,气温(℃),27.9,27.7,27.9,27.3,26.8,26.5,26.3,27.8,29.5,31.3,32.5,33.7,34.5,35.2,35.6,35.5,34.0,34.1,33.4,32.2,27.1,27.0,26.2,26.4
2026-05-29,降水量(mm),0.0,0.0,0.0,0.0,0.0,0.0,0.0,0.0,0.0,0.0,0.0,0.0,0.1,0.0,0.0,0.0,0.7,0.0,0.0,0.0,0.2,0.2,0.2,0.1
2026-05-29,风速(km/h),12.4,11.0,8.3,6.8,6.5,4.9,1.3,4.1,2.0,2.7,3.8,5.7,6.8,5.9,2.1,4.2,7.7,5.0,5.7,3.9,9.7,8.9,11.3,10.4
2026-05-29,风向(°),213.0,218.0,214.0,207.0,194.0,190.0,74.0,214.0,275.0,293.0,311.0,332.0,343.0,333.0,329.0,211.0,208.0,218.0,189.0,202.0,119.0,62.0,83.0,98.0
2026-05-29,云量(%),4.0,0.0,0.0,0.0,2.0,0.0,6.0,32.0,33.0,91.0,88.0,88.0,89.0,52.0,25.0,55.0,59.0,28.0,16.0,10.0,77.0,88.0,91.0,84.0
2026-05-29,太阳总辐射(MJ/m²),0.0,0.0,0.0,0.0,0.0,0.0,0.007,0.338,0.979,1.8,2.182,2.765,3.236,3.344,3.103,2.794,2.02,1.505,0.817,0.223,0.0,0.0,0.0,0.0
2026-05-30,气温(℃),26.3,26.1,26.1,25.8,25.7,25.5,25.3,26.0,28.4,29.6,30.8,31.8,32.6,32.8,33.4,33.5,33.1,32.1,28.7,27.9,29.0,27.9,27.3,26.9
2026-05-30,降水量(mm),0.0,0.0,0.0,0.0,0.0,0.0,0.0,0.0,0.0,0.0,0.0,0.0,0.0,0.0,0.1,0.0,0.0,0.0,0.5,0.8,0.2,0.0,0.0,0.0
2026-05-30,风速(km/h),9.4,9.5,7.2,5.0,6.2,5.2,5.8,5.2,5.9,5.7,6.1,6.2,5.1,4.5,3.6,0.4,1.0,5.4,8.3,7.3,8.5,7.4,4.8,2.2
2026-05-30,风向(°),101.0,91.0,96.0,44.0,44.0,6.0,355.0,6.0,40.0,53.0,58.0,60.0,63.0,67.0,72.0,333.0,68.0,159.0,219.0,232.0,218.0,236.0,225.0,204.0
2026-05-30,云量(%),87.0,66.0,99.0,99.0,99.0,100.0,98.0,72.0,100.0,100.0,97.0,36.0,100.0,100.0,52.0,62.0,62.0,38.0,70.0,28.0,23.0,39.0,13.0,7.0
2026-05-30,太阳总辐射(MJ/m²),0.0,0.0,0.0,0.0,0.0,0.0,0.007,0.306,0.947,1.469,2.279,2.729,2.837,2.048,1.739,2.837,2.167,1.544,0.731,0.169,0.0,0.0,0.0,0.0
2026-05-31,气温(℃),26.6,26.6,25.4,25.1,25.0,24.8,25.0,26.0,27.8,28.9,30.3,31.1,29.0,26.6,29.9,28.9,30.1,30.9,30.0,28.6,27.9,27.2,26.9,26.7
2026-05-31,降水量(mm),0.0,0.0,0.4,0.0,0.0,0.0,0.1,0.0,0.1,0.1,0.0,0.0,1.5,5.6,0.7,1.4,1.1,0.1,0.1,0.3,0.0,0.0,0.0,0.0
2026-05-31,风速(km/h),1.8,2.2,5.2,7.2,5.7,5.9,4.2,4.9,6.8,6.6,5.9,3.6,8.4,11.6,7.5,10.2,6.9,5.9,6.9,5.9,7.6,9.2,8.5,6.8
2026-05-31,风向(°),217.0,185.0,149.0,161.0,162.0,130.0,223.0,182.0,119.0,133.0,149.0,110.0,79.0,68.0,80.0,224.0,229.0,203.0,189.0,153.0,137.0,147.0,148.0,155.0
2026-05-31,云量(%),9.0,7.0,14.0,26.0,40.0,53.0,71.0,98.0,78.0,95.0,99.0,100.0,100.0,91.0,41.0,96.0,41.0,29.0,48.0,40.0,46.0,51.0,34.0,17.0
2026-05-31,太阳总辐射(MJ/m²),0.0,0.0,0.0,0.0,0.0,0.0,0.007,0.216,0.619,1.454,1.919,2.149,1.984,1.688,2.61,2.282,1.933,1.508,0.81,0.209,0.0,0.0,0.0,0.0
2026-06-01,气温(℃),26.5,26.2,26.7,26.2,26.1,25.9,25.7,27.3,29.6,30.9,31.7,32.5,33.2,31.3,32.5,32.6,31.6,30.8,29.2,28.2,28.8,28.2,27.9,27.7
2026-06-01,降水量(mm),0.0,0.0,0.0,0.0,0.0,0.0,0.0,0.0,0.0,0.0,0.1,0.2,0.3,0.3,1.9,0.0,0.3,0.8,0.2,0.0,0.0,0.0,0.0,0.0
2026-06-01,风速(km/h),7.1,5.1,6.2,4.5,5.8,5.4,4.8,4.7,6.5,4.9,3.7,2.4,1.3,6.1,7.0,8.1,8.1,8.3,10.9,8.5,6.4,5.6,6.5,5.1
2026-06-01,风向(°),153.0,174.0,165.0,185.0,158.0,150.0,155.0,152.0,172.0,186.0,209.0,243.0,326.0,137.0,176.0,176.0,183.0,198.0,207.0,197.0,190.0,147.0,166.0,176.0
2026-06-01,云量(%),34.0,27.0,11.0,20.0,34.0,47.0,40.0,30.0,16.0,13.0,100.0,97.0,97.0,59.0,55.0,37.0,60.0,64.0,95.0,55.0,19.0,9.0,13.0,21.0
2026-06-01,太阳总辐射(MJ/m²),0.0,0.0,0.0,0.0,0.0,0.0,0.007,0.313,0.986,1.728,2.412,2.79,2.956,2.243,2.567,2.408,1.883,1.321,0.68,0.198,0.0,0.0,0.0,0.0
2026-06-02,气温(℃),27.5,27.3,27.4,27.0,26.8,26.5,26.4,27.8,29.7,31.1,32.4,33.4,33.6,34.8,33.0,32.4,31.7,31.4,30.9,29.6,28.5,28.2,27.9,27.7
2026-06-02,降水量(mm),0.0,0.0,0.0,0.0,0.0,0.0,0.0,0.0,0.1,0.0,0.0,0.0,0.3,0.0,0.0,0.5,0.3,0.3,0.1,0.0,0.0,0.0,0.0,0.0
2026-06-02,风速(km/h),5.7,6.4,5.7,6.1,4.1,4.1,3.9,2.4,4.2,6.5,6.9,7.4,6.5,3.1,3.6,8.5,10.0,6.9,11.0,10.4,7.8,9.3,7.8,7.9
2026-06-02,风向(°),189.0,191.0,224.0,210.0,214.0,193.0,164.0,171.0,227.0,228.0,245.0,257.0,268.0,294.0,53.0,132.0,174.0,195.0,195.0,189.0,161.0,165.0,158.0,163.0
2026-06-02,云量(%),15.0,2.0,15.0,47.0,23.0,14.0,13.0,11.0,11.0,20.0,91.0,41.0,40.0,98.0,60.0,59.0,48.0,49.0,45.0,56.0,51.0,85.0,91.0,83.0
2026-06-02,太阳总辐射(MJ/m²),0.0,0.0,0.0,0.0,0.0,0.0,0.007,0.317,0.958,1.739,2.3,2.776,2.927,3.146,2.351,2.495,1.886,1.102,0.778,0.23,0.0,0.0,0.0,0.0
2026-06-03,气温(℃),27.5,27.5,27.9,27.5,27.4,27.2,27.2,28.5,30.4,31.8,33.2,34.1,34.5,34.2,35.2,34.5,33.9,33.1,32.1,30.7,30.2,29.2,28.7,28.3
2026-06-03,降水量(mm),0.0,0.0,0.0,0.0,0.0,0.0,0.0,0.0,0.0,0.0,0.0,0.1,0.3,0.4,0.1,0.3,0.1,0.1,0.0,0.0,0.0,0.0,0.0,0.0
2026-06-03,风速(km/h),8.8,7.2,6.0,6.3,7.4,7.5,7.2,6.2,5.6,6.4,6.4,7.0,9.0,10.7,8.8,8.4,11.1,11.6,10.2,9.9,10.9,9.6,8.5,7.7
2026-06-03,风向(°),176.0,183.0,187.0,195.0,193.0,197.0,194.0,190.0,213.0,212.0,218.0,212.0,200.0,202.0,219.0,205.0,207.0,217.0,203.0,182.0,173.0,172.0,176.0,179.0
2026-06-03,云量(%),45.0,47.0,23.0,29.0,27.0,29.0,9.0,5.0,5.0,10.0,32.0,91.0,91.0,87.0,62.0,72.0,46.0,29.0,36.0,52.0,39.0,19.0,4.0,2.0
2026-06-03,太阳总辐射(MJ/m²),0.0,0.0,0.0,0.0,0.0,0.0,0.007,0.338,1.037,1.786,2.426,2.945,3.211,2.891,2.851,2.603,1.958,1.469,0.868,0.248,0.0,0.0,0.0,0.0
2026-06-04,气温(℃),28.1,27.9,28.2,27.6,27.2,26.8,26.7,28.3,30.4,31.8,33.0,34.4,35.5,35.7,34.2,35.0,34.9,34.7,32.3,31.0,30.8,30.0,29.4,29.0
2026-06-04,降水量(mm),0.0,0.0,0.0,0.0,0.0,0.0,0.0,0.0,0.0,0.0,0.0,0.0,0.0,0.0,0.0,0.2,0.1,0.1,0.3,0.0,0.0,0.0,0.0,0.0
2026-06-04,风速(km/h),7.7,9.2,8.2,6.1,4.2,4.0,4.3,4.2,7.3,7.4,7.9,8.2,7.7,6.4,4.2,4.3,2.0,5.0,9.8,8.6,9.9,12.1,11.3,10.5
2026-06-04,风向(°),179.0,187.0,190.0,192.0,200.0,190.0,178.0,192.0,253.0,248.0,253.0,255.0,258.0,262.0,78.0,88.0,180.0,240.0,218.0,202.0,196.0,195.0,193.0,202.0
2026-06-04,云量(%),1.0,2.0,14.0,2.0,2.0,1.0,1.0,0.0,1.0,2.0,6.0,13.0,39.0,47.0,23.0,20.0,20.0,20.0,16.0,11.0,5.0,6.0,3.0,4.0
2026-06-04,太阳总辐射(MJ/m²),0.0,0.0,0.0,0.0,0.0,0.0,0.007,0.349,1.058,1.811,2.437,2.977,3.287,3.298,2.826,2.747,2.286,1.541,0.839,0.238,0.0,0.0,0.0,0.0
2026-06-05,气温(℃),28.8,28.7,29.8,29.1,28.7,28.4,28.2,29.1,25.7,29.6,33.0,34.9,30.7,30.7,32.7,35.6,29.2,26.3,26.1,26.3,29.5,28.1,27.7,27.5
2026-06-05,降水量(mm),0.0,0.0,0.0,0.0,0.0,0.0,0.0,0.0,0.0,0.0,0.0,0.0,3.1,0.6,0.2,0.0,3.1,4.0,2.1,0.4,0.0,0.8,0.1,0.1
2026-06-05,风速(km/h),10.6,11.2,8.5,10.1,9.5,9.8,7.6,7.1,6.7,4.2,2.2,6.1,9.1,12.2,3.5,4.0,15.7,11.4,7.6,2.4,9.4,6.7,4.4,6.9
2026-06-05,风向(°),212.0,221.0,209.0,215.0,217.0,242.0,252.0,285.0,70.0,121.0,261.0,298.0,245.0,251.0,192.0,129.0,316.0,264.0,214.0,189.0,220.0,276.0,148.0,141.0
2026-06-05,云量(%),10.0,2.0,27.0,55.0,57.0,86.0,87.0,93.0,75.0,65.0,90.0,96.0,96.0,95.0,96.0,88.0,100.0,100.0,88.0,91.0,98.0,98.0,97.0,95.0
2026-06-05,太阳总辐射(MJ/m²),0.0,0.0,0.0,0.0,0.0,0.0,0.007,0.32,1.019,1.523,2.423,2.725,2.776,1.804,2.545,2.657,1.919,0.446,0.148,0.162,0.0,0.0,0.0,0.0
2026-06-06,气温(℃),27.4,27.6,26.6,26.8,26.9,26.6,26.5,28.1,32.0,33.1,31.3,31.0,26.9,29.4,30.2,31.5,27.7,27.5,27.6,27.4,26.0,26.0,25.9,25.8
2026-06-06,降水量(mm),0.0,0.0,0.2,0.0,0.0,0.0,0.0,0.0,0.0,0.0,1.2,1.0,4.8,0.4,0.1,0.7,3.7,0.7,0.1,0.2,0.3,0.7,0.1,0.0
2026-06-06,风速(km/h),8.0,9.2,8.2,10.7,6.3,4.7,6.7,2.7,12.4,13.6,10.7,14.9,4.0,2.0,6.6,7.0,7.2,5.5,1.9,0.7,5.9,5.6,5.9,6.7
2026-06-06,风向(°),146.0,160.0,154.0,202.0,211.0,178.0,144.0,110.0,188.0,214.0,239.0,255.0,219.0,135.0,107.0,162.0,266.0,283.0,253.0,166.0,92.0,117.0,117.0,149.0
2026-06-06,云量(%),95.0,98.0,93.0,84.0,99.0,71.0,49.0,65.0,66.0,95.0,88.0,97.0,98.0,100.0,100.0,100.0,100.0,100.0,100.0,100.0,100.0,100.0,98.0,100.0
2026-06-06,太阳总辐射(MJ/m²),0.0,0.0,0.0,0.0,0.0,0.0,0.007,0.32,0.9,1.483,1.328,1.984,1.062,1.994,2.556,1.832,0.551,0.252,0.313,0.126,0.0,0.0,0.0,0.0
2026-06-07,气温(℃),25.7,25.4,23.4,24.1,24.2,24.2,24.4,25.0,28.9,30.9,31.5,32.6,31.8,32.2,30.1,28.7,29.9,30.3,30.4,29.2,28.0,27.6,27.2,26.1
2026-06-07,降水量(mm),0.0,1.5,3.0,2.3,0.1,0.0,0.0,0.0,0.3,0.0,0.0,0.2,0.9,0.7,5.8,3.2,0.4,0.1,0.0,0.0,0.0,0.0,0.0,2.1
2026-06-07,风速(km/h),7.4,14.7,11.6,10.3,6.2,8.0,5.6,9.4,6.5,2.7,5.3,7.9,7.7,3.6,10.4,4.5,4.9,5.7,5.6,5.4,6.5,5.8,7.2,13.7
2026-06-07,风向(°),158.0,194.0,234.0,182.0,190.0,175.0,195.0,169.0,219.0,208.0,235.0,253.0,267.0,186.0,180.0,254.0,188.0,191.0,241.0,201.0,178.0,180.0,174.0,185.0
2026-06-07,云量(%),100.0,100.0,100.0,97.0,99.0,98.0,97.0,98.0,92.0,100.0,99.0,95.0,98.0,94.0,100.0,100.0,100.0,100.0,99.0,94.0,88.0,88.0,95.0,98.0
2026-06-07,太阳总辐射(MJ/m²),0.0,0.0,0.0,0.0,0.0,0.0,0.007,0.234,0.666,1.534,1.678,2.581,3.074,2.88,2.354,1.206,1.577,1.084,0.673,0.187,0.0,0.0,0.0,0.0
2026-06-08,气温(℃),25.9,25.7,26.9,26.7,25.7,25.4,25.4,25.9,27.4,26.9,27.2,28.2,29.6,29.4,30.0,30.5,30.4,27.2,26.4,26.0,26.9,26.6,26.5,26.5
2026-06-08,降水量(mm),0.9,2.2,1.5,0.4,1.6,0.5,0.1,0.0,0.0,3.9,1.1,0.4,0.1,0.8,2.5,0.9,0.4,3.8,1.4,0.3,2.0,2.9,2.0,0.9
2026-06-08,风速(km/h),7.6,3.3,7.3,7.3,12.5,10.3,7.6,7.3,11.4,12.2,10.0,10.0,8.8,12.6,8.6,8.4,9.9,16.7,10.2,5.6,8.8,8.4,8.8,6.7
2026-06-08,风向(°),175.0,81.0,120.0,106.0,187.0,180.0,161.0,138.0,154.0,181.0,163.0,165.0,179.0,213.0,200.0,189.0,217.0,223.0,206.0,155.0,178.0,203.0,221.0,211.0
2026-06-08,云量(%),99.0,100.0,100.0,91.0,100.0,93.0,86.0,95.0,100.0,100.0,100.0,100.0,100.0,100.0,100.0,100.0,98.0,100.0,99.0,100.0,100.0,100.0,100.0,99.0
2026-06-08,太阳总辐射(MJ/m²),0.0,0.0,0.0,0.0,0.0,0.0,0.007,0.202,0.871,0.774,0.983,1.699,1.757,1.811,0.997,2.102,1.897,1.001,0.36,0.104,0.0,0.0,0.0,0.0
2026-06-09,气温(℃),26.4,26.0,26.0,25.3,24.6,24.1,23.9,23.7,23.8,23.6,24.2,26.4,26.9,27.6,26.8,26.9,27.0,27.3,26.7,26.1,24.9,24.6,24.8,24.6
2026-06-09,降水量(mm),0.1,1.2,1.7,0.0,0.0,0.0,0.0,0.0,0.1,0.1,0.0,0.0,0.0,0.0,0.0,0.2,0.1,0.0,0.0,0.0,0.0,0.1,0.0,0.0
2026-06-09,风速(km/h),5.9,10.7,7.5,12.3,14.0,14.2,14.7,14.5,10.9,9.7,10.8,12.4,12.1,12.2,10.6,8.5,9.7,10.6,9.4,8.7,8.1,4.9,7.9,8.3
2026-06-09,风向(°),235.0,250.0,314.0,304.0,301.0,292.0,305.0,323.0,315.0,320.0,322.0,330.0,343.0,341.0,330.0,297.0,304.0,342.0,13.0,356.0,295.0,306.0,333.0,346.0
2026-06-09,云量(%),100.0,100.0,99.0,99.0,100.0,100.0,100.0,100.0,100.0,100.0,93.0,100.0,100.0,100.0,100.0,100.0,100.0,100.0,81.0,96.0,97.0,100.0,100.0,100.0
2026-06-09,太阳总辐射(MJ/m²),0.0,0.0,0.0,0.0,0.0,0.0,0.004,0.083,0.346,0.317,0.832,2.426,2.228,2.311,1.148,1.444,1.256,0.767,0.425,0.23,0.0,0.0,0.0,0.0
2026-06-10,气温(℃),24.4,24.0,24.3,23.8,23.4,23.0,23.2,23.5,24.6,25.6,27.0,28.7,29.6,28.9,28.3,28.7,28.8,28.3,27.8,26.5,26.5,25.7,25.3,25.2
2026-06-10,降水量(mm),0.0,0.0,0.0,0.0,0.0,0.0,0.0,0.0,0.0,0.0,0.0,0.0,0.0,0.0,0.0,0.0,0.0,0.0,0.0,0.0,0.0,0.0,0.0,0.0
2026-06-10,风速(km/h),6.9,7.1,10.4,7.4,8.3,7.7,6.0,6.4,7.5,7.3,6.9,6.4,6.4,6.9,7.6,7.6,7.2,6.8,5.9,4.8,8.4,8.1,7.1,7.8
2026-06-10,风向(°),340.0,350.0,343.0,342.0,346.0,359.0,333.0,331.0,349.0,11.0,23.0,32.0,36.0,30.0,356.0,348.0,354.0,360.0,11.0,11.0,43.0,62.0,60.0,52.0
2026-06-10,云量(%),100.0,64.0,77.0,98.0,100.0,100.0,100.0,100.0,99.0,99.0,100.0,100.0,100.0,100.0,100.0,99.0,100.0,100.0,98.0,92.0,100.0,99.0,98.0,100.0
2026-06-10,太阳总辐射(MJ/m²),0.0,0.0,0.0,0.0,0.0,0.0,0.004,0.104,0.533,1.397,2.297,2.711,2.84,1.598,0.839,1.775,1.624,0.936,0.587,0.184,0.0,0.0,0.0,0.0
2026-06-11,气温(℃),24.9,24.5,24.2,24.0,23.8,23.6,23.8,24.1,25.2,26.4,27.4,29.3,30.3,30.6,30.7,30.5,30.0,29.4,28.1,26.8,26.3,26.1,25.8,25.4
2026-06-11,降水量(mm),0.0,0.0,0.0,0.0,0.0,0.0,0.0,0.0,0.0,0.0,0.0,0.0,0.0,0.0,0.0,0.0,0.0,0.0,0.1,0.1,0.2,0.0,0.0,0.0
2026-06-11,风速(km/h),6.6,4.4,4.1,4.3,4.2,4.8,7.0,6.5,5.8,6.5,6.8,5.6,5.6,6.1,6.5,6.0,7.0,6.0,6.3,7.7,9.2,8.4,6.9,6.6
2026-06-11,风向(°),68.0,83.0,77.0,45.0,36.0,25.0,13.0,3.0,22.0,34.0,22.0,15.0,6.0,12.0,23.0,37.0,69.0,85.0,110.0,152.0,160.0,152.0,143.0,131.0
2026-06-11,云量(%),92.0,87.0,77.0,70.0,37.0,100.0,100.0,100.0,100.0,94.0,14.0,50.0,54.0,86.0,96.0,89.0,34.0,100.0,80.0,48.0,100.0,100.0,93.0,82.0
2026-06-11,太阳总辐射(MJ/m²),0.0,0.0,0.0,0.0,0.0,0.0,0.004,0.086,0.41,0.875,1.512,2.934,3.208,2.79,2.336,2.128,1.645,0.979,0.241,0.083,0.0,0.0,0.0,0.0
2026-06-12,气温(℃),25.2,24.9,25.1,24.7,24.6,24.3,24.3,25.3,27.7,28.6,29.5,30.6,31.4,32.2,26.9,27.8,28.9,29.1,27.1,26.3,26.2,25.9,25.9,25.8
2026-06-12,降水量(mm),0.0,0.0,0.1,3.7,1.1,0.2,0.0,0.0,0.0,0.1,0.1,0.1,0.0,0.0,0.7,0.4,0.3,0.1,1.5,0.9,0.1,0.0,0.0,0.0
2026-06-12,风速(km/h),5.2,5.8,6.2,5.2,3.7,4.5,3.5,3.2,3.8,3.2,3.1,2.9,3.3,2.7,9.2,9.8,10.6,9.9,7.1,4.8,8.4,8.8,8.3,8.7
2026-06-12,风向(°),160.0,158.0,165.0,166.0,169.0,124.0,99.0,90.0,109.0,137.0,152.0,169.0,171.0,127.0,141.0,139.0,146.0,158.0,227.0,158.0,152.0,161.0,156.0,162.0
2026-06-12,云量(%),60.0,47.0,84.0,86.0,43.0,48.0,38.0,37.0,34.0,55.0,55.0,68.0,100.0,100.0,100.0,96.0,99.0,99.0,99.0,91.0,95.0,92.0,92.0,91.0
2026-06-12,太阳总辐射(MJ/m²),0.0,0.0,0.0,0.0,0.0,0.0,0.007,0.281,1.001,1.57,1.998,2.408,2.61,3.175,2.29,1.89,2.189,1.346,0.562,0.09,0.0,0.0,0.0,0.0
2026-06-13,气温(℃),25.7,25.6,25.6,25.4,25.5,25.4,25.2,26.1,27.2,28.9,30.3,31.5,29.5,30.8,29.5,30.1,29.5,29.3,29.1,28.5,27.2,27.1,26.7,26.7
2026-06-13,降水量(mm),0.0,0.0,0.0,0.0,0.1,0.5,0.0,0.0,0.0,0.0,0.0,0.0,1.3,1.7,0.6,0.1,0.0,0.0,0.0,0.0,0.0,0.1,0.1,0.0
2026-06-13,风速(km/h),9.1,8.5,8.9,8.0,8.7,11.3,10.6,11.3,11.5,13.5,13.4,14.4,18.3,14.3,14.3,16.4,15.3,12.3,12.3,11.8,9.5,7.2,7.6,11.4
2026-06-13,风向(°),163.0,168.0,152.0,155.0,175.0,163.0,169.0,172.0,191.0,196.0,207.0,206.0,210.0,201.0,205.0,207.0,201.0,202.0,210.0,207.0,171.0,193.0,172.0,201.0
2026-06-13,云量(%),68.0,79.0,92.0,100.0,99.0,91.0,99.0,95.0,95.0,96.0,92.0,87.0,91.0,99.0,99.0,100.0,100.0,100.0,100.0,99.0,99.0,97.0,99.0,98.0
2026-06-13,太阳总辐射(MJ/m²),0.0,0.0,0.0,0.0,0.0,0.0,0.007,0.263,0.86,1.58,2.005,2.624,3.035,2.56,2.084,1.44,0.828,0.526,0.482,0.162,0.0,0.0,0.0,0.0
2026-06-14,气温(℃),26.5,26.1,24.9,24.9,25.1,24.7,24.9,25.0,24.7,27.4,29.4,27.3,26.9,27.6,27.2,27.5,27.4,26.3,26.3,26.2,27.0,26.7,26.8,26.5
2026-06-14,降水量(mm),0.1,0.0,0.0,0.1,0.0,0.1,0.5,0.8,6.8,0.1,0.1,7.2,3.2,1.9,0.5,0.8,2.2,3.0,1.9,1.5,0.3,0.2,0.4,0.4
2026-06-14,风速(km/h),13.8,14.8,13.4,13.8,9.8,11.9,12.2,13.5,13.9,12.9,18.0,16.6,16.0,12.1,15.9,10.6,12.1,12.2,6.0,3.9,9.0,4.9,8.6,14.8
2026-06-14,风向(°),204.0,201.0,194.0,193.0,187.0,218.0,189.0,199.0,205.0,222.0,226.0,239.0,234.0,227.0,214.0,206.0,221.0,237.0,224.0,164.0,170.0,208.0,196.0,204.0
2026-06-14,云量(%),100.0,98.0,98.0,96.0,100.0,100.0,99.0,99.0,98.0,98.0,100.0,100.0,100.0,100.0,100.0,100.0,100.0,100.0,100.0,98.0,98.0,98.0,100.0,100.0
2026-06-14,太阳总辐射(MJ/m²),0.0,0.0,0.0,0.0,0.0,0.0,0.004,0.169,0.418,1.058,1.883,1.915,0.486,1.141,1.663,0.904,1.08,0.695,0.061,0.05,0.0,0.0,0.0,0.0
2026-06-15,气温(℃),25.3,24.9,25.0,25.3,25.5,25.5,25.7,26.3,25.5,25.3,26.4,27.4,29.2,30.9,26.9,27.2,26.1,26.0,25.7,25.3,25.7,25.2,25.0,24.9
2026-06-15,降水量(mm),0.2,0.5,0.8,1.1,1.4,0.1,0.0,0.0,0.2,0.9,5.5,1.0,0.5,0.2,0.1,1.4,2.6,2.6,1.7,0.9,0.4,0.4,0.1,0.0
2026-06-15,风速(km/h),11.2,7.3,7.7,9.3,5.5,5.7,7.6,8.8,5.4,13.9,7.5,10.6,8.0,8.4,4.9,5.4,9.5,6.9,7.2,9.2,7.6,7.7,6.4,6.8
2026-06-15,风向(°),224.0,240.0,231.0,209.0,289.0,246.0,234.0,213.0,186.0,163.0,163.0,194.0,220.0,239.0,303.0,262.0,261.0,141.0,145.0,168.0,166.0,183.0,162.0,168.0
2026-06-15,云量(%),99.0,100.0,100.0,100.0,100.0,100.0,100.0,100.0,98.0,99.0,100.0,99.0,97.0,97.0,100.0,100.0,100.0,100.0,100.0,100.0,100.0,100.0,99.0,99.0
2026-06-15,太阳总辐射(MJ/m²),0.0,0.0,0.0,0.0,0.0,0.0,0.004,0.14,0.248,0.918,1.548,1.08,1.854,2.632,2.455,0.457,0.274,0.104,0.047,0.043,0.0,0.0,0.0,0.0
2026-06-16,气温(℃),25.0,24.9,25.7,24.9,24.9,25.0,25.2,25.4,25.4,25.7,26.2,25.9,25.6,25.0,25.8,25.4,25.4,25.3,25.2,25.0,25.6,25.4,25.3,25.2
2026-06-16,降水量(mm),0.0,0.5,1.9,2.2,0.5,0.2,0.2,0.3,0.2,3.0,3.0,4.1,6.3,25.0,23.4,4.3,4.6,6.9,1.0,0.3,0.6,0.0,0.0,0.1
2026-06-16,风速(km/h),7.3,8.7,4.3,5.6,4.0,7.5,6.1,5.8,3.5,2.8,4.7,6.6,7.5,8.2,9.0,11.4,11.1,9.7,10.0,9.5,12.7,11.5,10.3,9.8
2026-06-16,风向(°),189.0,207.0,204.0,213.0,212.0,237.0,256.0,250.0,168.0,235.0,220.0,191.0,201.0,247.0,196.0,195.0,197.0,179.0,146.0,151.0,151.0,179.0,181.0,194.0
2026-06-16,云量(%),100.0,100.0,100.0,100.0,100.0,100.0,100.0,100.0,100.0,100.0,100.0,100.0,100.0,100.0,100.0,100.0,100.0,100.0,100.0,100.0,100.0,100.0,100.0,100.0
2026-06-16,太阳总辐射(MJ/m²),0.0,0.0,0.0,0.0,0.0,0.0,0.004,0.076,0.482,0.22,0.63,0.32,0.31,0.23,0.086,0.259,0.67,0.396,0.274,0.133,0.0,0.0,0.0,0.0
2026-06-17,气温(℃),25.1,25.1,25.0,24.7,24.4,24.6,24.6,24.8,26.2,26.7,28.6,30.2,30.7,28.3,25.7,25.6,25.3,25.8,25.8,25.4,25.1,25.0,25.0,25.1
2026-06-17,降水量(mm),0.2,0.2,0.8,0.0,0.0,0.0,0.1,0.2,2.7,0.1,0.0,0.0,0.0,1.3,7.4,2.3,0.6,0.4,0.2,0.4,0.0,0.0,0.0,0.0
2026-06-17,风速(km/h),8.0,6.7,9.7,9.3,8.0,9.8,12.4,14.7,12.6,10.3,12.3,14.0,16.3,17.9,17.8,19.6,18.0,17.1,12.8,13.9,9.8,10.3,8.3,8.3
2026-06-17,风向(°),188.0,188.0,198.0,193.0,190.0,200.0,196.0,222.0,167.0,173.0,174.0,173.0,160.0,165.0,162.0,181.0,181.0,177.0,181.0,174.0,162.0,165.0,156.0,162.0
2026-06-17,云量(%),100.0,94.0,89.0,91.0,97.0,74.0,83.0,77.0,100.0,93.0,87.0,58.0,32.0,100.0,100.0,100.0,100.0,99.0,91.0,88.0,100.0,100.0,100.0,100.0
2026-06-17,太阳总辐射(MJ/m²),0.0,0.0,0.0,0.0,0.0,0.0,0.007,0.23,0.702,0.85,1.778,2.678,2.718,2.599,1.638,1.008,0.407,0.652,0.342,0.14,0.004,0.0,0.0,0.0
2026-06-18,气温(℃),25.3,25.4,24.8,24.6,24.6,25.0,24.0,24.0,24.7,24.8,24.9,25.4,25.9,26.6,26.0,25.7,26.0,25.8,25.8,26.0,25.2,24.1,24.3,24.2
2026-06-18,降水量(mm),0.0,0.0,0.0,0.2,0.2,0.1,0.7,0.7,2.0,7.7,5.0,3.2,2.5,2.1,1.6,1.8,1.1,1.0,0.4,0.0,0.0,5.6,1.6,0.0
2026-06-18,风速(km/h),8.2,8.7,14.0,12.3,9.5,9.2,17.4,17.9,18.5,11.4,10.8,8.3,4.5,7.9,7.6,10.4,9.0,12.0,11.8,12.6,13.4,10.8,13.7,12.7
2026-06-18,风向(°),158.0,150.0,168.0,185.0,158.0,163.0,169.0,183.0,188.0,193.0,201.0,180.0,180.0,169.0,179.0,165.0,151.0,156.0,154.0,149.0,118.0,127.0,123.0,135.0
2026-06-18,云量(%),100.0,96.0,96.0,90.0,81.0,84.0,95.0,96.0,100.0,100.0,100.0,100.0,100.0,100.0,100.0,100.0,100.0,100.0,100.0,99.0,100.0,100.0,98.0,100.0
2026-06-18,太阳总辐射(MJ/m²),0.0,0.0,0.0,0.0,0.0,0.0,0.007,0.198,0.504,0.18,0.173,0.284,0.306,0.378,0.338,0.166,0.371,0.248,0.18,0.072,0.0,0.0,0.0,0.0
2026-06-19,气温(℃),24.8,25.6,25.7,26.4,26.8,26.8,25.5,25.8,26.0,26.1,26.4,27.1,29.7,31.9,31.1,30.8,30.2,30.0,29.8,28.8,28.3,27.9,27.9,27.8
2026-06-19,降水量(mm),0.1,0.0,0.0,0.0,0.0,0.1,0.5,0.1,0.1,0.5,0.5,0.7,0.3,0.2,0.1,0.6,0.0,0.0,0.0,0.0,0.0,0.0,0.0,0.0
2026-06-19,风速(km/h),10.7,9.9,11.6,13.7,12.8,14.1,13.8,14.3,9.8,18.4,15.9,14.1,18.4,20.8,17.9,17.4,15.9,13.7,14.2,13.5,11.1,10.5,11.1,11.5
2026-06-19,风向(°),140.0,178.0,187.0,176.0,191.0,193.0,195.0,186.0,186.0,205.0,186.0,184.0,192.0,196.0,199.0,193.0,198.0,199.0,189.0,177.0,171.0,173.0,171.0,179.0
2026-06-19,云量(%),100.0,92.0,99.0,100.0,100.0,100.0,100.0,94.0,100.0,100.0,100.0,100.0,59.0,82.0,97.0,99.0,98.0,96.0,98.0,98.0,98.0,100.0,99.0,100.0
2026-06-19,太阳总辐射(MJ/m²),0.0,0.0,0.0,0.0,0.0,0.0,0.004,0.101,0.616,0.263,0.968,1.116,1.836,3.204,3.078,2.56,1.397,0.785,0.576,0.22,0.004,0.0,0.0,0.0
2026-06-20,气温(℃),27.8,27.8,27.1,26.9,26.4,26.5,26.6,27.9,29.6,30.9,31.9,32.7,33.1,32.6,32.7,32.7,32.7,32.0,30.8,29.4,28.5,27.8,27.6,27.4
2026-06-20,降水量(mm),0.0,0.0,0.0,0.0,0.0,0.0,0.0,0.0,0.0,0.1,0.1,0.0,0.1,0.2,0.1,0.1,0.0,0.0,0.0,0.0,0.0,0.0,0.0,0.0
2026-06-20,风速(km/h),12.1,13.4,11.2,12.3,10.0,9.9,10.8,12.8,10.3,15.4,17.0,17.6,18.5,19.1,18.1,17.2,15.4,13.9,12.4,10.2,8.5,9.1,9.7,9.9
2026-06-20,风向(°),181.0,185.0,191.0,191.0,189.0,185.0,184.0,191.0,191.0,199.0,208.0,209.0,212.0,216.0,215.0,215.0,210.0,203.0,194.0,189.0,173.0,159.0,169.0,165.0
2026-06-20,云量(%),100.0,99.0,93.0,94.0,99.0,79.0,82.0,95.0,41.0,73.0,50.0,56.0,87.0,96.0,79.0,49.0,65.0,95.0,100.0,95.0,94.0,98.0,77.0,99.0
2026-06-20,太阳总辐射(MJ/m²),0.0,0.0,0.0,0.0,0.0,0.0,0.007,0.306,0.86,1.739,2.43,2.884,3.236,3.096,3.064,2.776,2.38,1.624,0.904,0.238,0.004,0.0,0.0,0.0
2026-06-21,气温(℃),27.4,27.4,27.6,27.0,26.7,26.4,26.3,27.9,29.4,30.7,31.9,32.7,33.1,33.4,33.3,33.1,32.4,31.5,30.5,29.1,28.8,28.0,27.5,27.1
2026-06-21,降水量(mm),0.0,0.0,0.0,0.0,0.0,0.0,0.0,0.0,0.0,0.0,0.1,0.1,0.1,0.2,0.1,0.2,0.2,0.1,0.0,0.0,0.0,0.0,0.0,0.0
2026-06-21,风速(km/h),10.6,11.0,10.7,9.2,7.4,6.6,6.7,10.5,10.3,11.4,13.6,15.0,15.4,16.2,13.1,13.8,14.4,13.7,12.7,10.4,9.1,7.4,7.3,8.3
2026-06-21,风向(°),169.0,170.0,175.0,173.0,166.0,163.0,164.0,172.0,183.0,191.0,202.0,210.0,213.0,212.0,222.0,223.0,220.0,215.0,203.0,194.0,187.0,177.0,170.0,167.0
2026-06-21,云量(%),97.0,98.0,98.0,100.0,100.0,98.0,97.0,98.0,100.0,96.0,95.0,99.0,98.0,99.0,91.0,92.0,45.0,66.0,20.0,3.0,47.0,73.0,77.0,38.0
2026-06-21,太阳总辐射(MJ/m²),0.0,0.0,0.0,0.0,0.0,0.0,0.007,0.306,0.961,1.714,2.369,2.848,3.085,3.168,3.049,2.675,2.25,1.609,0.994,0.302,0.004,0.0,0.0,0.0
2026-06-22,气温(℃),27.0,27.0,27.3,27.2,26.9,26.4,26.3,27.9,29.5,30.5,31.7,32.5,33.6,34.1,34.4,34.1,33.4,32.1,30.8,29.3,29.4,28.6,28.2,27.9
2026-06-22,降水量(mm),0.0,0.0,0.0,0.0,0.0,0.0,0.0,0.0,0.0,0.0,0.0,0.0,0.0,0.0,1.3,0.7,0.7,0.0,0.0,0.0,0.0,0.0,0.0,0.0
2026-06-22,风速(km/h),9.4,9.9,7.3,7.7,7.4,7.2,6.7,9.1,9.9,10.0,12.5,13.7,12.4,12.6,10.3,11.2,12.0,14.1,12.6,12.4,10.1,9.3,9.7,9.5
2026-06-22,风向(°),172.0,182.0,205.0,201.0,184.0,177.0,172.0,189.0,209.0,213.0,217.0,226.0,221.0,221.0,239.0,244.0,230.0,220.0,205.0,193.0,181.0,165.0,165.0,179.0
2026-06-22,云量(%),27.0,19.0,95.0,100.0,25.0,24.0,13.0,5.0,6.0,17.0,26.0,34.0,19.0,45.0,31.0,35.0,9.0,11.0,3.0,3.0,2.0,0.0,0.0,1.0
2026-06-22,太阳总辐射(MJ/m²),0.0,0.0,0.0,0.0,0.0,0.0,0.007,0.338,1.04,1.724,2.34,2.74,3.125,3.168,2.956,2.844,2.16,1.696,0.929,0.299,0.004,0.0,0.0,0.0
2026-06-23,气温(℃),27.7,27.6,27.6,27.4,27.2,27.2,27.0,28.6,30.2,31.3,32.6,33.7,31.2,30.5,33.3,31.2,32.1,31.5,31.1,30.0,29.6,28.8,28.4,28.2
2026-06-23,降水量(mm),0.0,0.0,0.0,0.0,0.0,0.0,0.0,0.0,0.0,0.1,0.0,0.0,0.8,0.8,0.6,0.9,0.2,0.6,0.0,0.0,0.0,0.0,0.0,0.0
2026-06-23,风速(km/h),11.2,11.6,8.7,8.3,8.3,7.4,6.5,8.6,9.5,9.0,10.5,11.2,14.0,12.6,6.5,11.2,9.1,11.1,10.0,9.6,9.9,9.2,9.1,9.7
2026-06-23,风向(°),178.0,184.0,197.0,204.0,198.0,203.0,199.0,210.0,209.0,211.0,217.0,218.0,196.0,222.0,251.0,208.0,188.0,192.0,197.0,192.0,177.0,173.0,170.0,177.0
2026-06-23,云量(%),3.0,2.0,6.0,5.0,6.0,5.0,4.0,8.0,22.0,2.0,7.0,12.0,83.0,41.0,100.0,63.0,25.0,27.0,10.0,3.0,9.0,3.0,4.0,19.0
2026-06-23,太阳总辐射(MJ/m²),0.0,0.0,0.0,0.0,0.0,0.0,0.007,0.328,1.008,1.656,2.416,2.974,3.229,1.85,2.722,2.722,2.232,1.591,0.904,0.295,0.004,0.0,0.0,0.0
2026-06-24,气温(℃),28.0,28.0,27.9,27.5,27.2,27.0,27.1,28.7,30.3,31.8,33.1,33.9,31.3,33.4,33.7,33.7,33.7,33.4,32.5,31.1,30.0,29.4,29.0,28.6
2026-06-24,降水量(mm),0.0,0.0,0.0,0.0,0.0,0.0,0.0,0.0,0.0,0.0,0.0,0.0,1.3,0.2,1.6,0.1,0.0,0.0,0.0,0.0,0.0,0.0,0.0,0.0
2026-06-24,风速(km/h),10.9,11.1,7.8,6.7,5.2,5.6,6.4,6.9,4.3,5.6,6.1,8.3,12.4,10.4,12.2,10.9,11.1,8.9,7.1,3.8,4.0,7.4,7.8,7.9
2026-06-24,风向(°),192.0,192.0,212.0,218.0,202.0,182.0,172.0,175.0,182.0,187.0,178.0,191.0,206.0,203.0,214.0,207.0,224.0,230.0,232.0,221.0,153.0,157.0,165.0,167.0
2026-06-24,云量(%),3.0,5.0,2.0,0.0,1.0,2.0,26.0,66.0,79.0,82.0,99.0,94.0,99.0,98.0,99.0,96.0,99.0,98.0,5.0,2.0,9.0,13.0,16.0,39.0
2026-06-24,太阳总辐射(MJ/m²),0.0,0.0,0.0,0.0,0.0,0.0,0.007,0.324,1.004,1.786,2.401,2.887,3.125,3.053,2.902,2.678,2.304,1.53,0.882,0.31,0.004,0.0,0.0,0.0
2026-06-25,气温(℃),28.4,28.4,27.9,27.7,27.3,26.9,26.8,28.0,29.5,31.1,29.6,29.9,31.3,31.6,30.9,31.9,33.0,33.3,28.8,28.6,29.6,26.9,26.6,26.6
2026-06-25,降水量(mm),0.0,0.0,0.0,0.0,0.0,0.0,0.0,0.0,0.0,0.0,0.8,1.8,0.1,0.2,1.4,0.0,0.1,0.1,3.5,0.2,0.0,3.5,0.5,0.3
2026-06-25,风速(km/h),8.7,9.2,6.9,8.0,3.5,4.5,1.6,1.3,4.0,2.4,7.6,3.9,4.4,10.8,1.8,3.6,5.3,3.3,3.8,0.6,5.8,4.1,6.0,7.8
2026-06-25,风向(°),184.0,200.0,221.0,186.0,192.0,180.0,117.0,45.0,21.0,73.0,188.0,257.0,238.0,246.0,135.0,160.0,225.0,221.0,295.0,72.0,265.0,178.0,93.0,98.0
2026-06-25,云量(%),53.0,91.0,98.0,92.0,96.0,95.0,100.0,98.0,98.0,99.0,99.0,98.0,99.0,100.0,94.0,80.0,80.0,82.0,98.0,96.0,100.0,100.0,100.0,100.0
2026-06-25,太阳总辐射(MJ/m²),0.0,0.0,0.0,0.0,0.0,0.0,0.007,0.292,0.936,1.321,1.58,1.984,1.753,2.261,1.458,1.638,1.865,1.552,0.86,0.155,0.004,0.0,0.0,0.0
2026-06-26,气温(℃),26.5,26.4,27.0,26.4,26.1,26.0,26.0,26.6,29.4,29.4,28.2,27.5,29.0,30.7,28.7,29.4,29.1,28.7,28.0,27.5,28.1,27.5,27.4,27.1
2026-06-26,降水量(mm),0.0,0.0,0.0,0.0,0.0,0.0,0.0,0.0,0.1,0.1,1.4,3.2,1.3,0.6,0.3,0.7,0.4,0.6,0.4,0.4,0.0,0.0,0.0,0.0
2026-06-26,风速(km/h),4.8,5.2,4.5,2.7,3.1,1.5,4.2,2.2,5.0,9.2,7.9,5.1,8.8,7.6,7.7,10.3,8.1,5.3,4.1,2.3,2.6,4.6,5.2,4.5
2026-06-26,风向(°),155.0,192.0,227.0,203.0,246.0,249.0,5.0,42.0,30.0,97.0,180.0,197.0,223.0,207.0,196.0,223.0,238.0,246.0,221.0,212.0,115.0,116.0,121.0,164.0
2026-06-26,云量(%),100.0,100.0,100.0,98.0,90.0,66.0,100.0,84.0,94.0,95.0,98.0,99.0,100.0,99.0,99.0,100.0,100.0,100.0,100.0,100.0,100.0,100.0,100.0,100.0
2026-06-26,太阳总辐射(MJ/m²),0.0,0.0,0.0,0.0,0.0,0.0,0.004,0.212,0.724,1.21,1.058,1.426,1.94,2.599,2.65,1.616,1.073,0.853,0.245,0.144,0.0,0.0,0.0,0.0
2026-06-27,气温(℃),26.8,26.6,26.5,26.1,26.1,26.2,26.0,27.2,27.2,26.9,27.7,28.6,29.5,30.3,29.5,26.9,26.8,28.1,28.4,27.6,27.8,27.6,26.7,26.3
2026-06-27,降水量(mm),0.0,0.0,0.0,0.0,0.0,0.0,0.0,0.0,0.0,1.1,0.3,0.1,0.0,0.0,0.1,9.1,1.6,0.2,0.0,0.9,0.6,0.1,0.1,0.1
2026-06-27,风速(km/h),5.6,4.6,3.6,3.6,2.7,3.2,3.5,2.8,5.6,8.8,6.8,7.2,4.7,4.1,5.6,4.2,5.4,4.6,4.4,4.0,2.2,1.6,4.8,4.2
2026-06-27,风向(°),209.0,228.0,177.0,139.0,152.0,142.0,118.0,79.0,132.0,157.0,168.0,179.0,198.0,214.0,88.0,173.0,201.0,231.0,173.0,141.0,76.0,84.0,115.0,78.0
2026-06-27,云量(%),100.0,100.0,100.0,99.0,98.0,100.0,80.0,80.0,91.0,97.0,100.0,100.0,100.0,95.0,100.0,100.0,97.0,99.0,99.0,100.0,92.0,98.0,99.0,95.0
2026-06-27,太阳总辐射(MJ/m²),0.0,0.0,0.0,0.0,0.0,0.0,0.004,0.259,0.972,1.098,1.404,1.332,1.372,1.429,2.052,1.411,0.562,1.102,0.67,0.216,0.004,0.0,0.0,0.0
2026-06-28,气温(℃),26.0,25.6,25.1,25.1,25.0,24.8,24.7,24.9,25.6,26.2,26.9,27.0,27.7,29.2,27.7,27.2,27.4,27.8,27.9,27.5,27.0,26.7,26.6,26.5
2026-06-28,降水量(mm),0.1,0.6,0.9,1.0,14.3,6.6,2.6,3.9,1.5,2.0,0.6,2.8,0.8,0.2,2.9,5.8,1.3,0.5,0.2,0.0,0.0,0.0,0.0,0.0
2026-06-28,风速(km/h),6.1,2.3,8.0,8.5,4.4,3.9,7.8,5.5,8.4,4.9,3.8,5.1,4.7,7.8,12.9,7.3,9.9,9.7,7.9,7.2,7.2,7.3,6.6,6.7
2026-06-28,风向(°),104.0,32.0,194.0,205.0,159.0,114.0,175.0,134.0,200.0,170.0,191.0,157.0,162.0,187.0,174.0,170.0,171.0,168.0,167.0,162.0,158.0,150.0,158.0,144.0
2026-06-28,云量(%),96.0,100.0,98.0,99.0,100.0,100.0,100.0,100.0,100.0,100.0,100.0,100.0,100.0,100.0,99.0,99.0,100.0,100.0,100.0,100.0,100.0,98.0,99.0,100.0
2026-06-28,太阳总辐射(MJ/m²),0.0,0.0,0.0,0.0,0.0,0.0,0.0,0.083,0.256,0.446,0.896,0.86,1.289,1.494,1.681,1.57,0.598,0.576,0.4,0.148,0.004,0.0,0.0,0.0
2026-06-29,气温(℃),26.5,26.5,25.2,25.2,24.9,25.1,25.1,26.1,26.9,28.3,29.0,31.2,32.2,30.7,29.9,27.5,27.8,29.3,27.1,26.4,28.2,27.5,27.1,26.9
2026-06-29,降水量(mm),0.0,0.0,0.0,0.3,0.1,0.0,0.0,0.0,0.0,0.4,0.4,0.0,0.0,0.5,0.3,1.9,0.7,0.0,2.0,1.4,0.1,0.2,0.0,0.0
2026-06-29,风速(km/h),6.8,6.0,9.6,12.6,12.9,9.7,6.6,4.8,5.4,10.3,9.4,8.2,9.3,11.8,9.3,7.6,5.2,4.8,10.1,6.4,7.8,7.8,5.2,6.6
2026-06-29,风向(°),158.0,164.0,131.0,127.0,120.0,141.0,145.0,153.0,92.0,134.0,130.0,142.0,156.0,196.0,212.0,172.0,184.0,146.0,123.0,133.0,109.0,119.0,115.0,151.0
2026-06-29,云量(%),100.0,100.0,99.0,98.0,98.0,93.0,99.0,100.0,99.0,98.0,98.0,98.0,99.0,100.0,100.0,100.0,99.0,100.0,100.0,99.0,100.0,100.0,100.0,100.0
2026-06-29,太阳总辐射(MJ/m²),0.0,0.0,0.0,0.0,0.0,0.0,0.004,0.256,0.81,1.159,1.469,2.236,2.678,2.567,1.602,1.274,1.559,1.472,0.648,0.176,0.004,0.0,0.0,0.0
2026-06-30,气温(℃),26.9,26.7,27.1,26.6,26.4,26.1,25.9,27.1,28.3,28.6,29.4,31.6,31.4,28.1,31.3,31.9,31.4,30.3,29.1,28.3,28.0,27.4,27.3,27.3
2026-06-30,降水量(mm),0.0,0.0,0.0,0.0,0.0,0.0,0.0,0.0,0.0,0.0,0.0,0.0,0.1,11.0,0.1,0.0,0.0,0.0,0.0,0.0,0.0,0.0,0.0,0.0
2026-06-30,风速(km/h),6.6,5.9,5.8,5.6,5.8,5.7,4.2,5.0,6.6,6.1,4.8,6.1,9.8,7.3,12.0,14.7,15.5,13.9,12.7,9.0,8.4,4.8,7.1,6.8
2026-06-30,风向(°),147.0,137.0,146.0,149.0,158.0,152.0,137.0,105.0,119.0,146.0,155.0,152.0,140.0,150.0,163.0,158.0,144.0,139.0,133.0,127.0,110.0,117.0,131.0,125.0
2026-06-30,云量(%),98.0,95.0,99.0,95.0,98.0,98.0,100.0,97.0,100.0,100.0,59.0,100.0,98.0,94.0,75.0,63.0,67.0,91.0,90.0,93.0,98.0,96.0,96.0,97.0
2026-06-30,太阳总辐射(MJ/m²),0.0,0.0,0.0,0.0,0.0,0.0,0.004,0.256,0.857,0.688,0.616,1.962,2.858,1.645,2.124,2.423,2.153,1.512,0.648,0.252,0.004,0.0,0.0,0.0
2026-07-01,气温(℃),26.8,26.6,26.7,26.4,26.4,26.1,26.0,27.1,28.2,29.2,30.7,31.6,32.0,32.2,32.7,32.6,32.4,31.8,30.9,29.7,29.4,28.7,28.4,28.3
2026-07-01,降水量(mm),0.0,0.0,0.0,0.0,0.1,0.1,0.0,0.1,0.1,0.2,0.1,0.0,0.1,0.2,0.2,0.1,0.0,0.0,0.0,0.0,0.0,0.0,0.0,0.0
2026-07-01,风速(km/h),4.8,4.6,3.8,3.7,1.7,2.4,2.8,4.0,4.8,6.5,8.1,8.0,8.0,8.2,6.8,8.9,10.7,11.0,10.1,9.3,10.3,9.0,10.4,10.2
2026-07-01,风向(°),124.0,135.0,161.0,157.0,139.0,77.0,72.0,117.0,63.0,109.0,118.0,115.0,115.0,119.0,117.0,111.0,117.0,124.0,130.0,130.0,119.0,106.0,105.0,98.0
2026-07-01,云量(%),95.0,95.0,96.0,97.0,100.0,99.0,100.0,97.0,100.0,100.0,100.0,91.0,87.0,72.0,69.0,55.0,74.0,68.0,65.0,72.0,97.0,98.0,84.0,73.0
2026-07-01,太阳总辐射(MJ/m²),0.0,0.0,0.0,0.0,0.0,0.0,0.004,0.277,0.785,1.339,2.084,2.588,2.61,2.869,2.909,2.786,2.38,1.703,0.943,0.31,0.004,0.0,0.0,0.0
2026-07-02,气温(℃),28.0,27.7,27.6,27.4,27.3,27.2,26.2,25.6,27.7,28.6,30.4,31.8,31.8,31.4,31.5,31.5,31.2,30.7,29.7,28.9,29.0,26.7,26.2,26.7
2026-07-02,降水量(mm),0.0,0.0,0.0,0.1,0.0,0.1,0.6,0.7,0.1,0.6,0.1,0.1,0.2,0.7,0.7,0.6,0.6,0.3,0.3,0.1,0.1,0.9,0.6,0.0
2026-07-02,风速(km/h),10.1,11.4,10.0,11.9,10.4,11.9,14.5,10.3,16.4,11.4,10.5,14.7,17.9,18.3,17.0,18.3,19.0,19.7,16.5,14.1,15.1,16.9,10.8,11.3
2026-07-02,风向(°),90.0,93.0,76.0,89.0,91.0,93.0,107.0,97.0,109.0,96.0,107.0,115.0,122.0,130.0,126.0,122.0,125.0,126.0,124.0,118.0,118.0,106.0,116.0,98.0
2026-07-02,云量(%),75.0,95.0,96.0,96.0,97.0,97.0,86.0,60.0,76.0,58.0,27.0,30.0,28.0,55.0,29.0,52.0,34.0,31.0,13.0,14.0,68.0,65.0,31.0,24.0
2026-07-02,太阳总辐射(MJ/m²),0.0,0.0,0.0,0.0,0.0,0.0,0.004,0.248,0.914,1.494,2.272,2.758,3.042,3.078,2.66,2.869,2.153,1.613,0.85,0.302,0.004,0.0,0.0,0.0
2026-07-03,气温(℃),26.9,27.1,27.0,27.2,27.4,26.7,27.1,28.2,27.8,26.8,29.0,30.4,31.5,31.1,29.2,27.9,27.5,27.5,27.8,27.5,27.6,26.2,25.8,26.4
2026-07-03,降水量(mm),0.0,0.0,0.0,0.0,0.1,0.2,0.0,0.1,0.4,1.8,0.2,0.4,0.2,0.7,1.1,5.3,0.4,0.5,0.1,0.2,0.3,0.8,0.5,0.0
2026-07-03,风速(km/h),11.3,11.0,13.6,13.9,13.7,12.9,12.7,15.0,19.0,14.8,16.6,20.3,22.8,25.5,20.8,19.1,19.0,18.0,17.8,18.0,15.1,14.3,15.5,15.9
2026-07-03,风向(°),110.0,115.0,131.0,121.0,120.0,109.0,105.0,111.0,127.0,100.0,103.0,110.0,126.0,128.0,139.0,123.0,123.0,127.0,125.0,129.0,115.0,124.0,108.0,106.0
2026-07-03,云量(%),28.0,27.0,46.0,89.0,95.0,71.0,40.0,43.0,88.0,79.0,72.0,77.0,87.0,92.0,92.0,99.0,100.0,98.0,98.0,97.0,100.0,99.0,100.0,99.0
2026-07-03,太阳总辐射(MJ/m²),0.0,0.0,0.0,0.0,0.0,0.0,0.004,0.281,0.886,1.033,1.768,2.452,2.617,2.664,2.714,2.038,0.875,0.814,0.547,0.184,0.004,0.0,0.0,0.0
2026-07-04,气温(℃),25.1,25.3,25.6,25.6,25.8,25.7,25.4,25.9,26.8,26.2,26.3,26.5,27.5,26.6,28.5,27.0,28.0,27.3,26.3,26.4,26.5,26.3,25.8,26.3
2026-07-04,降水量(mm),1.0,1.9,0.4,0.7,0.1,0.1,0.4,0.2,1.2,4.8,3.7,2.1,2.1,2.6,1.4,1.8,0.1,0.6,0.5,0.1,0.8,0.4,0.0,0.0
2026-07-04,风速(km/h),18.5,18.9,13.4,11.9,11.1,8.1,9.8,13.8,15.2,12.0,15.0,14.3,17.1,17.3,14.7,16.6,17.5,18.2,13.6,12.7,9.2,12.6,12.7,12.3
2026-07-04,风向(°),130.0,131.0,147.0,138.0,149.0,152.0,131.0,145.0,145.0,133.0,160.0,146.0,152.0,161.0,162.0,167.0,165.0,173.0,156.0,147.0,145.0,156.0,150.0,157.0
2026-07-04,云量(%),100.0,100.0,100.0,98.0,100.0,85.0,84.0,98.0,89.0,100.0,100.0,100.0,100.0,100.0,99.0,100.0,100.0,100.0,100.0,100.0,100.0,99.0,98.0,99.0
2026-07-04,太阳总辐射(MJ/m²),0.0,0.0,0.0,0.0,0.0,0.0,0.004,0.256,0.68,0.922,1.202,0.839,1.544,1.494,1.372,1.48,0.979,0.839,0.155,0.097,0.004,0.0,0.0,0.0
2026-07-05,气温(℃),26.7,26.9,27.4,27.8,27.7,27.6,27.8,28.5,28.9,30.4,30.2,29.9,31.6,30.8,31.5,31.7,31.2,29.7,28.7,28.1,28.2,27.9,27.8,28.0
2026-07-05,降水量(mm),0.0,0.0,0.0,0.0,0.1,0.0,0.0,0.0,0.3,0.1,0.9,0.3,0.2,0.8,0.4,0.2,0.4,0.3,0.3,0.1,0.2,0.0,0.0,0.0
2026-07-05,风速(km/h),13.0,13.5,12.3,13.3,13.6,14.2,14.7,15.9,15.5,14.9,16.5,19.6,21.4,20.1,20.6,21.3,22.6,17.4,17.0,13.7,12.7,14.4,15.6,16.3
2026-07-05,风向(°),153.0,151.0,162.0,161.0,163.0,159.0,161.0,162.0,148.0,149.0,160.0,155.0,153.0,157.0,164.0,165.0,172.0,167.0,167.0,166.0,162.0,162.0,158.0,160.0
2026-07-05,云量(%),98.0,86.0,24.0,17.0,55.0,53.0,36.0,71.0,96.0,92.0,99.0,98.0,97.0,93.0,97.0,95.0,97.0,99.0,98.0,100.0,100.0,97.0,70.0,84.0
2026-07-05,太阳总辐射(MJ/m²),0.0,0.0,0.0,0.0,0.0,0.0,0.004,0.256,0.824,1.49,2.138,2.365,2.038,1.667,2.462,2.39,2.128,1.361,0.785,0.241,0.004,0.0,0.0,0.0
2026-07-06,气温(℃),27.6,26.8,26.4,26.6,26.7,26.6,27.0,27.1,28.0,26.2,27.2,30.5,28.4,29.6,30.1,28.5,26.1,26.8,26.5,24.8,25.4,25.5,25.6,25.8
2026-07-06,降水量(mm),0.1,0.3,0.3,0.0,0.0,0.0,0.0,0.1,0.7,1.7,1.1,0.3,1.8,0.7,0.3,0.9,4.9,0.7,0.5,1.1,0.2,0.7,0.3,0.2
2026-07-06,风速(km/h),15.4,15.9,14.4,13.3,12.1,11.8,12.4,17.7,13.7,17.0,14.6,15.9,14.8,20.6,14.9,11.1,13.1,16.0,17.7,13.5,12.8,13.3,13.0,11.7
2026-07-06,风向(°),166.0,168.0,178.0,181.0,176.0,167.0,163.0,159.0,177.0,189.0,164.0,175.0,164.0,192.0,179.0,197.0,193.0,178.0,186.0,180.0,182.0,171.0,174.0,175.0
2026-07-06,云量(%),96.0,95.0,97.0,98.0,98.0,98.0,91.0,91.0,91.0,95.0,98.0,98.0,95.0,88.0,92.0,98.0,99.0,99.0,100.0,99.0,100.0,100.0,100.0,100.0
2026-07-06,太阳总辐射(MJ/m²),0.0,0.0,0.0,0.0,0.0,0.0,0.004,0.23,0.716,1.447,1.778,2.43,2.75,2.354,2.257,2.12,1.051,0.958,0.511,0.166,0.004,0.0,0.0,0.0
2026-07-07,气温(℃),25.8,25.9,26.4,25.6,25.4,24.7,24.5,25.2,25.0,25.9,25.8,26.6,27.6,26.7,26.4,26.7,28.6,26.4,25.8,24.8,25.8,25.6,25.5,25.6
2026-07-07,降水量(mm),0.3,0.0,0.0,0.5,0.7,2.7,1.3,0.2,0.4,5.4,5.6,1.3,0.9,3.0,0.6,0.4,0.0,5.1,1.9,1.6,0.7,0.3,0.0,0.0
2026-07-07,风速(km/h),10.9,12.7,9.0,9.8,13.9,14.5,11.7,10.7,12.5,9.8,10.5,8.9,16.5,15.3,11.7,12.0,10.3,17.8,13.2,13.3,7.8,7.8,9.5,9.6
2026-07-07,风向(°),167.0,173.0,174.0,156.0,155.0,188.0,175.0,168.0,139.0,149.0,167.0,132.0,150.0,155.0,111.0,127.0,145.0,160.0,175.0,188.0,158.0,143.0,136.0,143.0
2026-07-07,云量(%),100.0,92.0,95.0,95.0,84.0,91.0,100.0,100.0,100.0,100.0,100.0,100.0,98.0,99.0,100.0,98.0,99.0,100.0,100.0,98.0,100.0,99.0,99.0,100.0
2026-07-07,太阳总辐射(MJ/m²),0.0,0.0,0.0,0.0,0.0,0.0,0.0,0.065,0.137,0.536,0.5,0.756,2.02,1.411,1.39,0.702,1.145,1.037,0.31,0.086,0.004,0.0,0.0,0.0
2026-07-08,气温(℃),25.5,25.4,26.1,25.9,25.5,25.4,25.5,26.0,27.4,28.4,28.4,28.3,30.2,29.8,30.4,31.0,31.0,30.0,29.3,28.4,27.9,27.2,27.1,27.0
2026-07-08,降水量(mm),0.0,0.2,0.1,0.0,0.0,0.0,0.1,0.0,0.0,0.2,0.3,0.2,0.1,0.1,0.0,0.1,0.1,0.0,0.0,0.0,0.0,0.1,0.0,0.0
2026-07-08,风速(km/h),7.7,6.8,9.0,9.9,10.3,7.6,6.8,8.0,9.0,10.3,13.2,15.9,16.0,17.4,16.5,18.3,16.7,12.1,12.7,11.0,11.5,8.9,8.6,7.4
2026-07-08,风向(°),155.0,153.0,167.0,177.0,176.0,161.0,140.0,136.0,160.0,153.0,158.0,155.0,171.0,164.0,173.0,165.0,166.0,155.0,145.0,142.0,136.0,140.0,144.0,146.0
2026-07-08,云量(%),100.0,100.0,100.0,100.0,100.0,100.0,100.0,78.0,85.0,100.0,100.0,100.0,99.0,100.0,92.0,53.0,100.0,98.0,91.0,69.0,73.0,46.0,45.0,23.0
2026-07-08,太阳总辐射(MJ/m²),0.0,0.0,0.0,0.0,0.0,0.0,0.0,0.094,0.468,0.94,1.015,0.954,2.153,1.656,2.002,2.61,1.919,0.515,0.475,0.216,0.004,0.0,0.0,0.0
2026-07-09,气温(℃),26.9,26.8,26.5,26.2,25.9,25.4,25.1,26.3,28.6,30.2,31.2,31.9,28.5,31.7,31.7,30.7,30.7,30.0,29.1,28.3,28.5,27.5,27.1,27.0
2026-07-09,降水量(mm),0.0,0.0,0.0,0.0,0.1,0.3,0.0,0.0,0.0,0.1,0.1,0.1,2.4,0.2,0.1,0.6,0.1,0.0,0.0,0.0,0.0,0.0,0.0,0.0
2026-07-09,风速(km/h),7.1,7.1,5.2,5.1,7.3,7.8,7.5,6.5,5.6,9.0,10.6,9.9,10.3,7.2,9.5,8.1,9.8,6.1,5.7,1.9,4.3,5.7,7.2,6.6
2026-07-09,风向(°),161.0,165.0,160.0,172.0,160.0,148.0,156.0,134.0,121.0,165.0,165.0,168.0,196.0,174.0,165.0,174.0,216.0,251.0,288.0,319.0,197.0,139.0,141.0,137.0
2026-07-09,云量(%),6.0,7.0,27.0,15.0,73.0,2.0,6.0,13.0,16.0,28.0,100.0,100.0,77.0,95.0,99.0,98.0,98.0,98.0,98.0,99.0,94.0,96.0,98.0,97.0
2026-07-09,太阳总辐射(MJ/m²),0.0,0.0,0.0,0.0,0.0,0.0,0.004,0.281,0.922,1.67,2.322,2.322,1.292,2.47,2.25,1.663,1.109,0.619,0.382,0.14,0.004,0.0,0.0,0.0
2026-07-10,气温(℃),26.9,26.7,27.1,26.6,26.1,25.9,26.0,26.7,28.4,29.3,30.5,31.7,32.0,32.7,32.8,30.7,30.8,30.4,29.8,29.0,28.5,27.8,27.4,27.0
2026-07-10,降水量(mm),0.0,0.0,0.0,0.0,0.0,0.0,0.0,0.1,0.4,0.5,0.1,0.1,0.5,0.2,0.1,1.1,0.1,0.0,0.0,0.0,0.0,0.0,0.0,0.0
2026-07-10,风速(km/h),6.0,5.0,3.8,2.9,3.1,3.6,2.9,8.5,6.2,5.7,5.0,5.6,5.8,3.8,4.7,9.5,8.9,6.1,4.0,5.8,9.1,8.8,8.0,6.7
2026-07-10,风向(°),147.0,154.0,149.0,184.0,187.0,127.0,86.0,91.0,107.0,152.0,165.0,182.0,175.0,161.0,86.0,92.0,124.0,140.0,141.0,146.0,153.0,169.0,175.0,175.0
2026-07-10,云量(%),94.0,99.0,100.0,98.0,98.0,82.0,100.0,100.0,99.0,95.0,96.0,89.0,95.0,100.0,100.0,100.0,100.0,100.0,100.0,93.0,62.0,10.0,1.0,0.0
2026-07-10,太阳总辐射(MJ/m²),0.0,0.0,0.0,0.0,0.0,0.0,0.0,0.227,0.529,1.267,1.573,2.326,2.736,2.466,2.142,1.246,1.296,0.558,0.241,0.187,0.004,0.0,0.0,0.0
2026-07-11,气温(℃),26.7,26.5,26.5,26.0,26.0,25.7,25.2,26.7,28.8,30.3,31.5,32.3,33.1,33.7,34.5,34.7,34.8,34.5,33.9,31.7,29.7,28.8,28.4,28.1
2026-07-11,降水量(mm),0.0,0.0,0.0,0.0,0.0,0.0,0.0,0.0,0.0,0.0,0.0,0.1,0.1,0.1,0.0,0.0,0.0,0.0,0.0,0.0,0.0,0.0,0.0,0.0
2026-07-11,风速(km/h),6.6,6.0,4.8,4.9,4.4,1.4,1.2,0.6,3.8,5.2,5.5,5.9,6.2,6.6,7.9,5.4,4.0,3.5,1.6,6.8,13.4,11.3,12.0,13.2
2026-07-11,风向(°),189.0,201.0,200.0,208.0,235.0,270.0,51.0,146.0,267.0,272.0,297.0,317.0,324.0,338.0,12.0,356.0,324.0,325.0,333.0,205.0,191.0,198.0,204.0,211.0
2026-07-11,云量(%),0.0,2.0,4.0,2.0,2.0,21.0,71.0,1.0,0.0,2.0,11.0,23.0,24.0,26.0,22.0,14.0,5.0,41.0,2.0,4.0,1.0,0.0,0.0,0.0
2026-07-11,太阳总辐射(MJ/m²),0.0,0.0,0.0,0.0,0.0,0.0,0.0,0.245,0.979,1.753,2.452,3.013,3.24,3.366,3.283,2.945,2.347,1.768,1.008,0.328,0.004,0.0,0.0,0.0
2026-07-12,气温(℃),27.9,27.6,27.9,27.5,27.5,27.3,27.2,28.6,30.7,32.2,33.6,34.5,35.3,35.8,36.1,35.9,33.5,33.6,33.3,31.6,30.9,29.8,29.2,28.7
2026-07-12,降水量(mm),0.0,0.0,0.0,0.0,0.0,0.0,0.0,0.0,0.0,0.0,0.0,0.1,0.1,0.1,0.0,0.1,1.6,0.4,0.0,0.0,0.0,0.0,0.0,0.0
2026-07-12,风速(km/h),11.5,10.3,9.2,8.8,8.6,7.5,7.7,8.2,6.4,6.4,5.6,4.2,4.5,5.2,2.8,3.8,8.2,9.4,7.6,7.7,9.0,8.8,9.2,9.4
2026-07-12,风向(°),222.0,232.0,237.0,235.0,234.0,237.0,234.0,230.0,230.0,223.0,245.0,282.0,304.0,304.0,342.0,79.0,123.0,160.0,165.0,162.0,180.0,176.0,180.0,184.0
2026-07-12,云量(%),0.0,27.0,17.0,38.0,64.0,38.0,33.0,21.0,38.0,15.0,42.0,87.0,62.0,65.0,61.0,63.0,98.0,73.0,44.0,52.0,37.0,54.0,58.0,70.0
2026-07-12,太阳总辐射(MJ/m²),0.0,0.0,0.0,0.0,0.0,0.0,0.0,0.288,0.983,1.703,2.426,2.959,3.157,3.384,3.305,2.902,2.264,1.526,0.983,0.31,0.004,0.0,0.0,0.0
2026-07-13,气温(℃),28.4,28.3,28.5,28.0,27.4,27.0,26.7,28.0,30.5,31.7,32.6,33.2,33.7,34.3,33.3,34.0,33.7,32.6,30.8,29.6,29.9,26.6,26.7,26.7
2026-07-13,降水量(mm),0.0,0.0,0.0,0.0,0.0,0.0,0.0,0.0,0.0,0.0,0.0,0.0,0.0,0.0,0.1,0.0,0.0,0.0,0.0,0.0,0.0,3.6,0.5,0.1
2026-07-13,风速(km/h),10.2,9.7,6.3,4.9,3.8,4.3,3.1,4.3,2.6,1.0,1.7,3.5,5.6,7.2,8.4,8.3,9.8,10.3,11.2,8.6,8.1,12.6,7.9,6.9
2026-07-13,风向(°),190.0,196.0,195.0,180.0,169.0,156.0,140.0,112.0,205.0,292.0,32.0,69.0,75.0,71.0,80.0,108.0,121.0,126.0,139.0,139.0,156.0,137.0,163.0,143.0
2026-07-13,云量(%),77.0,94.0,100.0,99.0,99.0,99.0,100.0,100.0,98.0,100.0,100.0,98.0,76.0,91.0,91.0,100.0,98.0,99.0,90.0,99.0,98.0,100.0,94.0,98.0
2026-07-13,太阳总辐射(MJ/m²),0.0,0.0,0.0,0.0,0.0,0.0,0.0,0.259,0.767,1.418,2.038,2.444,2.808,3.287,3.038,2.272,2.142,1.566,0.763,0.22,0.004,0.0,0.0,0.0
2026-07-14,气温(℃),26.7,26.7,27.1,26.7,26.1,25.9,25.9,26.3,27.2,26.9,26.2,26.6,28.1,29.3,26.9,28.5,28.6,26.9,26.4,25.9,26.0,25.9,25.9,25.9
2026-07-14,降水量(mm),0.0,0.2,0.0,0.3,0.5,2.2,0.2,0.3,0.6,4.2,5.4,1.4,0.5,0.5,1.6,0.6,0.4,0.8,0.9,0.3,0.1,0.0,0.1,0.0
2026-07-14,风速(km/h),6.7,0.7,5.2,8.2,7.7,1.0,1.7,2.8,5.6,7.8,8.7,8.2,8.4,10.3,5.9,10.9,6.4,13.3,13.0,12.1,12.8,12.7,11.8,10.7
2026-07-14,风向(°),126.0,256.0,90.0,113.0,164.0,121.0,302.0,320.0,25.0,40.0,56.0,26.0,47.0,94.0,360.0,119.0,172.0,208.0,204.0,205.0,184.0,169.0,164.0,164.0
2026-07-14,云量(%),100.0,98.0,100.0,97.0,98.0,100.0,99.0,100.0,100.0,100.0,100.0,98.0,95.0,100.0,99.0,99.0,99.0,100.0,100.0,100.0,100.0,98.0,80.0,96.0
2026-07-14,太阳总辐射(MJ/m²),0.0,0.0,0.0,0.0,0.0,0.0,0.0,0.155,0.378,0.706,0.439,0.277,1.217,2.29,1.454,1.663,1.253,0.763,0.436,0.14,0.004,0.0,0.0,0.0
2026-07-15,气温(℃),25.9,26.1,26.7,25.9,25.0,24.7,25.0,25.6,25.7,25.8,26.6,26.2,26.8,28.4,28.1,27.2,26.2,26.1,26.2,25.9,26.3,26.1,25.9,25.9
2026-07-15,降水量(mm),0.0,0.0,0.5,0.5,0.6,0.1,0.1,0.2,0.2,1.6,1.5,1.6,1.9,0.7,0.1,1.9,2.7,1.9,0.2,0.0,0.0,0.5,0.1,0.0
2026-07-15,风速(km/h),9.6,9.4,11.3,13.4,14.8,13.3,10.1,10.5,6.9,12.7,15.6,18.8,15.7,15.1,6.5,12.4,11.5,11.0,9.9,10.1,10.0,13.1,11.5,10.5
2026-07-15,风向(°),159.0,163.0,162.0,160.0,181.0,167.0,153.0,173.0,150.0,193.0,197.0,193.0,185.0,192.0,212.0,189.0,184.0,195.0,192.0,170.0,165.0,164.0,157.0,172.0
2026-07-15,云量(%),98.0,77.0,100.0,100.0,100.0,100.0,100.0,100.0,100.0,100.0,98.0,100.0,80.0,70.0,100.0,100.0,100.0,98.0,100.0,100.0,100.0,99.0,92.0,59.0
2026-07-15,太阳总辐射(MJ/m²),0.0,0.0,0.0,0.0,0.0,0.0,0.0,0.047,0.313,0.464,0.731,1.033,1.116,1.688,2.113,1.886,0.652,0.346,0.324,0.126,0.004,0.0,0.0,0.0
2026-07-16,气温(℃),25.8,25.9,25.3,25.3,25.1,25.0,24.9,25.1,26.1,26.1,26.6,26.3,26.0,26.6,26.9,27.0,27.9,28.2,28.0,27.4,27.4,26.1,25.8,26.2
2026-07-16,降水量(mm),0.1,0.0,0.3,0.4,1.3,1.5,0.7,1.7,3.4,0.7,0.9,2.0,4.1,1.4,0.8,0.8,0.2,0.0,0.0,0.0,0.0,0.0,0.0,0.0
2026-07-16,风速(km/h),11.9,11.7,9.1,7.4,9.3,10.8,9.0,13.5,9.1,8.7,5.2,9.0,9.3,9.3,5.6,5.3,4.7,7.3,8.0,9.4,12.5,8.9,8.2,8.7
2026-07-16,风向(°),178.0,179.0,188.0,176.0,136.0,169.0,167.0,176.0,170.0,159.0,182.0,196.0,193.0,189.0,202.0,170.0,140.0,155.0,146.0,142.0,157.0,161.0,116.0,142.0
2026-07-16,云量(%),100.0,100.0,100.0,98.0,100.0,100.0,70.0,99.0,100.0,100.0,100.0,100.0,100.0,100.0,100.0,100.0,100.0,100.0,99.0,97.0,58.0,95.0,95.0,98.0
2026-07-16,太阳总辐射(MJ/m²),0.0,0.0,0.0,0.0,0.0,0.0,0.0,0.209,0.158,0.432,0.745,0.338,0.302,0.637,1.472,0.76,1.123,0.792,0.396,0.209,0.004,0.0,0.0,0.0
2026-07-17,气温(℃),26.5,26.6,26.5,25.9,25.5,25.4,25.1,25.6,28.4,29.1,29.8,31.2,30.2,29.7,28.1,27.8,27.5,27.9,27.4,26.4,27.7,27.4,27.2,27.1
2026-07-17,降水量(mm),0.0,0.0,0.1,0.9,0.6,0.1,0.1,0.1,0.2,0.2,0.0,0.0,0.7,4.0,1.0,0.9,2.1,0.4,0.2,0.8,0.3,0.0,0.0,0.0
2026-07-17,风速(km/h),9.0,8.4,7.6,9.9,8.5,8.1,9.0,10.0,6.6,11.0,10.1,11.2,15.3,10.5,5.6,9.5,7.6,7.0,9.1,11.4,7.5,7.8,8.4,7.8
2026-07-17,风向(°),147.0,152.0,161.0,192.0,179.0,159.0,151.0,193.0,225.0,212.0,205.0,212.0,218.0,218.0,207.0,213.0,192.0,170.0,155.0,168.0,150.0,151.0,152.0,158.0
2026-07-17,云量(%),98.0,92.0,95.0,97.0,98.0,100.0,98.0,100.0,97.0,99.0,98.0,98.0,97.0,100.0,100.0,100.0,100.0,98.0,100.0,98.0,89.0,61.0,79.0,99.0
2026-07-17,太阳总辐射(MJ/m²),0.0,0.0,0.0,0.0,0.0,0.0,0.0,0.144,0.616,1.224,1.433,2.048,2.502,2.351,1.087,0.936,0.9,0.666,0.576,0.151,0.004,0.0,0.0,0.0
2026-07-18,气温(℃),27.0,27.0,27.4,26.9,26.6,26.3,26.0,26.8,26.3,27.9,29.4,30.9,32.2,31.6,32.3,28.2,28.7,29.7,27.5,27.2,27.9,27.6,27.4,27.2
2026-07-18,降水量(mm),0.0,0.0,0.0,0.0,0.0,0.0,0.2,0.2,0.1,0.2,0.2,0.1,0.1,0.4,0.2,4.4,0.7,0.3,2.0,0.4,0.0,0.0,0.0,0.0
2026-07-18,风速(km/h),8.0,9.8,11.3,8.3,7.0,6.5,6.6,6.1,7.0,6.0,8.4,8.9,8.9,9.2,8.5,5.5,7.0,7.3,10.7,5.4,6.9,6.2,6.2,8.0
2026-07-18,风向(°),166.0,174.0,170.0,176.0,176.0,166.0,131.0,124.0,87.0,134.0,165.0,171.0,186.0,215.0,187.0,226.0,179.0,196.0,196.0,150.0,152.0,159.0,150.0,155.0
2026-07-18,云量(%),84.0,70.0,32.0,33.0,52.0,70.0,95.0,94.0,98.0,95.0,84.0,99.0,100.0,100.0,100.0,99.0,98.0,91.0,98.0,91.0,93.0,99.0,98.0,99.0
2026-07-18,太阳总辐射(MJ/m²),0.0,0.0,0.0,0.0,0.0,0.0,0.0,0.162,0.76,1.015,1.112,2.196,2.966,2.657,2.214,1.854,0.976,1.35,0.767,0.162,0.004,0.0,0.0,0.0
2026-07-19,气温(℃),27.2,26.9,27.1,26.9,27.0,27.0,26.9,27.5,29.1,30.4,30.8,31.4,32.5,32.9,32.1,29.2,27.6,27.8,28.4,28.0,27.1,27.3,27.4,27.1
2026-07-19,降水量(mm),0.0,0.0,0.0,0.0,0.0,0.0,0.0,0.0,0.0,0.0,0.1,0.1,0.0,0.2,0.3,2.1,3.9,1.6,0.2,0.2,0.0,0.0,0.0,0.0
2026-07-19,风速(km/h),9.8,8.7,7.2,7.2,7.5,7.2,7.1,8.6,7.0,9.0,10.9,9.1,7.5,8.2,9.5,5.4,6.9,3.4,3.0,6.5,10.1,8.7,10.0,7.9
2026-07-19,风向(°),175.0,167.0,179.0,176.0,163.0,166.0,170.0,165.0,183.0,178.0,197.0,195.0,217.0,230.0,243.0,176.0,175.0,212.0,115.0,152.0,170.0,175.0,174.0,150.0
2026-07-19,云量(%),98.0,92.0,99.0,100.0,100.0,98.0,93.0,98.0,99.0,100.0,100.0,95.0,95.0,100.0,99.0,100.0,98.0,100.0,98.0,99.0,98.0,100.0,100.0,99.0
2026-07-19,太阳总辐射(MJ/m²),0.0,0.0,0.0,0.0,0.0,0.0,0.0,0.18,0.886,1.465,1.577,1.897,2.459,3.042,2.956,2.336,1.296,0.893,0.601,0.227,0.004,0.0,0.0,0.0
2026-07-20,气温(℃),27.0,26.9,27.5,27.1,26.8,26.6,26.7,27.4,27.4,28.4,28.8,29.9,31.1,31.3,29.7,29.0,29.6,30.0,29.8,28.8,28.2,27.8,27.5,27.4
2026-07-20,降水量(mm),0.0,0.0,0.0,0.0,0.0,0.0,0.0,0.0,0.0,0.0,0.0,0.0,0.0,0.2,0.8,0.3,0.2,0.1,0.0,0.0,0.0,0.0,0.0,0.0
2026-07-20,风速(km/h),8.3,7.2,8.7,7.8,6.8,7.3,7.1,8.0,8.8,10.2,9.2,9.9,12.0,16.3,7.1,7.4,7.2,7.3,8.6,5.2,8.1,7.3,7.9,8.8
2026-07-20,风向(°),158.0,179.0,167.0,173.0,153.0,163.0,173.0,174.0,180.0,170.0,179.0,168.0,189.0,213.0,186.0,166.0,194.0,205.0,206.0,176.0,168.0,160.0,147.0,161.0
2026-07-20,云量(%),99.0,100.0,99.0,100.0,100.0,100.0,99.0,100.0,100.0,100.0,100.0,100.0,100.0,99.0,100.0,100.0,100.0,100.0,100.0,100.0,100.0,100.0,94.0,19.0
2026-07-20,太阳总辐射(MJ/m²),0.0,0.0,0.0,0.0,0.0,0.0,0.0,0.18,0.576,0.724,0.857,1.26,1.591,2.383,1.832,0.864,0.868,0.806,0.619,0.169,0.004,0.0,0.0,0.0
2026-07-21,气温(℃),27.2,27.2,27.7,27.4,26.9,25.6,25.8,26.2,28.4,29.8,29.9,28.9,29.7,29.1,27.5,28.6,27.8,28.5,28.2,26.7,26.7,26.3,26.5,26.6
2026-07-21,降水量(mm),0.0,0.0,0.0,0.0,0.0,0.5,0.0,0.6,2.5,0.0,0.3,4.9,0.3,1.1,2.7,0.3,1.8,0.6,0.5,0.5,0.0,0.0,0.0,0.0
2026-07-21,风速(km/h),9.5,9.7,7.7,11.3,10.5,8.1,6.7,8.6,11.9,12.8,12.9,10.9,10.2,15.8,6.8,8.9,9.2,5.7,5.4,6.9,6.1,6.1,7.4,7.7
2026-07-21,风向(°),165.0,162.0,149.0,163.0,160.0,163.0,177.0,206.0,166.0,181.0,192.0,187.0,198.0,201.0,140.0,208.0,231.0,212.0,200.0,135.0,135.0,122.0,137.0,147.0
2026-07-21,云量(%),34.0,17.0,98.0,47.0,45.0,54.0,44.0,57.0,52.0,95.0,100.0,92.0,97.0,91.0,98.0,100.0,99.0,99.0,100.0,69.0,45.0,5.0,8.0,8.0
2026-07-21,太阳总辐射(MJ/m²),0.0,0.0,0.0,0.0,0.0,0.0,0.0,0.22,0.648,1.332,1.357,1.199,1.53,1.703,2.12,1.361,1.134,0.94,0.598,0.202,0.004,0.0,0.0,0.0
2026-07-22,气温(℃),26.6,26.5,26.5,26.1,26.0,25.9,25.8,27.1,29.0,30.2,30.6,31.8,32.7,33.0,32.7,32.6,32.3,31.3,30.4,29.0,28.3,27.4,27.1,26.9
2026-07-22,降水量(mm),0.0,0.0,0.0,0.0,0.0,0.0,0.0,0.0,0.0,0.0,0.5,0.1,0.0,0.0,0.0,0.0,0.0,0.0,0.0,0.0,0.0,0.0,0.0,0.0
2026-07-22,风速(km/h),7.6,7.3,7.3,7.3,8.6,9.0,9.1,10.5,9.4,11.5,13.9,13.7,15.6,15.7,15.3,13.9,13.0,10.7,8.6,6.5,5.5,8.1,8.1,6.9
2026-07-22,风向(°),144.0,144.0,134.0,142.0,154.0,149.0,146.0,156.0,163.0,172.0,169.0,175.0,166.0,165.0,163.0,176.0,194.0,189.0,180.0,166.0,163.0,152.0,159.0,163.0
2026-07-22,云量(%),10.0,20.0,7.0,4.0,5.0,9.0,10.0,9.0,13.0,15.0,35.0,12.0,8.0,5.0,27.0,5.0,51.0,20.0,16.0,9.0,28.0,14.0,16.0,25.0
2026-07-22,太阳总辐射(MJ/m²),0.0,0.0,0.0,0.0,0.0,0.0,0.0,0.238,0.907,1.66,2.311,2.513,3.19,3.316,3.262,2.354,2.171,1.555,0.925,0.284,0.004,0.0,0.0,0.0
2026-07-23,气温(℃),26.7,26.5,26.4,26.3,26.0,25.7,25.4,26.6,29.4,30.3,30.3,31.2,32.1,32.3,32.8,32.9,32.5,31.7,30.8,29.2,28.7,27.8,27.2,26.9
2026-07-23,降水量(mm),0.0,0.0,0.0,0.0,0.0,0.0,0.0,0.0,0.0,0.3,0.8,0.3,0.4,0.3,0.4,0.2,0.2,0.1,0.1,0.0,0.0,0.0,0.0,0.0
2026-07-23,风速(km/h),6.5,7.0,7.2,7.4,6.1,4.7,5.0,4.6,2.8,4.4,9.1,7.6,7.9,7.6,6.2,6.1,7.5,8.8,8.8,8.9,8.1,7.3,7.6,7.5
2026-07-23,风向(°),174.0,183.0,180.0,166.0,182.0,162.0,154.0,135.0,108.0,125.0,124.0,142.0,150.0,158.0,123.0,130.0,134.0,139.0,147.0,148.0,168.0,164.0,165.0,165.0
2026-07-23,云量(%),18.0,19.0,26.0,27.0,49.0,71.0,61.0,5.0,12.0,27.0,42.0,45.0,44.0,45.0,19.0,27.0,19.0,29.0,13.0,10.0,1.0,5.0,12.0,11.0
2026-07-23,太阳总辐射(MJ/m²),0.0,0.0,0.0,0.0,0.0,0.0,0.0,0.238,0.922,1.685,2.221,2.754,3.053,3.146,3.092,2.808,2.246,1.634,0.947,0.281,0.004,0.0,0.0,0.0
2026-07-24,气温(℃),26.6,26.4,26.3,25.8,25.5,25.2,24.8,26.3,29.0,30.1,31.2,32.3,32.9,33.5,33.9,33.8,33.6,33.2,32.4,30.2,29.6,28.4,27.9,27.6
2026-07-24,降水量(mm),0.0,0.0,0.0,0.0,0.0,0.0,0.0,0.0,0.0,0.0,0.0,0.0,0.0,0.0,0.1,0.0,0.0,0.0,0.0,0.0,0.0,0.0,0.0,0.0
2026-07-24,风速(km/h),6.3,5.8,3.6,3.6,3.5,3.2,2.7,1.7,2.0,1.9,1.7,1.9,2.3,2.7,6.1,6.4,5.4,4.0,2.4,1.5,8.4,9.7,7.7,7.3
2026-07-24,风向(°),175.0,180.0,207.0,198.0,201.0,177.0,172.0,122.0,225.0,253.0,288.0,319.0,360.0,32.0,30.0,29.0,21.0,8.0,9.0,111.0,155.0,181.0,196.0,211.0
2026-07-24,云量(%),10.0,9.0,6.0,9.0,45.0,17.0,23.0,17.0,11.0,2.0,5.0,29.0,24.0,28.0,17.0,5.0,9.0,2.0,1.0,0.0,2.0,3.0,46.0,99.0
2026-07-24,太阳总辐射(MJ/m²),0.0,0.0,0.0,0.0,0.0,0.0,0.0,0.241,0.918,1.649,2.405,2.93,3.107,3.301,3.179,2.826,2.38,1.721,0.986,0.31,0.004,0.0,0.0,0.0
2026-07-25,气温(℃),27.3,27.0,27.3,27.2,27.1,27.0,26.5,27.3,29.6,31.2,32.5,33.4,33.8,33.9,33.0,29.6,27.6,26.6,27.1,26.5,26.6,26.7,25.6,26.1
2026-07-25,降水量(mm),0.0,0.0,0.0,0.0,0.0,0.0,0.0,0.0,0.0,0.0,0.0,0.0,0.2,0.0,0.0,3.3,5.5,3.0,0.0,0.0,0.0,0.0,1.7,0.4
2026-07-25,风速(km/h),7.9,8.8,8.3,9.7,9.9,8.5,6.7,7.0,6.7,7.8,8.8,9.0,8.7,11.1,11.9,8.2,8.5,6.0,9.9,15.2,10.4,10.2,10.0,15.7
2026-07-25,风向(°),231.0,235.0,236.0,251.0,258.0,268.0,273.0,266.0,289.0,312.0,329.0,344.0,333.0,302.0,300.0,82.0,62.0,5.0,333.0,311.0,330.0,306.0,308.0,328.0
2026-07-25,云量(%),100.0,99.0,100.0,71.0,77.0,63.0,98.0,91.0,96.0,99.0,95.0,95.0,100.0,100.0,95.0,100.0,100.0,100.0,100.0,100.0,100.0,100.0,100.0,84.0
2026-07-25,太阳总辐射(MJ/m²),0.0,0.0,0.0,0.0,0.0,0.0,0.0,0.227,0.886,1.606,2.246,2.797,3.096,2.671,2.07,2.365,1.598,0.792,0.421,0.148,0.0,0.0,0.0,0.0
2026-07-26,气温(℃),26.1,26.2,26.4,25.5,24.9,25.0,25.1,25.0,25.4,25.0,25.2,26.7,26.1,26.8,26.1,26.2,27.7,27.9,27.6,26.8,25.3,25.4,25.3,25.3
2026-07-26,降水量(mm),0.0,0.7,1.9,3.3,1.9,3.8,6.8,3.1,0.9,6.1,5.3,0.8,3.1,1.5,2.7,0.8,0.0,0.0,0.0,0.0,0.0,0.1,0.0,0.0
2026-07-26,风速(km/h),18.7,21.4,23.5,26.5,28.9,30.7,31.1,33.3,29.9,24.2,22.0,24.1,18.0,19.5,16.8,11.8,10.3,7.0,8.2,11.6,6.5,5.1,5.4,7.0
2026-07-26,风向(°),318.0,321.0,314.0,313.0,305.0,296.0,291.0,287.0,279.0,275.0,273.0,258.0,258.0,256.0,276.0,253.0,227.0,203.0,189.0,174.0,182.0,126.0,150.0,134.0
2026-07-26,云量(%),97.0,100.0,100.0,100.0,100.0,100.0,100.0,100.0,100.0,100.0,100.0,100.0,100.0,100.0,100.0,100.0,100.0,100.0,100.0,99.0,100.0,100.0,100.0,100.0
2026-07-26,太阳总辐射(MJ/m²),0.0,0.0,0.0,0.0,0.0,0.0,0.0,0.022,0.191,0.083,0.241,0.655,0.734,0.594,0.781,0.918,1.271,0.972,0.457,0.184,0.0,0.0,0.0,0.0
2026-07-27,气温(℃),25.5,25.5,26.2,24.2,23.9,24.1,24.0,25.1,25.2,25.8,28.0,29.8,29.0,29.0,30.8,27.0,27.1,27.8,27.7,27.2,26.6,26.3,26.4,26.6
2026-07-27,降水量(mm),0.0,0.0,0.6,1.0,0.9,1.0,2.1,0.7,0.6,1.3,0.0,0.0,0.5,0.8,0.0,2.8,1.3,0.4,0.1,0.0,0.0,0.0,0.0,0.0
2026-07-27,风速(km/h),10.0,13.9,10.5,20.8,18.8,14.1,11.5,14.5,14.4,10.7,7.3,9.7,10.5,6.4,7.4,11.6,3.6,7.4,10.1,9.8,13.0,12.9,12.4,11.7
2026-07-27,风向(°),165.0,177.0,153.0,192.0,207.0,183.0,157.0,174.0,196.0,174.0,187.0,204.0,202.0,198.0,203.0,168.0,180.0,139.0,139.0,134.0,136.0,134.0,138.0,134.0
2026-07-27,云量(%),100.0,100.0,100.0,100.0,98.0,100.0,95.0,99.0,100.0,92.0,86.0,98.0,97.0,100.0,100.0,100.0,98.0,91.0,97.0,97.0,90.0,78.0,83.0,61.0
2026-07-27,太阳总辐射(MJ/m²),0.0,0.0,0.0,0.0,0.0,0.0,0.0,0.151,0.601,0.781,1.919,2.225,1.426,1.274,1.033,1.469,1.084,1.13,0.68,0.187,0.0,0.0,0.0,0.0
2026-07-28,气温(℃),26.7,26.6,27.0,26.5,26.1,26.0,26.2,26.6,28.0,28.0,28.3,27.0,26.5,25.8,28.4,28.3,28.7,28.5,27.2,26.7,26.1,25.7,25.1,24.8
2026-07-28,降水量(mm),0.0,0.0,0.0,0.0,0.0,0.0,0.0,0.0,0.0,0.0,0.1,1.2,2.0,4.5,1.0,0.3,0.0,0.0,0.1,0.0,0.1,0.2,0.4,0.5
2026-07-28,风速(km/h),10.8,11.0,10.3,7.9,6.8,7.0,8.2,9.4,13.7,13.4,13.0,12.4,8.3,9.3,10.4,7.1,8.3,9.0,11.0,7.7,9.9,9.9,11.0,6.4
2026-07-28,风向(°),134.0,131.0,139.0,141.0,145.0,140.0,123.0,103.0,120.0,125.0,135.0,144.0,124.0,124.0,100.0,84.0,95.0,92.0,79.0,91.0,53.0,92.0,122.0,133.0
2026-07-28,云量(%),70.0,92.0,95.0,99.0,99.0,99.0,99.0,100.0,99.0,93.0,100.0,100.0,100.0,100.0,100.0,100.0,100.0,98.0,98.0,91.0,100.0,98.0,98.0,99.0
2026-07-28,太阳总辐射(MJ/m²),0.0,0.0,0.0,0.0,0.0,0.0,0.0,0.202,0.731,1.22,1.516,1.379,1.03,0.439,1.13,1.616,1.39,1.249,0.544,0.198,0.0,0.0,0.0,0.0
2026-07-29,气温(℃),25.0,25.1,24.9,24.2,24.4,24.4,24.0,24.2,25.8,25.8,26.6,26.9,26.4,26.5,26.6,27.0,26.2,25.7,25.6,25.5,25.0,25.0,25.1,25.2
2026-07-29,降水量(mm),0.1,0.1,0.8,1.9,1.8,2.3,3.2,4.0,5.5,2.0,1.8,1.4,2.4,3.5,2.5,1.4,2.1,1.8,1.2,1.1,1.3,0.7,0.2,0.2
2026-07-29,风速(km/h),4.5,10.8,13.5,12.5,10.5,10.0,10.0,7.7,17.3,11.8,13.9,12.1,12.3,11.9,10.0,10.7,11.4,10.7,9.3,9.0,8.2,9.8,8.9,8.1
2026-07-29,风向(°),113.0,108.0,113.0,115.0,117.0,129.0,131.0,147.0,104.0,129.0,127.0,117.0,128.0,132.0,124.0,127.0,131.0,107.0,106.0,102.0,116.0,98.0,109.0,84.0
2026-07-29,云量(%),100.0,100.0,100.0,100.0,100.0,100.0,100.0,100.0,98.0,99.0,98.0,100.0,100.0,100.0,100.0,100.0,100.0,100.0,100.0,100.0,100.0,100.0,100.0,100.0
2026-07-29,太阳总辐射(MJ/m²),0.0,0.0,0.0,0.0,0.0,0.0,0.0,0.032,0.126,1.127,1.235,0.994,0.871,1.346,0.432,1.307,0.421,0.32,0.122,0.061,0.0,0.0,0.0,0.0
